rank,name,overall_score,teaching_score,research_score,citations_score,industry_income_score,international_outlook_score,number_students,student_staff_ratio,intl_students,year
1.0,University of Oxford,96.0,111.78,128.61,99.1,67.0,96.3,20300,11.0,0.40,2019
2.0,University of Cambridge,94.8,102.33,116.77,97.1,52.9,94.3,18750,10.9,0.37,2019
3.0,Stanford University,94.7,96.8,109.85,99.9,64.6,79.3,15878,7.4,0.23,2019
4.0,Massachusetts Institute of Technology,94.2,92.88,104.93,99.9,87.6,89.0,11231,8.7,0.34,2019
5.0,California Institute of Technology,94.1,89.84,101.12,99.2,88.2,62.3,2255,6.5,0.29,2019
6.0,Harvard University,93.6,87.35,98.01,99.6,48.7,79.7,20595,9.1,0.26,2019
7.0,Princeton University,92.3,85.25,95.37,99.4,57.3,80.1,7996,8.2,0.24,2019
8.0,Yale University,91.3,83.43,93.09,97.8,51.5,68.3,12318,5.2,0.20,2019
9.0,Imperial College London,90.3,81.82,91.08,97.8,67.3,97.1,16425,11.6,0.56,2019
10.0,The University of Chicago,90.2,80.38,89.28,99.0,41.4,70.9,13562,6.1,0.25,2019
11.0,ETH Zurich,89.3,79.08,87.65,93.8,56.1,98.2,18171,12.3,0.39,2019
12.0,Johns Hopkins University,89.0,77.9,86.17,98.5,95.5,71.9,16146,4.6,0.25,2019
13.0,University of Pennsylvania,89.0,76.81,84.8,98.4,70.3,63.6,20443,6.4,0.20,2019
14.0,UCL,87.8,75.8,83.53,95.9,42.4,95.8,31695,10.6,0.51,2019
15.0,"University of California, Berkeley",87.7,74.85,82.35,99.7,49.3,69.8,36468,13.2,0.17,2019
16.0,Columbia University,87.2,73.97,81.25,98.8,44.8,79.0,26586,6.0,0.37,2019
17.0,"University of California, Los Angeles",86.4,73.15,80.22,97.8,49.4,62.1,39464,9.2,0.17,2019
18.0,Duke University,85.4,72.37,79.24,98.2,100.0,61.0,15037,4.4,0.18,2019
19.0,Cornell University,85.1,71.63,78.32,97.4,36.9,71.8,21904,9.8,0.25,2019
20.0,University of Michigan-Ann Arbor,84.1,70.93,77.44,96.0,45.9,58.0,41831,8.3,0.17,2019
21.0,University of Toronto,84.0,70.27,76.61,92.8,50.3,82.8,72202,19.0,0.19,2019
22.0,Tsinghua University,82.9,69.63,75.81,74.8,99.8,45.8,36912,11.9,0.11,2019
23.0,National University of Singapore,82.4,69.03,75.05,78.9,67.6,95.5,30727,17.4,0.28,2019
24.0,Carnegie Mellon University,82.0,68.45,74.33,99.3,48.1,79.4,13033,13.3,0.47,2019
25.0,Northwestern University,81.7,67.89,73.63,97.8,75.8,63.0,17600,13.0,0.19,2019
26.0,London School of Economics and Political Science,81.3,67.35,72.96,91.0,34.8,92.5,10030,11.8,0.70,2019
27.0,New York University,81.0,66.84,72.31,96.6,38.9,65.0,44433,8.9,0.32,2019
28.0,University of Washington,80.4,66.34,71.69,98.9,47.6,59.3,45476,11.3,0.16,2019
29.0,University of Edinburgh,79.8,65.87,71.09,96.8,38.2,93.3,28155,12.7,0.41,2019
30.0,"University of California, San Diego",79.7,65.4,70.51,98.2,96.0,59.9,31687,12.9,0.20,2019
31.0,Peking University,79.3,64.96,69.95,76.7,48.3,57.5,42547,8.9,0.17,2019
32.0,LMU Munich,78.3,64.52,69.41,90.2,100.0,65.6,35389,36.0,0.16,2019
33.0,University of Melbourne,78.3,64.1,68.89,90.3,74.0,93.1,45030,26.6,0.42,2019
34.0,Georgia Institute of Technology,77.5,63.7,68.38,95.1,62.2,77.1,21903,21.5,0.27,2019
35.0,École Polytechnique Fédérale de Lausanne,76.9,63.3,67.88,92.8,69.1,98.7,10343,11.4,0.57,2019
36.0,University of Hong Kong,76.3,62.92,67.4,73.7,56.5,99.7,18122,18.1,0.43,2019
37.0,University of British Columbia,76.0,62.54,66.93,92.8,42.9,93.9,53566,18.6,0.30,2019
38.0,King’s College London,75.8,62.18,66.48,95.2,45.9,95.3,24295,12.1,0.42,2019
39.0,University of Texas at Austin,75.4,61.83,66.03,94.8,48.7,38.0,48561,17.1,0.10,2019
40.0,Karolinska Institute,74.9,61.48,65.6,96.2,68.6,77.5,7898,9.2,0.19,2019
41.0,The Hong Kong University of Science and Technology,74.5,61.14,65.18,93.9,65.8,98.0,10394,23.6,0.31,2019
42.0,Paris Sciences et Lettres – PSL Research University Paris,74.4,60.82,64.77,82.2,49.8,78.3,20722,11.3,0.26,2019
43.0,The University of Tokyo,74.1,60.49,64.36,61.3,67.2,35.9,25828,7.6,0.11,2019
44.0,University of Wisconsin-Madison,73.9,60.18,63.97,89.9,46.8,45.6,39193,10.5,0.12,2019
45.0,McGill University,73.7,59.87,63.59,86.3,42.3,89.4,31060,13.0,0.28,2019
46.0,Technical University of Munich,73.7,59.57,63.21,88.3,100.0,70.5,39726,50.6,0.24,2019
47.0,Universität Heidelberg,73.2,59.28,62.84,95.9,55.6,65.7,20953,16.6,0.17,2019
48.0,KU Leuven,72.6,58.99,62.49,88.9,99.9,70.1,44719,36.5,0.15,2019
49.0,Australian National University,72.4,58.71,62.13,87.3,49.1,95.0,16840,18.5,0.39,2019
50.0,University of Illinois at Urbana-Champaign,72.3,58.44,61.79,86.7,49.4,53.5,43908,17.9,0.24,2019
51.0,"Nanyang Technological University, Singapore",72.2,58.17,61.45,88.6,83.1,95.4,25738,16.7,0.28,2019
52.0,"University of California, Santa Barbara",71.5,57.9,61.12,98.8,83.4,67.0,23457,27.9,0.16,2019
53.0,Brown University,71.4,57.64,60.79,95.4,36.2,60.4,9082,10.7,0.21,2019
54.0,Chinese University of Hong Kong,71.4,57.39,60.47,84.5,54.1,98.6,17883,18.4,0.33,2019
55.0,Washington University in St Louis,70.9,57.14,60.16,99.1,39.5,56.5,13074,7.3,0.20,2019
56.0,University of North Carolina at Chapel Hill,70.0,56.89,59.85,96.8,42.4,36.8,34226,9.4,0.08,2019
57.0,University of Manchester,69.9,56.65,59.55,87.2,45.0,90.1,36530,14.5,0.39,2019
58.0,Delft University of Technology,69.2,56.41,59.25,70.0,99.6,91.6,17880,20.0,0.29,2019
59.0,"University of California, Davis",68.5,56.18,58.96,85.6,52.7,61.2,37847,13.5,0.13,2019
60.0,The University of Sydney,68.5,55.95,58.67,89.1,68.1,87.8,43333,20.5,0.35,2019
61.0,Wageningen University & Research,68.5,55.73,58.39,96.8,100.0,81.7,13214,20.9,0.29,2019
62.0,University of Amsterdam,67.9,55.5,58.11,92.3,42.9,74.0,23778,12.3,0.12,2019
63.0,Seoul National University,67.5,55.29,57.84,64.2,77.2,35.1,26066,12.3,0.12,2019
64.0,Purdue University West Lafayette,67.4,55.07,57.57,71.1,64.6,71.8,39409,17.0,0.23,2019
65.0,Kyoto University,67.3,54.86,57.31,55.0,95.6,31.1,22420,8.8,0.08,2019
66.0,University of Southern California,67.0,54.65,57.05,93.8,39.2,66.3,35510,11.6,0.25,2019
67.0,Humboldt University of Berlin,66.9,54.45,56.79,72.6,41.8,67.2,33000,59.0,0.17,2019
68.0,Leiden University,66.3,54.24,56.54,87.3,74.6,74.1,26321,18.0,0.13,2019
69.0,The University of Queensland,66.0,54.05,56.29,86.5,70.3,91.7,38187,34.4,0.31,2019
70.0,Erasmus University Rotterdam,65.8,53.85,56.04,97.2,56.8,84.5,22019,19.6,0.22,2019
71.0,University of Minnesota,65.3,53.66,55.8,85.6,79.4,39.4,60620,12.3,0.11,2019
72.0,Ohio State University (Main campus),65.3,53.47,55.56,87.1,52.9,58.3,53540,12.8,0.12,2019
73.0,Sorbonne University,65.1,53.28,55.32,80.6,39.0,67.3,42681,14.3,0.19,2019
74.0,Boston University,65.0,53.09,55.09,96.8,36.5,62.3,25095,8.4,0.27,2019
75.0,Utrecht University,65.0,52.91,54.86,90.7,62.9,63.1,31551,14.3,0.07,2019
76.0,University of Freiburg,64.7,52.73,54.64,85.8,100.0,71.6,22005,44.5,0.22,2019
77.0,McMaster University,64.4,52.55,54.41,94.3,93.5,80.5,24602,27.3,0.16,2019
78.0,University of Bristol,64.3,52.37,54.19,96.1,40.5,86.3,20570,13.2,0.27,2019
79.0,University of Groningen,64.1,52.2,53.97,90.7,79.7,77.5,26183,23.8,0.18,2019
80.0,University of Warwick,64.1,52.03,53.76,87.0,41.5,93.3,19650,13.3,0.41,2019
81.0,Penn State (Main campus),63.8,51.86,53.55,81.1,50.8,46.4,45704,15.0,0.15,2019
82.0,"University of Maryland, College Park",63.7,51.69,53.34,93.2,38.7,41.2,32099,16.2,0.10,2019
83.0,Sungkyunkwan University (SKKU),63.7,51.53,53.13,74.8,96.9,48.8,23359,19.5,0.14,2019
84.0,Emory University,63.6,51.36,52.93,98.4,43.6,56.4,12647,4.2,0.20,2019
85.0,Monash University,63.6,51.2,52.72,83.8,74.1,88.7,49728,34.6,0.35,2019
86.0,Rice University,63.5,51.04,52.52,97.9,44.6,75.1,6554,8.9,0.28,2019
87.0,RWTH Aachen University,63.3,50.89,52.33,71.3,98.8,56.2,44517,61.8,0.19,2019
88.0,Uppsala University,63.3,50.73,52.13,87.7,77.3,67.4,25061,16.9,0.14,2019
89.0,University of Tübingen,63.2,50.58,51.94,84.9,67.0,62.6,28743,39.2,0.14,2019
90.0,Charité - Universitätsmedizin Berlin,63.0,50.42,51.75,93.2,87.8,63.1,6943,17.5,0.19,2019
91.0,University of Montreal,63.0,50.27,51.56,84.6,74.3,85.0,37311,20.3,0.23,2019
92.0,University of Zurich,63.0,50.12,51.37,89.6,53.4,91.4,26340,14.7,0.20,2019
93.0,University of Science and Technology of China,62.9,49.98,51.19,77.1,89.2,32.2,16152,8.4,0.04,2019
94.0,University of Glasgow,62.8,49.83,51.0,93.6,40.1,92.3,24235,15.3,0.36,2019
95.0,Michigan State University,62.8,49.69,50.82,79.8,37.9,62.9,44951,17.0,0.17,2019
96.0,"University of California, Irvine",62.7,49.54,50.64,94.6,60.8,69.3,31089,16.7,0.24,2019
97.0,UNSW Sydney,62.7,49.4,50.47,82.3,52.4,92.6,41358,30.5,0.36,2019
98.0,Lund University,62.5,49.26,50.29,87.4,78.0,77.3,28454,11.8,0.17,2019
99.0,Dartmouth College,62.4,49.12,50.12,95.9,41.3,40.1,6172,6.7,0.15,2019
100.0,University of Helsinki,62.4,48.99,49.95,87.5,37.4,54.4,22418,16.6,0.06,2019
101.0,Zhejiang University,62.2,48.85,49.78,47.9,100.0,53.3,36031,10.9,0.18,2019
102.0,Korea Advanced Institute of Science and Technology (KAIST),61.8,48.72,49.61,67.8,99.9,35.7,9587,10.4,0.09,2019
103.0,University of Basel,61.5,48.58,49.44,90.1,99.4,96.1,12852,18.0,0.27,2019
104.0,Free University of Berlin,61.4,48.45,49.28,57.2,42.4,74.0,35032,56.4,0.21,2019
105.0,Fudan University,61.4,48.32,49.11,68.9,50.2,42.2,34393,12.2,0.11,2019
106.0,University of Sheffield,61.2,48.19,48.95,86.5,43.1,87.2,25575,14.9,0.35,2019
107.0,University of Virginia (Main campus),61.0,48.06,48.79,92.7,44.1,47.7,24295,9.4,0.12,2019
108.0,École Polytechnique,60.8,47.94,48.63,68.2,70.6,94.0,2908,5.6,0.36,2019
109.0,Georgetown University,60.7,47.81,48.47,93.2,64.6,46.9,15801,8.5,0.17,2019
110.0,University of Bern,60.3,47.69,48.32,85.5,83.1,86.5,10967,16.7,0.15,2019
111.0,University of Bonn,60.3,47.56,48.16,89.9,87.4,59.7,37708,70.2,0.13,2019
112.0,City University of Hong Kong,60.3,47.44,48.01,80.6,63.2,99.8,9928,11.2,0.41,2019
113.0,University of Pittsburgh-Pittsburgh campus,60.3,47.32,47.86,95.9,40.4,38.2,26517,5.9,0.11,2019
114.0,University of Colorado Boulder,59.9,47.2,47.71,96.5,39.2,46.4,31625,15.5,0.12,2019
115.0,Durham University,59.9,47.08,47.56,82.0,37.7,90.9,16565,14.8,0.30,2019
116.0,University of Birmingham,59.7,46.96,47.41,91.5,39.8,88.5,28355,15.1,0.28,2019
117.0,University of Copenhagen,59.7,46.85,47.27,90.8,45.8,83.2,32157,4.4,0.16,2019
118.0,University of Southampton,59.6,46.73,47.12,90.2,40.7,93.9,24080,13.9,0.36,2019
119.0,University of York,59.3,46.61,46.98,86.4,36.2,84.9,15195,14.8,0.25,2019
120.0,Trinity College Dublin,59.2,46.5,46.83,79.8,43.4,93.3,16293,21.6,0.28,2019
121.0,University of Oslo,59.1,46.39,46.69,91.2,41.8,73.3,20552,13.3,0.17,2019
122.0,Vanderbilt University,59.1,46.27,46.55,96.6,47.0,41.9,12038,3.1,0.14,2019
123.0,Aarhus University,59.0,46.16,46.41,84.2,63.0,75.3,26867,14.8,0.11,2019
124.0,Arizona State University (Tempe),59.0,46.05,46.27,88.7,38.6,58.6,46362,20.8,0.20,2019
125.0,University of Göttingen,59.0,45.94,46.14,81.2,36.1,59.7,30399,29.6,0.12,2019
126.0,University of Mannheim,59.0,45.83,46.0,82.5,62.5,60.0,10882,74.8,0.17,2019
127.0,Radboud University Nijmegen,59.0,45.73,45.86,88.8,43.0,76.6,19954,17.5,0.15,2019
128.0,Université Catholique de Louvain,58.9,45.62,45.73,82.1,55.1,79.7,25952,39.6,0.21,2019
129.0,Maastricht University,58.9,45.51,45.6,79.6,79.8,97.0,16250,15.8,0.52,2019
130.0,Queen Mary University of London,58.8,45.41,45.47,97.6,43.0,96.1,16435,14.0,0.44,2019
131.0,Technical University of Berlin,58.7,45.3,45.33,67.5,94.2,64.4,22472,64.4,0.22,2019
132.0,University of Alberta,58.5,45.2,45.2,73.0,59.2,86.6,31844,21.0,0.26,2019
133.0,Case Western Reserve University,58.5,45.1,45.08,93.2,40.8,51.5,10412,7.8,0.23,2019
134.0,Nanjing University,58.4,45.0,44.95,71.7,84.0,56.1,34580,15.6,0.09,2019
135.0,The University of Western Australia,58.4,44.89,44.82,88.8,55.0,93.1,18510,21.9,0.26,2019
136.0,University of Adelaide,58.3,44.79,44.69,92.5,61.6,90.9,21339,30.4,0.27,2019
137.0,University of Geneva,58.3,44.69,44.57,81.1,65.2,98.5,16530,15.2,0.39,2019
138.0,University of Hamburg,58.3,44.59,44.45,77.9,98.3,58.4,29584,58.2,0.12,2019
139.0,Karlsruhe Institute of Technology,58.3,44.5,44.32,75.7,92.5,67.1,26593,25.8,0.20,2019
140.0,Pompeu Fabra University,58.3,44.4,44.2,95.7,42.4,64.3,11523,21.3,0.13,2019
141.0,University of Exeter,57.8,44.3,44.08,93.2,36.3,90.3,20285,18.0,0.28,2019
142.0,Pohang University of Science and Technology (POSTECH),57.7,44.2,43.96,77.4,94.3,34.4,3238,10.7,0.04,2019
143.0,Ghent University,57.6,44.11,43.84,77.6,81.5,58.7,35835,35.2,0.10,2019
144.0,University of Vienna,57.6,44.01,43.72,64.7,35.4,94.4,33185,19.3,0.27,2019
145.0,Autonomous University of Barcelona,57.5,43.92,43.6,92.4,41.3,62.2,32223,12.8,0.16,2019
146.0,University of Cologne,57.3,43.83,43.48,83.7,77.9,61.3,37483,37.9,0.15,2019
147.0,Indiana University,57.3,43.73,43.37,78.6,52.8,52.6,65707,13.8,0.16,2019
148.0,Lancaster University,57.3,43.64,43.25,88.0,35.6,93.3,12200,12.8,0.39,2019
149.0,University of Nottingham,57.2,43.55,43.14,80.0,40.8,86.8,29430,14.6,0.30,2019
150.0,Ulm University,57.2,43.46,43.02,92.6,75.8,57.6,10719,28.0,0.13,2019
151.0,TU Dresden,57.0,43.37,42.91,74.8,94.5,55.3,33560,35.1,0.14,2019
152.0,Tufts University,56.8,43.28,42.79,91.2,40.5,55.9,10659,10.1,0.19,2019
153.0,University of Leeds,56.6,43.19,42.68,79.7,39.5,85.5,28675,14.2,0.28,2019
154.0,Sant’Anna School of Advanced Studies – Pisa,56.6,43.1,42.57,82.4,79.5,52.9,737,11.9,0.17,2019
155.0,Stockholm University,56.6,43.01,42.46,87.2,36.5,73.9,31500,23.0,0.08,2019
156.0,University of Cape Town,56.5,42.92,42.35,87.2,87.6,82.4,22137,12.1,0.18,2019
157.0,University of Florida,56.5,42.84,42.24,66.7,62.6,39.9,46555,17.5,0.10,2019
158.0,University of Aberdeen,56.3,42.75,42.13,94.7,46.5,95.0,12210,15.1,0.38,2019
159.0,University of Arizona,56.2,42.66,42.03,85.5,49.4,44.8,39264,13.3,0.09,2019
160.0,Hong Kong Polytechnic University,56.2,42.58,41.92,68.3,43.4,95.7,21977,27.8,0.25,2019
161.0,University of Würzburg,56.2,42.49,41.81,87.3,59.8,57.9,22264,30.3,0.10,2019
162.0,Scuola Normale Superiore di Pisa,56.0,42.41,41.71,75.7,35.2,51.0,539,6.7,0.09,2019
163.0,University of Sussex,56.0,42.32,41.6,90.0,35.7,92.7,13890,16.5,0.39,2019
164.0,University of Rochester,55.9,42.24,41.5,90.8,41.5,63.7,9681,4.2,0.29,2019
165.0,Technical University of Denmark,55.9,42.16,41.39,79.1,64.4,92.3,9116,6.5,0.25,2019
166.0,University of St Andrews,55.8,42.08,41.29,76.4,36.4,96.3,8965,12.7,0.47,2019
167.0,Vrije Universiteit Amsterdam,55.7,41.99,41.19,89.5,54.3,64.2,23919,17.8,0.08,2019
168.0,"University of California, Santa Cruz",55.6,41.91,41.08,99.1,39.5,53.2,17868,23.1,0.05,2019
169.0,Eindhoven University of Technology,55.6,41.83,40.98,66.4,99.6,77.4,8443,19.7,0.19,2019
170.0,University of Leicester,55.6,41.75,40.88,95.2,37.3,91.2,14710,14.0,0.36,2019
171.0,National Taiwan University (NTU),55.5,41.67,40.78,59.4,63.2,34.6,31783,11.5,0.08,2019
172.0,Newcastle University,55.4,41.59,40.68,86.6,41.6,88.2,21500,14.5,0.29,2019
173.0,Texas A&M University,55.4,41.51,40.58,61.1,47.5,53.4,58567,25.8,0.09,2019
174.0,University of Notre Dame,55.3,41.43,40.49,75.5,37.9,53.5,12035,13.7,0.12,2019
175.0,University of Erlangen-Nuremberg,55.2,41.36,40.39,78.6,86.9,52.4,38368,54.9,0.11,2019
176.0,University of Lausanne,54.9,41.28,40.29,77.5,67.3,92.7,11957,9.6,0.23,2019
177.0,University of Ottawa,54.9,41.2,40.19,81.6,43.2,77.0,35002,25.6,0.18,2019
178.0,Rutgers University – New Brunswick,54.9,41.12,40.1,77.4,39.8,50.4,44127,11.2,0.16,2019
179.0,University of Alabama at Birmingham,54.8,41.05,40.0,95.7,65.9,36.6,15744,15.3,0.06,2019
180.0,University of Bologna,54.7,40.97,39.91,82.7,43.9,49.2,66998,23.9,0.11,2019
181.0,Aalto University,54.5,40.9,39.81,79.6,49.6,78.4,12421,19.0,0.23,2019
182.0,George Washington University,54.5,40.82,39.72,85.0,34.5,53.5,22844,13.2,0.17,2019
183.0,University of Liverpool,54.5,40.75,39.62,87.5,39.4,91.5,21590,13.8,0.35,2019
184.0,University of Münster,54.4,40.67,39.53,81.2,51.6,47.8,42974,43.9,0.08,2019
185.0,"Northeastern University, US",54.4,40.6,39.44,96.3,37.2,74.0,19191,13.8,0.33,2019
186.0,University of Twente,54.4,40.52,39.35,64.5,81.6,89.3,7149,13.5,0.30,2019
187.0,Cardiff University,54.2,40.45,39.25,86.3,37.2,82.7,24245,12.8,0.26,2019
188.0,KTH Royal Institute of Technology,54.2,40.38,39.16,66.4,50.4,86.3,12486,15.4,0.18,2019
189.0,University of Konstanz,54.1,40.31,39.07,74.2,69.6,63.7,11288,52.3,0.12,2019
190.0,Shanghai Jiao Tong University,54.1,40.23,38.98,46.2,78.5,49.9,40711,11.0,0.09,2019
191.0,University of Duisburg-Essen,54.0,40.16,38.89,91.9,71.2,58.9,42931,54.7,0.18,2019
192.0,University of East Anglia,54.0,40.09,38.8,96.2,35.3,87.4,13985,13.6,0.29,2019
193.0,Western University,54.0,40.02,38.72,78.0,59.8,77.6,29732,22.9,0.17,2019
194.0,Aalborg University,53.9,39.95,38.63,88.9,47.1,73.9,16021,13.7,0.14,2019
195.0,Paris Diderot University – Paris 7,53.9,39.88,38.54,93.1,34.0,72.0,28918,15.0,0.20,2019
196.0,University of Technology Sydney,53.6,39.81,38.45,76.4,52.2,95.4,25637,43.4,0.36,2019
197.0,University of Bergen,53.3,39.74,38.36,94.0,36.5,77.9,13116,12.3,0.14,2019
198.0,Korea University,53.2,39.67,38.28,58.1,98.3,50.7,22705,15.6,0.21,2019
199.0,University of Calgary,53.1,39.6,38.19,84.1,55.7,76.6,27489,15.7,0.19,2019
200.0,University of Antwerp,54.34,39.53,38.11,75.2,74.5,67.9,15096,29.6,0.16,2019
201.0,University of Auckland,54.28,39.47,38.02,76.5,61.6,91.7,30041,18.4,0.30,2019
202.0,University of Barcelona,54.22,39.4,37.94,85.1,40.1,52.6,46002,11.9,0.10,2019
203.0,University of Bath,54.16,39.33,37.85,77.8,38.2,89.8,13200,16.6,0.33,2019
204.0,Bielefeld University,54.11,39.26,37.77,79.3,53.4,46.4,24255,64.3,0.08,2019
205.0,Brandeis University,54.05,39.2,37.68,99.9,34.6,52.4,5385,12.5,0.26,2019
206.0,University at Buffalo,54.0,39.13,37.6,73.1,43.3,63.8,25419,17.1,0.17,2019
207.0,"University of California, Riverside",53.94,39.07,37.52,92.0,41.0,65.6,20864,19.6,0.14,2019
208.0,Chalmers University of Technology,53.89,39.0,37.44,60.7,71.0,81.5,9257,12.4,0.17,2019
209.0,Copenhagen Business School,53.83,38.93,37.35,88.0,41.3,92.2,17003,30.6,0.25,2019
210.0,University of Dundee,53.78,38.87,37.27,94.1,46.8,80.3,10960,15.5,0.23,2019
211.0,École des Ponts ParisTech,53.72,38.8,37.19,76.8,59.8,82.7,1943,13.4,0.47,2019
212.0,École Normale Supérieure de Lyon,53.67,38.74,37.11,70.3,43.7,64.9,2207,8.2,0.13,2019
213.0,University of Fribourg,53.61,38.68,37.03,73.3,60.3,87.5,10850,45.6,0.18,2019
214.0,University of Gothenburg,53.56,38.61,36.95,92.0,39.4,62.9,18873,9.9,0.12,2019
215.0,University of Hawai’i at Mānoa,53.51,38.55,36.87,75.0,50.6,64.4,15750,11.0,0.11,2019
216.0,Hebrew University of Jerusalem,53.45,38.49,36.79,64.9,40.6,59.4,16492,11.5,0.05,2019
217.0,University of Hohenheim,53.4,38.42,36.71,86.0,56.8,54.5,9373,41.8,0.15,2019
218.0,University of Iowa,53.35,38.36,36.63,81.3,54.6,37.1,27897,12.3,0.13,2019
219.0,James Cook University,53.29,38.3,36.56,91.9,41.9,75.4,11882,22.3,0.12,2019
220.0,University of Kiel,53.24,38.23,36.48,92.8,34.0,54.1,25957,22.2,0.08,2019
221.0,King Abdulaziz University,53.19,38.17,36.4,99.0,77.2,92.9,33111,8.0,0.21,2019
222.0,Université Libre de Bruxelles,53.14,38.11,36.32,79.9,43.6,85.9,26936,35.9,0.35,2019
223.0,University of Luxembourg,53.09,38.05,36.25,87.7,42.8,99.7,4969,16.5,0.57,2019
224.0,Macquarie University,53.04,37.99,36.17,71.3,46.2,81.6,28729,43.8,0.26,2019
225.0,University of Massachusetts,52.99,37.93,36.09,89.5,50.0,58.4,59906,12.8,0.14,2019
226.0,Medical University of Graz,52.93,37.87,36.02,89.0,63.3,73.2,3368,10.7,0.23,2019
227.0,Medical University of Vienna,52.88,37.81,35.94,90.5,49.7,78.8,7086,7.9,0.29,2019
228.0,University of Miami,52.83,37.75,35.87,86.2,39.3,60.4,15923,5.9,0.16,2019
229.0,University of Otago,52.78,37.69,35.79,82.6,37.4,89.5,18283,20.1,0.20,2019
230.0,University of Padua,52.73,37.63,35.72,83.7,37.5,42.4,43289,20.9,0.04,2019
231.0,Paris-Sud University,52.68,37.57,35.64,87.6,34.3,64.5,29509,16.3,0.17,2019
232.0,University of Passau,52.63,37.51,35.57,89.1,44.3,57.0,10465,72.2,0.11,2019
233.0,University of Potsdam,52.58,37.45,35.5,74.3,43.1,55.3,19294,56.8,0.10,2019
234.0,Queen’s University Belfast,52.54,37.39,35.42,87.6,38.7,96.3,17655,16.9,0.35,2019
235.0,Queensland University of Technology,52.49,37.34,35.35,81.3,56.7,79.9,33931,35.3,0.16,2019
236.0,RCSI University of Medicine and Health Sciences,52.44,37.28,35.28,91.3,45.7,91.5,2202,19.1,0.68,2019
237.0,University of Reading,52.39,37.22,35.21,75.8,39.0,91.2,13395,14.3,0.33,2019
238.0,University of South Australia,52.34,37.16,35.13,68.1,79.7,92.9,17465,26.1,0.44,2019
239.0,University of Tampere,52.29,37.11,35.06,91.0,50.7,43.7,9484,21.8,0.05,2019
240.0,Tel Aviv University,52.25,37.05,34.99,64.4,43.5,51.2,22878,22.9,0.05,2019
241.0,Tilburg University,52.2,36.99,34.92,66.2,54.3,76.6,7666,21.2,0.14,2019
242.0,Ulsan National Institute of Science and Technology (UNIST),52.15,36.94,34.85,96.3,70.1,49.7,4255,13.5,0.08,2019
243.0,University College Dublin,52.1,36.88,34.78,76.4,40.6,91.3,22081,23.5,0.27,2019
244.0,University of Utah,52.06,36.82,34.71,88.9,40.7,33.4,30036,14.1,0.09,2019
245.0,Vita-Salute San Raffaele University,52.01,36.77,34.64,97.1,35.1,46.0,2745,7.3,0.05,2019
246.0,University of Waterloo,51.96,36.71,34.57,69.3,43.3,82.4,32395,23.7,0.18,2019
247.0,William & Mary,51.92,36.66,34.5,86.7,34.6,34.5,8098,11.8,0.09,2019
248.0,University of the Witwatersrand,51.87,36.6,34.43,81.0,100.0,74.2,28279,26.1,0.08,2019
249.0,University of Wollongong,51.82,36.55,34.36,75.7,52.8,90.9,18209,31.2,0.26,2019
250.0,Yonsei University (Seoul campus),51.78,36.49,34.29,50.6,97.2,56.9,17875,14.7,0.22,2019
251.0,Brighton and Sussex Medical School,51.73,36.44,34.23,100.0,34.0,74.2,795,11.4,0.15,2019
252.0,University of Canberra,51.69,36.38,34.16,95.0,37.4,68.0,10098,29.2,0.29,2019
253.0,University of Cincinnati – Uptown,51.64,36.33,34.09,82.6,40.5,39.8,28049,20.5,0.09,2019
254.0,Clark University,51.6,36.28,34.02,89.2,34.3,58.9,3136,11.9,0.25,2019
255.0,Colorado School of Mines,51.55,36.22,33.96,84.4,50.5,42.7,5556,16.7,0.12,2019
256.0,Dalhousie University,51.51,36.17,33.89,79.0,45.6,83.7,15150,14.7,0.21,2019
257.0,University of Delaware,51.46,36.12,33.82,77.4,91.5,46.2,20348,16.9,0.10,2019
258.0,University of Essex,51.42,36.06,33.76,68.3,34.8,96.6,11130,15.7,0.41,2019
259.0,Flinders University,51.37,36.01,33.69,78.7,37.6,86.7,15939,24.1,0.31,2019
260.0,Florida State University,51.33,35.96,33.62,70.9,39.5,43.0,38661,24.5,0.07,2019
261.0,Goethe University Frankfurt,51.28,35.9,33.56,76.5,43.8,59.1,45826,19.9,0.15,2019
262.0,Griffith University,51.24,35.85,33.49,79.9,42.8,82.9,31574,22.2,0.19,2019
263.0,University of Iceland,51.2,35.8,33.43,86.9,57.9,62.6,8276,14.1,0.11,2019
264.0,University of Illinois Chicago,51.15,35.75,33.36,71.4,42.7,55.3,25705,11.2,0.19,2019
265.0,Indian Institute of Science,51.11,35.7,33.3,41.7,50.7,20.2,4071,9.4,0.01,2019
266.0,Constructor University,51.07,35.65,33.23,62.4,60.0,83.1,1114,16.6,0.69,2019
267.0,Johannes Gutenberg University of Mainz,51.02,35.59,33.17,80.3,64.0,55.8,32359,28.0,0.11,2019
268.0,Université Laval,50.98,35.54,33.11,69.9,58.8,68.7,29588,16.9,0.13,2019
269.0,University of Marburg,50.94,35.49,33.04,81.6,38.8,50.9,25942,35.7,0.10,2019
270.0,University of Navarra,50.9,35.44,32.98,82.0,66.6,63.2,10717,14.7,0.20,2019
271.0,North Carolina State University,50.85,35.39,32.92,69.8,43.4,55.9,30190,12.8,0.14,2019
272.0,Oregon Health and Science University,50.81,35.34,32.85,99.5,45.0,25.6,2899,1.0,0.03,2019
273.0,Osaka University,50.77,35.29,32.79,35.7,58.4,33.4,23173,7.8,0.10,2019
274.0,University of Oulu,50.73,35.24,32.73,75.1,42.0,53.7,9764,23.5,0.07,2019
275.0,Queen’s University,50.68,35.19,32.67,65.5,44.7,65.3,22884,24.7,0.12,2019
276.0,"Royal Holloway, University of London",50.64,35.14,32.6,80.0,37.3,92.9,9100,14.9,0.39,2019
277.0,Ruhr University Bochum,50.6,35.09,32.54,59.9,56.7,53.8,42425,61.2,0.14,2019
278.0,"St George’s, University of London",50.56,35.04,32.48,99.1,36.5,73.2,3240,15.4,0.19,2019
279.0,University of São Paulo,50.52,35.0,32.42,37.0,39.5,32.7,82962,15.3,0.04,2019
280.0,Sapienza University of Rome,50.48,34.95,32.36,70.4,44.2,39.6,68282,21.8,0.06,2019
281.0,Simon Fraser University,50.44,34.9,32.3,75.4,47.0,91.2,26313,27.3,0.30,2019
282.0,University of Southern Denmark,50.4,34.85,32.24,86.5,68.1,79.1,25975,14.3,0.16,2019
283.0,University of South Florida (Tampa),50.36,34.8,32.18,76.1,87.2,50.7,33413,18.8,0.13,2019
284.0,Stony Brook University,50.32,34.75,32.12,83.8,35.7,70.2,23722,10.6,0.23,2019
285.0,University of Stuttgart,50.28,34.71,32.06,56.1,62.6,53.1,26697,47.1,0.20,2019
286.0,University of Surrey,50.24,34.66,32.0,72.2,47.7,93.2,11985,15.7,0.40,2019
287.0,Swansea University,50.2,34.61,31.94,91.1,36.2,82.0,14980,16.6,0.23,2019
288.0,Swedish University of Agricultural Sciences,50.16,34.56,31.88,78.3,95.7,47.2,3745,4.4,0.04,2019
289.0,Syracuse University,50.12,34.52,31.82,79.2,40.6,48.3,20277,16.0,0.20,2019
290.0,Technical University of Darmstadt,50.08,34.47,31.76,58.0,87.9,56.4,18221,40.7,0.16,2019
291.0,University of Texas at Dallas,50.04,34.42,31.7,87.5,41.6,59.5,20787,21.6,0.25,2019
292.0,Tohoku University,50.0,34.37,31.64,46.1,71.9,37.0,17687,5.5,0.11,2019
293.0,Tokyo Institute of Technology,49.96,34.33,31.58,39.9,68.1,39.4,9612,7.5,0.14,2019
294.0,University of Trento,49.92,34.28,31.53,85.2,41.3,58.2,12856,20.2,0.08,2019
295.0,TU Wien,49.88,34.23,31.47,52.7,66.7,82.9,17827,34.0,0.29,2019
296.0,Virginia Polytechnic Institute and State University,49.84,34.19,31.41,70.2,48.2,52.4,32296,18.5,0.14,2019
297.0,Vrije Universiteit Brussel,49.8,34.14,31.35,66.4,57.9,74.1,11101,27.8,0.22,2019
298.0,Wake Forest University,49.76,34.1,31.29,87.8,44.1,29.3,7588,4.0,0.07,2019
299.0,Aix-Marseille University,49.73,34.05,31.24,68.4,37.4,58.7,69147,17.1,0.11,2019
300.0,University of Alaska Fairbanks,49.69,34.01,31.18,76.9,44.9,53.4,3667,8.4,0.06,2019
301.0,Alfaisal University,49.65,33.96,31.12,78.1,53.6,98.7,2407,10.6,0.40,2019
302.0,American University,49.61,33.92,31.07,76.6,39.4,33.5,10790,10.8,0.13,2019
303.0,Anglia Ruskin University (ARU),49.57,33.87,31.01,98.7,34.7,79.0,16500,22.4,0.28,2019
304.0,Auckland University of Technology,49.54,33.83,30.95,91.4,35.6,96.0,18160,17.5,0.44,2019
305.0,University of Bayreuth,49.5,33.78,30.9,65.6,56.8,55.2,12784,36.7,0.08,2019
306.0,"Birkbeck, University of London",49.46,33.74,30.84,66.9,34.2,87.5,8240,16.2,0.40,2019
307.0,Boston College,49.42,33.69,30.79,72.3,45.2,57.6,13035,15.9,0.14,2019
308.0,University of Bremen,49.39,33.65,30.73,60.4,48.5,53.8,19173,31.4,0.11,2019
309.0,University of Canterbury,49.35,33.6,30.68,74.9,36.7,92.1,12492,17.2,0.22,2019
310.0,University of Colorado Denver/Anschutz Medical Campus,49.31,33.56,30.62,96.1,34.0,28.8,17853,5.4,0.07,2019
311.0,University of Connecticut,49.27,33.51,30.56,67.3,37.1,46.1,30356,14.6,0.08,2019
312.0,Curtin University,49.24,33.47,30.51,74.8,41.6,94.9,30904,18.3,0.35,2019
313.0,Cyprus University of Technology,49.2,33.43,30.46,95.5,35.3,70.6,3114,17.7,0.08,2019
314.0,University of Denver,49.16,33.38,30.4,76.2,35.3,28.0,9421,13.2,0.10,2019
315.0,Federal University of Toulouse Midi-Pyrénées,49.13,33.34,30.35,64.5,37.4,72.1,101658,25.0,0.18,2019
316.0,George Mason University,49.09,33.3,30.29,79.3,35.3,44.1,28261,17.7,0.09,2019
317.0,Grenoble Alpes University,49.06,33.25,30.24,75.1,35.6,59.4,40758,17.5,0.13,2019
318.0,Heriot-Watt University,49.02,33.21,30.18,73.0,41.2,94.1,9160,16.8,0.38,2019
319.0,University of Houston,48.98,33.17,30.13,61.6,38.3,42.1,42962,43.6,0.10,2019
320.0,Khalifa University,48.95,33.13,30.08,65.3,100.0,96.4,3288,8.1,0.28,2019
321.0,La Trobe University,48.91,33.08,30.02,65.4,54.1,81.7,21203,34.8,0.28,2019
322.0,University of Liège,48.88,33.04,29.97,60.1,98.2,69.8,20730,26.5,0.21,2019
323.0,University of Malaya,48.84,33.0,29.92,59.1,52.3,85.0,17095,8.9,0.23,2019
324.0,University of Milan,48.81,32.96,29.87,76.5,44.0,42.1,46843,23.0,0.06,2019
325.0,Montpellier University,48.77,32.91,29.81,73.0,37.0,60.3,39837,19.9,0.14,2019
326.0,Nagoya University,48.73,32.87,29.76,42.4,77.9,31.4,15630,9.2,0.10,2019
327.0,University of Naples Federico II,48.7,32.83,29.71,77.7,38.0,29.9,49789,20.5,0.01,2019
328.0,University of Galway,48.66,32.79,29.66,71.9,44.9,80.5,13888,26.8,0.18,2019
329.0,University of Newcastle,48.63,32.75,29.6,74.1,57.0,82.3,22220,20.9,0.17,2019
330.0,University of New Mexico (Main campus),48.6,32.71,29.55,78.7,37.3,32.0,21506,18.8,0.05,2019
331.0,Oregon State University,48.56,32.66,29.5,71.2,38.1,51.1,24280,16.2,0.11,2019
332.0,University of Pisa,48.53,32.62,29.45,79.5,40.8,39.9,32751,22.1,0.05,2019
333.0,Politecnico di Milano,48.49,32.58,29.4,63.3,68.9,57.4,33663,24.2,0.15,2019
334.0,Reykjavík University,48.46,32.54,29.35,99.9,36.2,62.7,3110,27.2,0.07,2019
335.0,Stellenbosch University,48.42,32.5,29.3,65.8,60.4,54.0,23750,26.0,0.08,2019
336.0,Sun Yat-sen University,48.39,32.46,29.24,60.8,55.8,34.3,51061,16.2,0.09,2019
337.0,University of Tartu,48.35,32.42,29.19,81.1,36.8,51.9,8518,11.3,0.06,2019
338.0,Technion Israel Institute of Technology,48.32,32.38,29.14,59.3,42.6,64.1,14703,21.8,0.05,2019
339.0,The University of Tennessee-Knoxville,48.29,32.34,29.09,82.2,41.3,44.7,25720,16.7,0.05,2019
340.0,TU Dortmund University,48.25,32.3,29.04,59.6,44.9,43.7,33665,102.0,0.10,2019
341.0,Tulane University,48.22,32.26,28.99,73.1,37.0,41.1,11120,10.5,0.11,2019
342.0,Umeå University,48.19,32.22,28.94,80.9,36.9,62.5,16762,11.9,0.11,2019
343.0,University College Cork,48.15,32.18,28.89,68.9,49.9,80.1,16578,22.2,0.18,2019
344.0,Université de Versailles Saint-Quentin-en-Yvelines,48.12,32.14,28.84,94.2,35.7,62.2,16817,24.1,0.14,2019
345.0,Victoria University,48.09,32.1,28.79,78.0,41.8,74.8,15153,31.1,0.19,2019
346.0,University of Victoria,48.05,32.06,28.74,71.6,43.0,86.5,19286,23.4,0.21,2019
347.0,Washington State University,48.02,32.02,28.69,75.2,51.5,48.3,27689,19.3,0.08,2019
348.0,Wayne State University,47.99,31.98,28.64,82.2,43.9,38.1,22123,11.0,0.09,2019
349.0,Wuhan University,47.95,31.94,28.6,47.1,87.3,40.4,50015,14.2,0.08,2019
350.0,Aberystwyth University,47.92,31.9,28.55,67.8,37.9,75.0,7165,15.7,0.18,2019
351.0,Aston University,47.89,31.86,28.5,65.2,36.0,93.2,9925,21.6,0.29,2019
352.0,Autonomous University of Madrid,47.86,31.83,28.45,64.8,37.8,51.1,29532,13.4,0.14,2019
353.0,"University of California, Merced",47.82,31.79,28.4,96.4,37.8,40.1,6680,19.3,0.08,2019
354.0,"City, University of London",47.79,31.75,28.35,67.5,35.4,94.5,14065,18.6,0.53,2019
355.0,University of Côte d’Azur,47.76,31.71,28.3,74.5,38.8,82.4,35112,21.8,0.23,2019
356.0,University of Crete,47.73,31.67,28.26,87.9,39.8,47.6,14890,27.8,0.04,2019
357.0,University of Cyprus,47.69,31.63,28.21,68.0,49.0,79.8,6861,22.7,0.10,2019
358.0,Deakin University,47.66,31.6,28.16,67.9,38.3,81.3,37330,30.3,0.19,2019
359.0,Drexel University,47.63,31.56,28.11,67.9,40.6,50.7,19650,10.5,0.18,2019
360.0,University of Eastern Finland,47.6,31.52,28.07,75.4,38.2,50.8,11572,18.7,0.07,2019
361.0,Free University of Bozen-Bolzano,47.57,31.48,28.02,87.2,34.5,74.5,3445,11.4,0.11,2019
362.0,Hanyang University,47.53,31.44,27.97,44.1,86.1,59.8,20010,14.8,0.19,2019
363.0,Hofstra University,47.5,31.41,27.92,84.7,34.0,29.4,9813,13.6,0.10,2019
364.0,Huazhong University of Science and Technology,47.47,31.37,27.88,57.1,75.2,24.6,56282,16.6,0.05,2019
365.0,IMT Atlantique,47.44,31.33,27.83,59.8,90.4,75.6,1664,8.0,0.45,2019
366.0,University of Innsbruck,47.41,31.29,27.78,71.1,43.7,97.4,14524,13.0,0.39,2019
367.0,Iowa State University,47.38,31.26,27.74,63.7,49.5,55.5,31931,18.3,0.12,2019
368.0,Jordan University of Science and Technology,47.35,31.22,27.69,98.3,36.9,63.6,22318,12.1,0.19,2019
369.0,Justus Liebig University Giessen,47.31,31.18,27.64,59.3,40.7,53.3,28389,47.0,0.09,2019
370.0,University of Kansas,47.28,31.15,27.6,65.6,41.9,33.6,24450,9.9,0.09,2019
371.0,University of Kent,47.25,31.11,27.55,69.8,34.4,90.8,17370,13.1,0.30,2019
372.0,Kyung Hee University,47.22,31.07,27.51,50.3,86.9,64.7,22013,16.9,0.23,2019
373.0,Linköping University,47.19,31.04,27.46,79.1,43.8,64.0,18221,8.2,0.11,2019
374.0,University of Macau,47.16,31.0,27.41,60.3,45.4,99.3,9893,15.2,0.36,2019
375.0,Maynooth University,47.13,30.96,27.37,73.1,37.1,78.9,8768,27.6,0.12,2019
376.0,University of Modena and Reggio Emilia,47.1,30.93,27.32,78.4,41.3,39.2,16137,22.2,0.06,2019
377.0,Nankai University,47.07,30.89,27.28,75.1,43.1,32.3,28336,13.7,0.06,2019
378.0,University of Nebraska-Lincoln,47.04,30.85,27.23,66.5,39.5,54.7,22728,16.6,0.12,2019
379.0,Norwegian University of Science and Technology,47.01,30.82,27.19,67.8,37.9,60.8,34803,16.2,0.09,2019
380.0,University of Perugia,46.98,30.78,27.14,90.8,45.4,44.3,23401,34.4,0.05,2019
381.0,Rensselaer Polytechnic Institute,46.95,30.75,27.1,67.1,68.3,49.9,7459,15.4,0.19,2019
382.0,Rush University,46.92,30.71,27.05,90.4,39.5,20.0,2426,1.4,0.01,2019
383.0,Sabancı University,46.89,30.68,27.01,56.3,95.5,48.4,3632,22.0,0.10,2019
384.0,University of Salerno,46.86,30.64,26.96,93.9,37.7,33.1,23171,24.3,0.02,2019
385.0,University of Siena,46.83,30.6,26.92,69.7,36.6,42.5,12143,13.8,0.07,2019
386.0,University of Stirling,46.8,30.57,26.87,75.9,35.6,78.7,9185,16.0,0.22,2019
387.0,University of Tasmania,46.77,30.53,26.83,60.2,50.6,86.2,11920,15.0,0.26,2019
388.0,Temple University,46.74,30.5,26.79,83.2,37.1,37.5,34450,9.1,0.09,2019
389.0,University of Turku,46.71,30.46,26.74,73.8,36.5,52.0,12604,16.3,0.06,2019
390.0,United Arab Emirates University,46.68,30.43,26.7,69.5,47.4,94.3,7494,9.2,0.24,2019
391.0,University of Vermont,46.65,30.39,26.65,81.4,47.1,28.7,11126,8.7,0.05,2019
392.0,Western Sydney University,46.62,30.36,26.61,76.4,39.7,79.8,32461,33.2,0.14,2019
393.0,York University,46.59,30.32,26.57,47.9,42.5,75.3,46220,41.5,0.24,2019
394.0,The University of Alabama,46.56,30.29,26.52,79.2,34.8,29.0,34539,22.3,0.05,2019
395.0,University of Alabama in Huntsville,46.53,30.25,26.48,67.1,68.2,44.8,5969,14.1,0.09,2019
396.0,American University of Beirut,46.51,30.22,26.44,66.2,39.3,88.3,8214,8.6,0.21,2019
397.0,Australian Catholic University,46.48,30.19,26.39,62.0,39.4,71.7,23078,42.4,0.11,2019
398.0,Bangor University,46.45,30.15,26.35,67.7,35.6,81.6,9275,18.9,0.24,2019
399.0,University of Bari Aldo Moro,46.42,30.12,26.31,82.1,37.4,32.0,30273,20.6,0.01,2019
400.0,Bar-Ilan University,46.39,30.08,26.27,52.3,52.9,53.3,16637,17.7,0.05,2019
401.0,University of Bordeaux,46.36,30.05,26.22,66.8,36.5,56.9,54484,21.3,0.13,2019
402.0,Brunel University London,46.33,30.01,26.18,57.3,38.2,94.8,10980,15.9,0.38,2019
403.0,University of Calabria,46.3,29.98,26.14,72.9,89.3,37.7,29008,33.3,0.02,2019
404.0,University of Campinas,46.28,29.95,26.1,33.4,44.6,28.6,27936,14.5,0.04,2019
405.0,Catholic University of the Sacred Heart,46.25,29.91,26.05,69.3,43.6,44.8,30690,22.2,0.09,2019
406.0,Centrale Nantes,46.22,29.88,26.01,44.3,80.6,82.8,1656,16.0,0.43,2019
407.0,CentraleSupélec,46.19,29.85,25.97,53.9,65.6,83.8,4339,12.1,0.32,2019
408.0,Charles University,46.16,29.81,25.93,55.9,34.4,57.4,49236,12.9,0.17,2019
409.0,Claude Bernard University Lyon 1,46.14,29.78,25.89,63.5,38.6,55.7,26034,12.3,0.13,2019
410.0,"Colorado State University, Fort Collins",46.11,29.75,25.84,68.1,39.1,38.4,25374,16.5,0.06,2019
411.0,Complutense University of Madrid,46.08,29.71,25.8,42.7,35.6,44.3,64466,20.1,0.14,2019
412.0,University of Desarrollo,46.05,29.68,25.76,94.3,35.5,45.6,15925,18.0,0.02,2019
413.0,Diego Portales University,46.02,29.65,25.72,90.1,34.0,51.2,16802,14.6,0.02,2019
414.0,Dublin City University,46.0,29.61,25.68,52.0,48.8,78.7,9748,27.3,0.14,2019
415.0,University of Ferrara,45.97,29.58,25.64,74.8,38.4,43.7,14464,24.4,0.07,2019
416.0,University of Florence,45.94,29.55,25.6,68.2,39.9,41.4,35055,20.5,0.07,2019
417.0,Florida International University,45.91,29.52,25.55,61.8,37.0,38.3,33394,23.9,0.08,2019
418.0,University of Genoa,45.89,29.48,25.51,66.0,42.1,43.2,23547,18.9,0.09,2019
419.0,University of Georgia,45.86,29.45,25.47,59.0,36.6,43.9,34707,16.6,0.08,2019
420.0,Georgia State University,45.83,29.42,25.43,62.3,34.4,38.1,33233,16.1,0.05,2019
421.0,Graz University of Technology,45.8,29.39,25.39,57.3,70.8,77.3,6403,10.2,0.19,2019
422.0,University of Greifswald,45.78,29.35,25.35,61.1,37.6,47.0,10414,19.7,0.06,2019
423.0,Gwangju Institute of Science and Technology (GIST),45.75,29.32,25.31,38.3,69.4,34.2,1964,11.6,0.06,2019
424.0,Hamburg University of Technology,45.72,29.29,25.27,47.8,78.2,50.8,7452,50.7,0.18,2019
425.0,Harbin Institute of Technology,45.7,29.26,25.23,39.5,98.4,35.0,30116,9.9,0.10,2019
426.0,Hasselt University,45.67,29.22,25.19,55.3,54.1,67.6,5256,32.4,0.12,2019
427.0,Hokkaido University,45.64,29.19,25.15,34.9,59.0,35.3,18114,7.9,0.10,2019
428.0,Hong Kong Baptist University,45.61,29.16,25.11,64.2,36.6,98.0,10872,10.5,0.31,2019
429.0,Indian Institute of Technology Bombay,45.59,29.13,25.07,47.0,71.9,19.6,10001,17.1,0.01,2019
430.0,Indian Institute of Technology Roorkee,45.56,29.1,25.03,53.4,82.9,16.2,7925,17.4,0.02,2019
431.0,JSS Academy of Higher Education and Research,45.53,29.07,24.99,80.8,35.1,25.7,5421,8.6,0.08,2019
432.0,University of Jyväskylä,45.51,29.03,24.95,59.7,36.0,51.5,10338,15.9,0.05,2019
433.0,University of Kaiserslautern,45.48,29.0,24.91,49.2,69.6,49.9,14648,53.9,0.16,2019
434.0,University of Kentucky,45.46,28.97,24.87,55.2,39.1,36.6,27299,14.5,0.05,2019
435.0,Koç University,45.43,28.94,24.83,55.1,79.4,53.8,5378,15.7,0.08,2019
436.0,University of KwaZulu-Natal,45.4,28.91,24.79,60.9,38.3,55.9,35451,28.4,0.05,2019
437.0,Kyushu University,45.38,28.88,24.75,34.0,77.3,37.0,18647,8.3,0.12,2019
438.0,Leibniz University Hannover,45.35,28.85,24.72,46.5,48.0,45.7,26318,44.4,0.12,2019
439.0,University of Lille,45.32,28.81,24.68,64.1,38.6,58.5,66710,28.2,0.12,2019
440.0,Loughborough University,45.3,28.78,24.64,51.4,38.5,79.6,14225,14.7,0.24,2019
441.0,University of Manitoba,45.27,28.75,24.6,63.8,41.6,53.0,29260,28.4,0.16,2019
442.0,Marche Polytechnic University,45.25,28.72,24.56,73.6,40.5,30.5,10850,20.9,0.04,2019
443.0,Middlesex University,45.22,28.69,24.52,77.3,34.2,88.7,15135,18.0,0.46,2019
444.0,University of Milan-Bicocca,45.19,28.66,24.48,79.0,38.1,43.5,26508,30.4,0.06,2019
445.0,University of Montana,45.17,28.63,24.44,68.0,34.6,26.6,8957,16.1,0.03,2019
446.0,Murdoch University,45.14,28.6,24.41,62.0,42.1,90.8,15723,30.9,0.43,2019
447.0,National Taiwan University of Science and Technology (Taiwan Tech),45.12,28.57,24.37,37.6,66.2,39.3,8087,18.9,0.13,2019
448.0,National Tsing Hua University,45.09,28.54,24.33,55.8,50.6,33.2,16037,15.6,0.08,2019
449.0,University of Nebraska Medical Center,45.07,28.51,24.29,60.6,37.8,43.8,2806,2.3,0.08,2019
450.0,New Mexico Institute of Mining and Technology,45.04,28.48,24.25,85.1,57.7,60.6,1791,6.3,0.09,2019
451.0,Northern Arizona University,45.01,28.45,24.22,87.0,34.2,30.0,27449,26.6,0.05,2019
452.0,Northumbria University,44.99,28.42,24.18,78.7,34.6,70.5,22085,17.9,0.16,2019
453.0,University of Oklahoma,44.96,28.39,24.14,68.5,38.8,38.7,27352,10.3,0.07,2019
454.0,Örebro University,44.94,28.36,24.1,86.3,35.3,38.3,9437,19.4,0.02,2019
455.0,University of Pavia,44.91,28.33,24.06,73.0,53.8,46.1,24032,39.2,0.07,2019
456.0,University of Plymouth,44.89,28.3,24.03,69.7,34.5,69.4,17900,17.5,0.15,2019
457.0,Polytechnic University of Bari,44.86,28.27,23.99,91.8,36.5,29.4,6107,23.6,0.01,2019
458.0,Polytechnic University of Turin,44.84,28.24,23.95,66.9,50.5,47.3,31008,30.4,0.14,2019
459.0,University of Porto,44.81,28.21,23.92,55.7,38.8,50.5,31855,18.9,0.12,2019
460.0,University of Portsmouth,44.79,28.18,23.88,69.3,34.3,86.1,19305,15.4,0.26,2019
461.0,Qatar University,44.76,28.15,23.84,62.5,53.1,99.8,14395,17.5,0.43,2019
462.0,RMIT University,44.74,28.12,23.8,58.5,40.9,89.6,32151,20.2,0.27,2019
463.0,University of Rome II – Tor Vergata,44.71,28.09,23.77,74.6,36.3,45.3,34899,19.2,0.07,2019
464.0,University of Rome III,44.69,28.06,23.73,70.3,37.6,39.9,32615,52.7,0.04,2019
465.0,Rovira i Virgili University,44.66,28.03,23.69,76.2,36.0,49.1,12709,12.7,0.10,2019
466.0,Royal Veterinary College,44.64,28.0,23.66,69.0,40.1,84.7,1965,10.3,0.17,2019
467.0,University of St Gallen,44.62,27.97,23.62,57.6,43.0,96.3,7495,11.7,0.35,2019
468.0,University of Saskatchewan,44.59,27.94,23.58,43.6,75.0,70.7,16884,16.7,0.19,2019
469.0,Sciences Po,44.57,27.91,23.55,57.1,36.7,72.7,11584,44.0,0.34,2019
470.0,Semmelweis University,44.54,27.88,23.51,66.4,36.0,77.9,10809,9.6,0.32,2019
471.0,University of Siegen,44.52,27.85,23.47,63.9,40.3,53.8,19586,43.3,0.11,2019
472.0,SOAS University of London,44.49,27.83,23.44,27.8,34.1,78.9,4965,11.7,0.54,2019
473.0,University of South Carolina-Columbia,44.47,27.8,23.4,65.4,35.1,42.8,31547,16.2,0.06,2019
474.0,University of Strasbourg,44.44,27.77,23.37,64.1,37.8,70.6,45482,18.5,0.20,2019
475.0,University of Strathclyde,44.42,27.74,23.33,49.7,45.2,85.2,17725,19.4,0.27,2019
476.0,SUNY University at Albany,44.4,27.71,23.29,65.5,37.5,48.6,15954,16.2,0.10,2019
477.0,Swinburne University of Technology,44.37,27.68,23.26,59.3,38.7,77.2,12862,25.3,0.26,2019
478.0,Tampere University of Technology,44.35,27.65,23.22,58.2,71.2,55.5,5439,21.4,0.10,2019
479.0,Teikyo University,44.32,27.63,23.19,93.1,35.9,18.2,23711,18.1,0.02,2019
480.0,Tokyo Medical and Dental University (TMDU),44.3,27.6,23.15,55.5,61.7,26.0,2986,3.2,0.08,2019
481.0,Tokyo Metropolitan University,44.28,27.57,23.12,76.3,37.3,25.3,9185,13.4,0.04,2019
482.0,Tongji University,44.25,27.54,23.08,31.0,98.4,50.5,36511,13.5,0.10,2019
483.0,University of Trieste,44.23,27.51,23.04,71.3,36.1,48.5,16084,22.9,0.09,2019
484.0,University of Tsukuba,44.21,27.48,23.01,34.0,45.3,42.4,16717,13.3,0.20,2019
485.0,The University of Tulsa,44.18,27.46,22.97,60.1,51.3,44.8,4563,11.9,0.23,2019
486.0,University of Turin,44.16,27.43,22.94,73.4,44.7,43.6,52495,27.9,0.08,2019
487.0,UiT The Arctic University of Norway,44.13,27.4,22.9,78.5,37.9,62.9,16266,13.4,0.10,2019
488.0,University of Urbino Carlo Bo,44.11,27.37,22.87,88.0,36.3,48.3,14386,40.3,0.06,2019
489.0,University of Valencia,44.09,27.34,22.83,68.0,36.3,44.9,50927,16.7,0.11,2019
490.0,Verona University,44.06,27.32,22.8,72.3,41.6,41.3,19030,26.1,0.05,2019
491.0,Victoria University of Wellington,44.04,27.29,22.76,50.1,55.1,88.6,17391,19.1,0.21,2019
492.0,University of Waikato,44.02,27.26,22.73,65.5,42.2,84.4,9805,17.1,0.18,2019
493.0,University of the West of Scotland,43.99,27.23,22.69,79.1,37.0,69.9,11160,20.7,0.18,2019
494.0,University of Wisconsin-Milwaukee,43.97,27.2,22.66,72.5,35.3,31.8,21251,19.1,0.06,2019
495.0,Amirkabir University of Technology,43.95,27.18,22.63,39.6,75.1,18.8,11918,21.7,0.02,2019
496.0,University of Aveiro,43.92,27.15,22.59,43.4,40.3,51.0,9842,16.5,0.11,2019
497.0,University of the Balearic Islands,43.9,27.12,22.56,71.6,34.7,45.5,11507,12.7,0.06,2019
498.0,Beihang University,43.88,27.09,22.52,30.7,99.2,26.6,29520,14.4,0.06,2019
499.0,University of Bergamo,43.86,27.07,22.49,61.6,43.6,34.8,17349,56.7,0.06,2019
500.0,Bilkent University,43.83,27.04,22.45,59.4,39.5,61.0,10659,15.0,0.07,2019
501.0,Boğaziçi University,43.81,27.01,22.42,56.1,60.3,46.0,12374,25.4,0.07,2019
502.0,Bond University,43.79,26.99,22.39,57.1,34.6,88.2,3273,10.7,0.41,2019
503.0,Université Bourgogne Franche-Comté (UBFC),43.76,26.96,22.35,61.5,38.9,50.4,58837,33.6,0.11,2019
504.0,Bournemouth University,43.74,26.93,22.32,51.8,35.0,79.5,12775,16.5,0.19,2019
505.0,University of Brescia,43.72,26.9,22.28,74.0,38.4,41.8,14296,26.2,0.07,2019
506.0,Carleton University,43.7,26.88,22.25,49.6,36.8,68.1,26856,30.3,0.20,2019
507.0,University of Catania,43.67,26.85,22.22,67.8,35.4,29.1,26267,20.6,0.01,2019
508.0,Central Queensland University,43.65,26.82,22.18,63.7,36.7,60.6,13770,26.4,0.28,2019
509.0,Charles Darwin University,43.63,26.8,22.15,49.6,44.4,80.8,6537,25.7,0.34,2019
510.0,Chemnitz University of Technology,43.61,26.77,22.12,34.1,61.1,52.2,10831,47.3,0.22,2019
511.0,"China Medical University, Taiwan",43.58,26.74,22.08,47.5,84.9,32.0,7730,17.0,0.10,2019
512.0,Chung-Ang University,43.56,26.72,22.05,25.4,65.3,49.3,13815,18.9,0.18,2019
513.0,University of Coimbra,43.54,26.69,22.02,46.3,40.1,56.3,21236,17.4,0.17,2019
514.0,Creighton University,43.52,26.66,21.98,58.0,36.2,31.7,8281,11.5,0.10,2019
515.0,East China Normal University,43.49,26.64,21.95,48.4,49.8,55.3,25237,11.5,0.17,2019
516.0,Edith Cowan University,43.47,26.61,21.92,58.9,37.7,81.7,17100,36.0,0.26,2019
517.0,University of Graz,43.45,26.58,21.88,51.2,35.1,76.8,20586,22.2,0.14,2019
518.0,University of Guelph,43.43,26.56,21.85,48.8,49.8,55.2,21644,27.8,0.05,2019
519.0,Hacettepe University,43.41,26.53,21.82,58.8,35.8,24.4,42827,19.9,0.04,2019
520.0,University of Hull,43.38,26.51,21.78,55.6,36.1,74.3,13435,16.9,0.18,2019
521.0,Hunan University,43.36,26.48,21.75,61.2,52.0,20.4,42692,22.5,0.02,2019
522.0,University of Idaho,43.34,26.45,21.72,50.7,36.0,44.2,9675,17.2,0.08,2019
523.0,Indian Institute of Technology Delhi,43.32,26.43,21.69,48.5,52.6,17.4,8130,14.9,0.01,2019
524.0,Indian Institute of Technology Kanpur,43.3,26.4,21.65,38.0,98.2,19.0,6609,15.2,0.01,2019
525.0,Johannes Kepler University of Linz,43.27,26.37,21.62,48.5,54.8,62.6,6345,11.1,0.11,2019
526.0,University of Kashan,43.25,26.35,21.59,74.3,35.1,18.3,7844,25.7,0.04,2019
527.0,Keele University,43.23,26.32,21.56,58.9,35.3,73.6,8505,14.7,0.21,2019
528.0,Kent State University,43.21,26.3,21.52,63.7,34.1,40.8,24469,19.3,0.10,2019
529.0,King Saud University,43.19,26.27,21.49,39.4,93.3,80.9,38917,11.0,0.10,2019
530.0,King Saud bin Abdulaziz University for Health Sciences,43.16,26.25,21.46,62.1,35.2,65.9,8122,4.4,0.01,2019
531.0,University of La Laguna,43.14,26.22,21.43,62.3,35.1,46.7,18736,13.1,0.04,2019
532.0,Lappeenranta-Lahti University of Technology LUT,43.12,26.19,21.39,35.9,52.6,60.4,3670,24.6,0.20,2019
533.0,Lehigh University,43.1,26.17,21.36,58.4,38.4,42.2,6443,11.2,0.17,2019
534.0,University of Limerick,43.08,26.14,21.33,52.1,38.3,83.3,13969,21.4,0.17,2019
535.0,Lincoln University,43.06,26.12,21.3,43.5,52.4,93.1,2426,13.2,0.38,2019
536.0,University of Lisbon,43.04,26.09,21.27,52.4,38.8,52.3,50170,18.7,0.11,2019
537.0,Liverpool John Moores University,43.01,26.07,21.23,66.7,34.7,69.9,18750,17.5,0.13,2019
538.0,Louisiana State University,42.99,26.04,21.2,54.6,34.0,34.5,29533,20.5,0.06,2019
539.0,Makerere University,42.97,26.02,21.17,69.2,40.0,59.4,38596,29.2,0.08,2019
540.0,"University of Maryland, Baltimore County",42.95,25.99,21.14,62.3,35.6,33.8,11647,18.6,0.08,2019
541.0,Massey University,42.93,25.97,21.11,50.2,40.2,92.8,18944,15.7,0.30,2019
542.0,Memorial University of Newfoundland,42.91,25.94,21.08,62.8,49.4,71.4,15154,13.8,0.16,2019
543.0,Missouri University of Science and Technology,42.89,25.92,21.04,54.7,53.8,61.0,8135,22.7,0.15,2019
544.0,Montana State University,42.87,25.89,21.01,71.1,48.5,28.3,14192,18.8,0.04,2019
545.0,Nanjing University of Information Science and Technology,42.84,25.87,20.98,73.1,38.0,28.6,19265,14.6,0.03,2019
546.0,National and Kapodistrian University of Athens,42.82,25.84,20.95,62.3,51.4,51.0,54364,27.5,0.11,2019
547.0,National Cheng Kung University (NCKU),42.8,25.82,20.92,26.0,99.7,33.6,20511,13.7,0.12,2019
548.0,National Chiao Tung University,42.78,25.79,20.89,27.5,86.3,33.8,12053,16.8,0.12,2019
549.0,National Yang-Ming University,42.76,25.77,20.86,46.5,38.6,21.1,4255,5.1,0.02,2019
550.0,University of Neuchâtel,42.74,25.74,20.83,45.3,35.6,91.3,4352,9.0,0.22,2019
551.0,New Jersey Institute of Technology,42.72,25.72,20.79,64.2,35.9,58.1,12044,19.8,0.19,2019
552.0,Norwegian University of Life Sciences,42.7,25.69,20.76,63.8,38.8,80.1,5700,6.9,0.23,2019
553.0,NOVA University of Lisbon,42.68,25.67,20.73,45.6,46.8,59.9,19885,18.6,0.17,2019
554.0,Oklahoma State University,42.66,25.64,20.7,60.9,37.0,42.9,21638,15.6,0.07,2019
555.0,The Open University,42.64,25.62,20.67,68.5,34.4,54.4,64640,33.9,0.08,2019
556.0,Oxford Brookes University,42.62,25.59,20.64,44.6,34.4,77.4,14005,16.7,0.28,2019
557.0,University of Palermo,42.6,25.57,20.61,71.3,35.1,26.3,28801,19.5,0.01,2019
558.0,Panthéon-Sorbonne University – Paris 1,42.57,25.54,20.58,9.6,34.4,54.0,40917,33.7,0.20,2019
559.0,University of Parma,42.55,25.52,20.55,68.1,40.7,37.7,24346,26.3,0.06,2019
560.0,University of the Philippines,42.53,25.49,20.52,69.1,35.8,39.5,45410,9.7,0.01,2019
561.0,Universitat Politècnica de Catalunya,42.51,25.47,20.49,53.7,40.9,56.2,21591,9.1,0.14,2019
562.0,Pontifical Javeriana University,42.49,25.45,20.46,84.0,34.1,44.6,29643,16.4,0.01,2019
563.0,Renmin University of China,42.47,25.42,20.43,44.4,44.9,44.9,25168,11.8,0.06,2019
564.0,Saint Louis University,42.45,25.4,20.4,60.5,36.3,28.5,11220,7.3,0.07,2019
565.0,University of Salento,42.43,25.37,20.37,61.6,37.8,26.4,11927,28.4,0.01,2019
566.0,San Diego State University,42.41,25.35,20.34,58.0,34.8,32.1,29974,30.3,0.08,2019
567.0,Savitribai Phule Pune University,42.39,25.33,20.31,50.7,35.6,17.6,6186,15.3,0.02,2019
568.0,Sejong University,42.37,25.3,20.28,60.0,38.1,38.4,11886,16.4,0.09,2019
569.0,Shandong University,42.35,25.28,20.25,32.4,68.6,26.3,46351,13.7,0.06,2019
570.0,"Soochow University, China",42.33,25.25,20.22,67.5,66.4,27.9,42684,15.2,0.07,2019
571.0,South China University of Technology,42.31,25.23,20.19,57.5,84.6,28.5,42472,14.5,0.05,2019
572.0,Southeast University,42.29,25.21,20.16,42.2,95.2,25.9,33063,11.8,0.05,2019
573.0,Southern Cross University,42.27,25.18,20.13,52.6,39.9,64.2,8678,24.5,0.21,2019
574.0,Stevens Institute of Technology,42.25,25.16,20.1,60.7,36.4,65.9,5636,16.2,0.35,2019
575.0,SUNY Binghamton University,42.23,25.13,20.07,65.0,36.8,43.4,17582,23.0,0.15,2019
576.0,Taipei Medical University,42.21,25.11,20.04,48.1,96.4,35.1,5895,10.5,0.09,2019
577.0,The University of Texas at San Antonio,42.19,25.09,20.01,74.8,35.6,35.8,26089,25.1,0.05,2019
578.0,Tianjin University,42.17,25.06,19.98,33.7,94.5,23.6,33429,12.9,0.05,2019
579.0,University of Toledo,42.15,25.04,19.95,48.3,43.8,44.7,18238,15.2,0.11,2019
580.0,Universiti Tunku Abdul Rahman (UTAR),42.13,25.02,19.92,80.5,35.7,30.4,19179,17.2,0.02,2019
581.0,University of Udine,42.11,24.99,19.89,68.0,37.3,38.9,11472,17.1,0.06,2019
582.0,University of Ulsan,42.09,24.97,19.86,63.3,49.4,21.6,13523,12.3,0.04,2019
583.0,The University of the West Indies,42.07,24.95,19.83,68.7,34.0,65.0,43295,12.5,0.04,2019
584.0,Worcester Polytechnic Institute,42.05,24.92,19.8,62.4,35.0,55.1,5517,12.6,0.22,2019
585.0,Xiamen University,42.03,24.9,19.77,56.6,48.6,30.9,40507,14.9,0.05,2019
586.0,Xi’an Jiaotong University,42.01,24.88,19.74,41.8,60.8,40.5,33973,10.8,0.05,2019
587.0,University of the Aegean,41.99,24.85,19.71,47.9,34.8,36.2,12352,38.7,0.01,2019
588.0,The University of Aizu,41.97,24.83,19.68,40.3,38.3,67.8,1165,10.5,0.05,2019
589.0,University of Alcalá,41.95,24.81,19.66,37.5,41.0,61.6,17711,12.8,0.22,2019
590.0,University of Algarve,41.94,24.78,19.63,41.1,35.8,58.7,7501,12.4,0.13,2019
591.0,American University in Cairo,41.92,24.76,19.6,22.2,34.9,66.1,5997,13.7,0.04,2019
592.0,Amrita Vishwa Vidyapeetham,41.9,24.74,19.57,39.8,48.2,46.8,14395,11.9,0.13,2019
593.0,"University of the Andes, Colombia",41.88,24.71,19.54,49.2,36.4,51.7,15921,8.7,0.02,2019
594.0,Aristotle University of Thessaloniki,41.86,24.69,19.51,60.3,40.9,40.3,46597,26.3,0.05,2019
595.0,University of Arkansas,41.84,24.67,19.48,40.1,39.1,31.2,24545,20.3,0.06,2019
596.0,Athens University of Economics and Business,41.82,24.65,19.45,40.5,36.9,44.8,9839,46.9,0.04,2019
597.0,Auburn University,41.8,24.62,19.43,34.8,40.7,36.8,24274,18.2,0.06,2019
598.0,Banaras Hindu University,41.78,24.6,19.4,43.3,34.2,17.6,12220,9.3,0.03,2019
599.0,University of the Basque Country,41.76,24.58,19.37,50.0,36.2,40.1,42581,14.6,0.04,2019
600.0,Baylor University,41.74,24.55,19.34,41.7,35.1,28.6,16932,16.6,0.05,2019
601.0,Beijing Institute of Technology,41.72,24.53,19.31,22.8,96.7,23.5,28910,11.8,0.08,2019
602.0,University of Beira Interior,41.7,24.51,19.28,50.7,34.4,45.1,6909,15.6,0.10,2019
603.0,Ben-Gurion University of the Negev,41.69,24.49,19.25,39.2,45.0,36.6,15133,18.9,0.03,2019
604.0,Benha University,41.67,24.46,19.23,52.1,35.3,39.9,89763,29.0,0.05,2019
605.0,Beni-Suef University,41.65,24.44,19.2,64.3,34.0,43.3,66543,26.1,0.01,2019
606.0,University of Bradford,41.63,24.42,19.17,30.7,36.4,81.3,9240,17.0,0.28,2019
607.0,University of Brighton,41.61,24.4,19.14,44.6,34.9,73.9,16905,17.5,0.22,2019
608.0,Ca’ Foscari University of Venice,41.59,24.37,19.11,37.0,37.1,44.6,16090,34.3,0.09,2019
609.0,University of Cagliari,41.57,24.35,19.09,59.8,36.0,37.0,27885,24.0,0.02,2019
610.0,Carlos III University of Madrid,41.55,24.33,19.06,37.3,37.8,58.6,16917,11.0,0.15,2019
611.0,Catholic University of Portugal,41.53,24.31,19.03,64.3,36.4,51.9,10904,10.7,0.16,2019
612.0,University of Central Florida,41.52,24.28,19.0,44.9,43.3,30.9,54697,36.2,0.03,2019
613.0,Central South University,41.5,24.26,18.97,41.7,92.7,23.4,53069,17.3,0.02,2019
614.0,Chang Gung University,41.48,24.24,18.95,30.4,80.9,22.6,7527,12.3,0.04,2019
615.0,Chiba University,41.46,24.22,18.92,32.2,49.8,24.9,13898,10.0,0.05,2019
616.0,University of Chile,41.44,24.2,18.89,34.6,34.0,50.5,39345,17.1,0.06,2019
617.0,China Agricultural University,41.42,24.17,18.86,41.5,48.9,21.1,19056,11.5,0.01,2019
618.0,"China University of Geosciences, Beijing",41.4,24.15,18.83,39.5,48.2,24.7,18114,17.4,0.01,2019
619.0,University of Clermont Auvergne,41.39,24.13,18.81,60.1,34.9,59.9,34572,18.3,0.13,2019
620.0,COMSATS University Islamabad,41.37,24.11,18.78,63.2,34.1,45.5,31413,10.9,0.01,2019
621.0,Concordia University,41.35,24.09,18.75,40.7,37.1,81.6,32065,30.6,0.28,2019
622.0,University of Costa Rica,41.33,24.06,18.72,60.7,34.0,48.5,32276,14.3,0.02,2019
623.0,Coventry University,41.31,24.04,18.7,39.5,34.1,85.9,25120,14.4,0.45,2019
624.0,Dalian University of Technology,41.29,24.02,18.67,36.2,81.3,26.0,39075,16.2,0.02,2019
625.0,University of Dayton,41.27,24.0,18.64,24.9,39.6,31.8,10116,13.9,0.13,2019
626.0,University of Delhi,41.26,23.98,18.61,29.1,34.1,19.1,22854,23.8,0.01,2019
627.0,De Montfort University,41.24,23.95,18.59,42.9,34.2,69.7,17130,19.2,0.25,2019
628.0,University of Deusto,41.22,23.93,18.56,29.8,38.2,46.9,8665,21.3,0.11,2019
629.0,East China University of Science and Technology,41.2,23.91,18.53,43.7,51.7,17.1,21602,11.9,0.01,2019
630.0,Eastern Mediterranean University,41.18,23.89,18.51,47.8,34.0,82.3,19694,30.6,0.84,2019
631.0,École Centrale de Lyon,41.17,23.87,18.48,23.7,64.2,68.7,1938,15.6,0.29,2019
632.0,École normale supérieure Paris-Saclay,41.15,23.85,18.45,32.0,46.2,55.5,1830,11.7,0.15,2019
633.0,Edinburgh Napier University,41.13,23.82,18.42,44.1,36.2,79.2,11155,19.9,0.32,2019
634.0,Embry-Riddle Aeronautical University,41.11,23.8,18.4,77.6,34.2,29.9,16010,17.3,0.10,2019
635.0,Eötvös Loránd University,41.09,23.78,18.37,44.5,35.5,52.9,27267,19.4,0.10,2019
636.0,Ewha Womans University,41.07,23.76,18.34,34.1,69.7,45.2,14893,14.3,0.14,2019
637.0,Federal University of Minas Gerais,41.06,23.74,18.32,42.5,38.3,25.4,44108,13.3,0.02,2019
638.0,Federal University of Rio de Janeiro,41.04,23.72,18.29,23.6,35.2,29.0,55109,14.0,0.02,2019
639.0,Universidade Federal do Rio Grande do Sul,41.02,23.7,18.26,40.5,48.1,24.9,47931,17.1,0.02,2019
640.0,Universidade Federal de São Paulo (UNIFESP),41.0,23.67,18.24,45.8,35.0,27.0,13520,8.6,0.01,2019
641.0,Federico Santa María Technical University,40.99,23.65,18.21,50.4,44.3,54.4,19273,27.9,0.03,2019
642.0,Fordham University,40.97,23.63,18.18,34.5,34.7,36.9,12646,12.5,0.15,2019
643.0,Fuzhou University,40.95,23.61,18.16,53.6,44.8,22.9,34664,16.6,0.01,2019
644.0,Glasgow Caledonian University,40.93,23.59,18.13,55.8,34.8,59.2,12985,20.1,0.18,2019
645.0,University of Granada,40.91,23.57,18.1,48.3,35.0,47.0,52989,14.9,0.10,2019
646.0,University of Greenwich,40.9,23.55,18.08,41.0,34.9,87.9,14580,17.9,0.35,2019
647.0,University of Haifa,40.88,23.53,18.05,38.0,36.2,35.5,17848,30.6,0.02,2019
648.0,University of Hertfordshire,40.86,23.5,18.02,45.1,34.8,79.2,17555,17.6,0.28,2019
649.0,Hiroshima University,40.84,23.48,18.0,32.5,50.4,29.6,14875,8.6,0.07,2019
650.0,Huazhong Agricultural University,40.83,23.46,17.97,47.2,45.3,20.2,26178,17.9,0.02,2019
651.0,University of Huddersfield,40.81,23.44,17.95,43.1,36.0,70.5,15055,21.5,0.26,2019
652.0,University of Ibadan,40.79,23.42,17.92,44.7,41.2,34.5,25416,15.6,0.01,2019
653.0,Ilmenau University of Technology,40.77,23.4,17.89,30.7,40.3,58.6,6253,8.0,0.20,2019
654.0,Indian Institute of Technology Guwahati,40.75,23.38,17.87,39.7,37.5,15.0,5592,13.2,0.01,2019
655.0,Indian Institute of Technology Madras,40.74,23.36,17.84,27.0,69.1,18.4,9013,15.8,0.01,2019
656.0,University of Indonesia,40.72,23.34,17.82,18.8,83.1,52.9,41144,10.1,0.08,2019
657.0,University of Ioannina,40.7,23.32,17.79,63.3,38.7,43.2,22492,44.3,0.03,2019
658.0,ISCTE-University Institute of Lisbon,40.69,23.3,17.76,25.0,37.3,49.1,8866,25.2,0.13,2019
659.0,Isfahan University of Technology,40.67,23.28,17.74,43.5,85.7,20.6,9816,20.7,0.01,2019
660.0,Istanbul Technical University,40.65,23.25,17.71,32.9,100.0,26.1,34594,22.8,0.04,2019
661.0,Jadavpur University,40.63,23.23,17.69,29.4,39.1,15.0,11515,17.5,0.01,2019
662.0,Jagiellonian University,40.62,23.21,17.66,50.7,34.8,35.5,42131,11.5,0.07,2019
663.0,Jaume I University,40.6,23.19,17.63,55.5,36.8,41.8,12581,16.5,0.09,2019
664.0,University of Johannesburg,40.58,23.17,17.61,36.9,40.2,60.4,25515,24.0,0.09,2019
665.0,Juntendo University,40.56,23.15,17.58,28.2,48.4,20.6,4407,3.8,0.02,2019
666.0,Kafrelsheikh University,40.55,23.13,17.56,63.8,38.2,46.3,66990,40.7,0.01,2019
667.0,Kansas State University,40.53,23.11,17.53,47.1,41.3,45.2,21970,14.6,0.09,2019
668.0,Universiti Kebangsaan Malaysia,40.51,23.09,17.51,18.4,36.2,43.3,18904,11.1,0.14,2019
669.0,Keio University,40.5,23.07,17.48,34.9,42.3,29.9,34740,10.6,0.07,2019
670.0,Kindai University,40.48,23.05,17.45,52.2,39.2,21.9,32322,13.5,0.02,2019
671.0,King Fahd University of Petroleum and Minerals,40.46,23.03,17.43,36.7,65.0,83.8,6427,6.3,0.18,2019
672.0,Kingston University,40.44,23.01,17.4,29.0,34.4,83.1,16545,20.3,0.36,2019
673.0,Kobe University,40.43,22.99,17.38,30.2,46.1,26.1,15786,7.7,0.07,2019
674.0,Konkuk University,40.41,22.97,17.35,24.6,47.9,44.7,14173,26.7,0.14,2019
675.0,University of Las Palmas de Gran Canaria,40.39,22.95,17.33,35.1,34.0,34.1,18532,16.4,0.07,2019
676.0,Lebanese American University,40.38,22.93,17.3,44.4,34.0,86.9,7734,13.6,0.19,2019
677.0,University of Leoben,40.36,22.91,17.28,37.8,54.5,70.6,3103,6.1,0.16,2019
678.0,University of Lincoln,40.34,22.89,17.25,44.1,34.9,68.3,11475,15.8,0.14,2019
679.0,University of Ljubljana,40.33,22.87,17.23,40.1,38.1,40.2,40834,15.2,0.05,2019
680.0,University of Lorraine,40.31,22.85,17.2,59.6,39.6,60.1,57103,19.0,0.15,2019
681.0,Louisiana Tech University,40.29,22.83,17.18,53.0,34.5,33.6,11138,27.4,0.04,2019
682.0,Mahidol University,40.27,22.81,17.15,44.8,74.7,45.6,28611,10.2,0.04,2019
683.0,Manchester Metropolitan University,40.26,22.79,17.13,45.3,34.2,62.5,27730,15.4,0.16,2019
684.0,Mansoura University,40.24,22.77,17.1,59.2,40.5,43.3,136359,25.0,0.03,2019
685.0,Marquette University,40.22,22.75,17.08,32.1,36.2,23.7,10494,12.3,0.05,2019
686.0,Masaryk University,40.21,22.73,17.05,34.6,35.1,59.2,33243,21.5,0.21,2019
687.0,Mashhad University of Medical Sciences,40.19,22.71,17.03,48.0,34.0,18.1,9015,10.6,0.02,2019
688.0,Middle East Technical University,40.17,22.69,17.0,28.3,66.4,29.9,27294,32.2,0.06,2019
689.0,Miguel Hernández University of Elche,40.16,22.67,16.98,43.2,36.9,31.4,13667,20.8,0.04,2019
690.0,University of Minho,40.14,22.65,16.95,39.4,57.8,48.0,18299,18.4,0.10,2019
691.0,Mississippi State University,40.12,22.63,16.93,41.8,38.0,24.2,23609,18.6,0.03,2019
692.0,Monterrey Institute of Technology,40.11,22.61,16.9,39.8,73.5,59.9,14215,16.1,0.11,2019
693.0,Nanjing Agricultural University,40.09,22.59,16.88,43.0,45.7,19.8,26198,15.9,0.02,2019
694.0,Nanjing Medical University,40.07,22.57,16.85,36.4,34.9,19.6,13707,9.1,0.05,2019
695.0,Nanjing Normal University,40.06,22.55,16.83,47.0,48.5,20.6,26894,13.2,0.03,2019
696.0,Nanjing Tech University,40.04,22.53,16.8,48.9,54.3,21.1,31846,14.2,0.01,2019
697.0,Nantes Université,40.03,22.51,16.78,56.4,37.0,49.1,36520,24.5,0.10,2019
698.0,National Autonomous University of Mexico,40.01,22.49,16.76,19.2,55.7,40.5,162018,13.6,0.06,2019
699.0,National Institute of Applied Sciences of Lyon (INSA Lyon),39.99,22.47,16.73,38.1,65.3,76.9,6125,8.8,0.29,2019
700.0,National Institute of Technology Rourkela,39.98,22.45,16.71,44.2,37.3,16.4,6010,20.0,0.04,2019
701.0,National Sun Yat-Sen University,39.96,22.43,16.68,25.9,55.4,30.7,9522,14.9,0.05,2019
702.0,National Taiwan Normal University,39.94,22.41,16.66,23.0,78.3,51.1,10621,12.6,0.26,2019
703.0,"University of Nevada, Las Vegas",39.93,22.39,16.63,43.0,34.0,31.5,25120,26.1,0.05,2019
704.0,New Mexico State University (Main campus),39.91,22.37,16.61,53.9,38.6,35.5,13329,17.3,0.08,2019
705.0,Nippon Medical School,39.89,22.36,16.58,44.3,35.6,26.7,837,6.3,0.01,2019
706.0,University of North Carolina at Greensboro,39.88,22.34,16.56,39.0,34.9,19.5,18593,24.9,0.03,2019
707.0,Northeast Normal University,39.86,22.32,16.54,50.9,35.8,17.2,25325,16.2,0.02,2019
708.0,Northwestern Polytechnical University,39.85,22.3,16.51,27.8,78.9,20.2,27423,13.6,0.03,2019
709.0,Nottingham Trent University,39.83,22.28,16.49,52.1,34.2,63.4,23460,16.0,0.19,2019
710.0,Old Dominion University,39.81,22.26,16.46,57.1,34.0,29.9,19064,19.3,0.03,2019
711.0,Open University of Catalonia,39.8,22.24,16.44,71.3,34.9,39.8,20133,54.6,0.03,2019
712.0,Otto von Guericke University of Magdeburg,39.78,22.22,16.42,45.9,42.6,56.8,14427,12.1,0.16,2019
713.0,University of Oviedo,39.76,22.2,16.39,50.8,38.0,34.1,18689,10.8,0.03,2019
714.0,Palacký University Olomouc,39.75,22.18,16.37,42.5,34.8,57.1,17968,11.5,0.12,2019
715.0,Panjab University,39.73,22.16,16.34,54.5,34.0,16.0,18360,21.5,0.01,2019
716.0,University of Pécs,39.72,22.14,16.32,37.6,39.0,55.3,17456,13.3,0.18,2019
717.0,Polytechnic Institute of Porto,39.7,22.12,16.3,64.9,34.1,31.6,18215,17.0,0.06,2019
718.0,Polytechnic University of Valencia,39.68,22.11,16.27,45.2,44.5,47.5,21945,9.4,0.13,2019
719.0,Pontificia Universidad Católica de Chile,39.67,22.09,16.25,44.0,39.0,56.9,27485,15.2,0.07,2019
720.0,Pontifical Catholic University of Rio de Janeiro (PUC-Rio),39.65,22.07,16.22,30.6,98.2,43.5,15415,18.7,0.06,2019
721.0,Portland State University,39.64,22.05,16.2,42.8,34.6,31.8,20666,18.4,0.09,2019
722.0,University of Pretoria,39.62,22.03,16.18,35.7,59.4,51.0,35687,23.2,0.08,2019
723.0,Pusan National University,39.61,22.01,16.15,28.4,63.2,35.3,24409,18.4,0.11,2019
724.0,Université du Québec,39.59,21.99,16.13,39.4,41.8,65.6,54198,20.2,0.10,2019
725.0,University of Regina,39.57,21.97,16.11,45.8,36.0,54.1,12585,22.5,0.15,2019
726.0,University of Rennes 1,39.56,21.95,16.08,49.8,36.4,55.1,27685,17.4,0.11,2019
727.0,Rikkyo University,39.54,21.94,16.06,60.7,34.3,38.9,20542,24.7,0.03,2019
728.0,Rochester Institute of Technology,39.53,21.92,16.04,42.9,36.1,39.9,14200,16.2,0.18,2019
729.0,Roskilde University,39.51,21.9,16.01,44.4,37.5,49.3,6109,16.1,0.10,2019
730.0,Universiti Sains Malaysia,39.49,21.88,15.99,18.8,43.2,50.7,21394,11.2,0.13,2019
731.0,University of Salamanca,39.48,21.86,15.97,33.6,35.6,49.5,29243,17.7,0.15,2019
732.0,University of Salford,39.46,21.84,15.94,34.5,34.5,71.4,15945,18.8,0.25,2019
733.0,University of San Diego,39.45,21.82,15.92,38.1,39.5,25.0,7671,13.0,0.08,2019
734.0,University of Santiago de Compostela,39.43,21.81,15.9,50.5,39.0,44.3,26118,15.2,0.08,2019
735.0,University of Sassari,39.42,21.79,15.87,51.6,35.6,36.2,12227,21.2,0.01,2019
736.0,University of Seville,39.4,21.77,15.85,38.7,36.6,38.4,55395,19.4,0.07,2019
737.0,Shenzhen University,39.39,21.75,15.83,62.6,49.9,33.7,34095,17.2,0.01,2019
738.0,Université de Sherbrooke,39.37,21.73,15.8,51.5,36.6,57.6,15148,12.7,0.08,2019
739.0,Sichuan University,39.35,21.71,15.78,32.0,76.9,19.8,59998,13.8,0.03,2019
740.0,Sogang University,39.34,21.69,15.76,22.9,47.7,30.7,9636,22.2,0.08,2019
741.0,University of South Alabama,39.32,21.68,15.73,44.2,35.8,25.1,14391,15.0,0.06,2019
742.0,University of South Dakota,39.31,21.66,15.71,55.8,38.6,24.4,15570,35.3,0.03,2019
743.0,University of Southern Queensland,39.29,21.64,15.69,35.7,35.8,71.4,11815,26.4,0.16,2019
744.0,University of Split,39.28,21.62,15.66,60.4,40.5,43.3,20093,28.3,0.02,2019
745.0,Suez Canal University,39.26,21.6,15.64,69.0,35.3,45.5,39113,12.5,0.01,2019
746.0,University of the Sunshine Coast,39.25,21.58,15.62,42.3,36.3,66.3,8915,29.2,0.16,2019
747.0,University of Szeged,39.23,21.57,15.6,41.2,37.3,52.5,20388,13.1,0.14,2019
748.0,Tallinn University of Technology,39.22,21.55,15.57,37.6,45.5,58.7,10431,20.8,0.15,2019
749.0,Technical University of Madrid,39.2,21.53,15.55,37.9,42.6,47.5,39269,13.2,0.13,2019
750.0,University of Technology of Compiègne,39.19,21.51,15.53,50.1,41.9,82.7,4254,15.9,0.24,2019
751.0,University of Tehran,39.17,21.49,15.5,35.0,34.0,22.4,55645,25.7,0.02,2019
752.0,Tehran University of Medical Sciences,39.15,21.48,15.48,30.1,37.9,21.1,12230,7.2,0.06,2019
753.0,Universiti Teknologi Malaysia,39.14,21.46,15.46,23.3,44.8,57.1,17726,10.9,0.17,2019
754.0,Universiti Teknologi Petronas,39.12,21.44,15.44,26.7,78.7,64.9,6448,16.5,0.21,2019
755.0,University of Texas at Arlington,39.11,21.42,15.41,48.0,39.3,45.6,27061,23.8,0.15,2019
756.0,University of Texas at El Paso,39.09,21.4,15.39,41.8,34.0,37.9,16744,23.6,0.08,2019
757.0,Texas Tech University,39.08,21.38,15.37,42.3,36.7,44.6,32486,22.2,0.09,2019
758.0,University of Trás-os-Montes and Alto Douro,39.06,21.37,15.35,34.1,34.0,37.3,6770,12.4,0.04,2019
759.0,Ulster University,39.05,21.35,15.32,39.5,35.2,75.3,17920,18.9,0.08,2019
760.0,University of Vigo,39.03,21.33,15.3,35.3,39.0,41.7,19699,17.0,0.06,2019
761.0,University of Warsaw,39.02,21.31,15.28,44.7,34.2,44.9,49752,14.0,0.09,2019
762.0,Waseda University,39.0,21.29,15.26,31.2,38.0,36.3,49761,16.0,0.10,2019
763.0,University of the West of England,38.99,21.28,15.23,42.7,34.5,62.3,20895,18.0,0.20,2019
764.0,University of the Western Cape,38.97,21.26,15.21,42.9,34.3,61.0,21246,32.4,0.08,2019
765.0,Western Washington University,38.96,21.24,15.19,61.1,34.0,22.2,13726,17.7,0.01,2019
766.0,University of Westminster,38.94,21.22,15.17,36.2,34.4,84.9,16965,18.0,0.47,2019
767.0,West Virginia University,38.93,21.21,15.14,53.8,34.0,39.4,23689,16.8,0.08,2019
768.0,University of Windsor,38.91,21.19,15.12,34.4,37.4,69.1,13427,24.8,0.18,2019
769.0,University of Wolverhampton,38.9,21.17,15.1,41.8,34.1,65.4,15470,20.4,0.21,2019
770.0,Yeungnam University,38.88,21.15,15.08,44.1,40.3,35.7,20389,14.5,0.05,2019
771.0,Yokohama City University,38.87,21.13,15.06,63.1,39.2,19.6,4910,3.7,0.02,2019
772.0,University of Zaragoza,38.85,21.12,15.03,47.7,38.1,37.0,28008,10.3,0.04,2019
773.0,Acharya Nagarjuna University,38.84,21.1,15.01,13.4,40.7,22.2,4730,13.4,0.05,2019
774.0,University of A Coruña,38.82,21.08,14.99,26.1,35.6,30.9,15159,11.4,0.02,2019
775.0,"Adam Mickiewicz University, Poznań",38.81,21.06,14.97,26.1,34.8,31.7,37630,14.0,0.02,2019
776.0,AGH University of Science and Technology,38.79,21.05,14.95,26.6,36.7,20.4,31252,14.1,0.02,2019
777.0,Aichi Medical University,38.78,21.03,14.92,26.0,37.8,17.1,1272,2.9,0.01,2019
778.0,Ajou University,38.76,21.01,14.9,28.4,50.7,26.1,11349,10.0,0.05,2019
779.0,Alexandria University,38.75,20.99,14.88,27.4,40.7,44.4,175270,25.0,0.03,2019
780.0,Al-Farabi Kazakh National University,38.74,20.98,14.86,15.4,42.7,59.7,16931,4.6,0.14,2019
781.0,University of Alicante,38.72,20.96,14.84,28.4,36.5,39.9,27639,19.0,0.09,2019
782.0,Aligarh Muslim University,38.71,20.94,14.81,37.4,34.0,24.4,17884,14.3,0.02,2019
783.0,University of Almería,38.69,20.92,14.79,24.0,36.0,35.9,12883,19.2,0.07,2019
784.0,American University of Sharjah,38.68,20.91,14.77,20.2,36.4,95.9,5769,14.2,0.84,2019
785.0,Anadolu University,38.66,20.89,14.75,17.5,100.0,16.4,1413003,865.8,0.01,2019
786.0,"Asia University, Taiwan",38.65,20.87,14.73,19.4,77.3,26.3,12320,26.0,0.03,2019
787.0,Atılım University,38.63,20.85,14.7,38.7,35.6,33.0,7624,13.7,0.07,2019
788.0,Austral University of Chile,38.62,20.84,14.68,23.0,46.7,50.0,14873,16.7,0.02,2019
789.0,Universidad Autónoma de Querétaro,38.6,20.82,14.66,17.3,44.1,22.0,21812,36.8,0.01,2019
790.0,Babeş-Bolyai University,38.59,20.8,14.64,35.7,34.4,54.9,36888,24.5,0.02,2019
791.0,Bandung Institute of Technology (ITB),38.58,20.79,14.62,13.5,92.4,38.3,18643,11.8,0.02,2019
792.0,University of Bedfordshire,38.56,20.77,14.6,25.8,34.6,73.5,10685,18.7,0.32,2019
793.0,Beijing Jiaotong University,38.55,20.75,14.58,15.4,66.6,26.4,25110,13.4,0.07,2019
794.0,University of Belgrade,38.53,20.73,14.55,30.1,40.1,36.8,99760,21.1,0.05,2019
795.0,University of Brasília,38.52,20.72,14.53,25.8,37.6,30.3,52039,18.4,0.02,2019
796.0,Brno University of Technology,38.5,20.7,14.51,24.9,41.3,49.4,21522,20.8,0.21,2019
797.0,University of Bucharest,38.49,20.68,14.49,16.1,34.0,40.3,31388,24.2,0.02,2019
798.0,Budapest University of Technology and Economics,38.47,20.67,14.47,26.5,43.9,34.0,19499,17.6,0.07,2019
799.0,University of Burgos,38.46,20.65,14.45,25.1,36.9,33.2,7394,13.4,0.03,2019
800.0,Cairo University,38.45,20.63,14.43,35.0,35.2,34.8,233999,42.1,0.02,2019
801.0,"California Polytechnic State University, San Luis Obispo",38.43,20.61,14.4,40.4,37.1,34.9,19461,20.1,0.02,2019
802.0,Capital Medical University,38.42,20.6,14.38,21.5,34.8,23.2,12826,7.1,0.05,2019
803.0,University of Castilla-La Mancha,38.4,20.58,14.36,31.1,35.9,35.2,23309,13.6,0.06,2019
804.0,University of Central Lancashire,38.39,20.56,14.34,39.7,34.4,62.2,18390,16.4,0.18,2019
805.0,University of Cergy-Pontoise,38.37,20.55,14.32,18.8,34.5,60.2,17161,19.1,0.15,2019
806.0,"University of Chemistry and Technology, Prague",38.36,20.53,14.3,18.4,40.1,50.3,4312,10.0,0.20,2019
807.0,Chiang Mai University,38.35,20.51,14.28,19.1,49.2,33.0,36635,16.2,0.01,2019
808.0,"China University of Geosciences, Wuhan",38.33,20.5,14.26,39.2,49.4,24.1,28652,17.2,0.03,2019
809.0,China University of Mining and Technology,38.32,20.48,14.23,36.5,53.6,16.9,45518,18.8,0.02,2019
810.0,"China University of Petroleum, Beijing",38.3,20.46,14.21,24.9,89.5,20.0,15127,18.9,0.04,2019
811.0,China Pharmaceutical University,38.29,20.45,14.19,33.3,44.2,16.3,15646,17.0,0.02,2019
812.0,Chongqing University,38.27,20.43,14.17,28.1,57.8,21.6,47031,17.0,0.04,2019
813.0,Chonnam National University,38.26,20.41,14.15,30.2,38.7,25.3,23261,17.1,0.05,2019
814.0,Chulalongkorn University,38.25,20.39,14.13,20.4,61.4,38.4,36781,12.3,0.02,2019
815.0,Chung Yuan Christian University,38.23,20.38,14.11,13.6,48.7,33.7,16034,33.0,0.11,2019
816.0,Comenius University in Bratislava,38.22,20.36,14.09,22.8,36.4,49.6,21376,10.4,0.12,2019
817.0,Czech University of Life Sciences Prague (CZU),38.2,20.34,14.07,16.8,45.9,70.4,17094,20.5,0.19,2019
818.0,Czech Technical University in Prague,38.19,20.33,14.05,28.3,41.9,49.7,20387,13.1,0.18,2019
819.0,University of Debrecen,38.18,20.31,14.02,24.5,41.7,51.6,26752,17.0,0.16,2019
820.0,De La Salle University,38.16,20.29,14.0,28.4,34.0,33.7,17679,19.3,0.03,2019
821.0,University of Derby,38.15,20.28,13.98,35.0,34.6,55.9,12500,15.0,0.13,2019
822.0,Dublin Institute of Technology,38.13,20.26,13.96,34.9,35.0,73.4,15288,21.0,0.20,2019
823.0,East Carolina University,38.12,20.24,13.94,27.9,38.9,27.7,25297,14.1,0.02,2019
824.0,University of East London,38.11,20.23,13.92,26.2,34.0,78.7,10640,16.9,0.32,2019
825.0,Edge Hill University,38.09,20.21,13.9,34.4,34.0,35.6,12025,14.7,0.05,2019
826.0,Erciyes University,38.08,20.2,13.88,22.1,85.8,21.7,38308,26.7,0.03,2019
827.0,Universidade Estadual Paulista (Unesp),38.06,20.18,13.86,14.7,35.4,25.1,30718,9.7,0.04,2019
828.0,University of Évora,38.05,20.16,13.84,32.2,35.5,53.5,7254,13.9,0.12,2019
829.0,Universidade Federal do ABC (UFABC),38.04,20.15,13.82,26.8,39.3,33.6,14320,20.9,0.01,2019
830.0,Universidade Federal da Bahia,38.02,20.13,13.8,20.3,34.3,24.0,32614,12.7,0.01,2019
831.0,Federal University of Pelotas,38.01,20.11,13.78,42.0,34.0,20.6,18700,14.0,0.01,2019
832.0,Universidade Federal de Santa Catarina,38.0,20.1,13.76,36.1,35.6,28.1,37964,16.7,0.03,2019
833.0,Federal University of São Carlos,37.98,20.08,13.73,15.3,40.4,23.4,18258,14.6,0.02,2019
834.0,Ferdowsi University of Mashhad,37.97,20.06,13.71,22.3,40.2,20.7,23334,28.4,0.05,2019
835.0,Ferhat Abbas Sétif University 1,37.95,20.05,13.69,24.1,34.0,42.1,32283,21.9,0.01,2019
836.0,Florida Atlantic University,37.94,20.03,13.67,35.9,39.4,43.9,23449,18.7,0.11,2019
837.0,Florida Institute of Technology,37.93,20.01,13.65,28.6,36.8,58.6,5483,13.8,0.36,2019
838.0,Fu Jen Catholic University,37.91,20.0,13.63,29.7,45.4,26.6,23161,18.9,0.08,2019
839.0,Gebze Technical University,37.9,19.98,13.61,26.8,35.8,28.1,6620,25.4,0.02,2019
840.0,University of Ghana,37.89,19.97,13.59,23.8,42.2,48.8,37010,24.6,0.02,2019
841.0,Hamamatsu University School of Medicine,37.87,19.95,13.57,21.8,41.6,17.4,1205,3.8,0.01,2019
842.0,Hyogo College of Medicine,37.86,19.93,13.55,36.2,34.0,15.9,878,1.9,0.01,2019
843.0,Indian Institute of Technology (Indian School of Mines) Dhanbad,37.85,19.92,13.53,39.3,49.6,13.7,7370,23.0,0.01,2019
844.0,Inha University,37.83,19.9,13.51,23.5,61.0,29.4,19384,23.7,0.05,2019
845.0,Iran University of Medical Sciences,37.82,19.89,13.49,26.6,40.8,18.8,8600,8.4,0.03,2019
846.0,University of Isfahan,37.8,19.87,13.47,10.4,44.4,16.8,12900,19.8,0.01,2019
847.0,Istanbul University,37.79,19.85,13.45,19.1,51.3,27.3,93109,44.7,0.08,2019
848.0,Iuliu Haţieganu University of Medicine and Pharmacy Cluj-Napoca,37.78,19.84,13.43,32.5,34.0,62.0,7121,6.9,0.33,2019
849.0,University of Jaén,37.76,19.82,13.41,36.1,35.2,34.9,15728,19.2,0.08,2019
850.0,Jamia Millia Islamia,37.75,19.8,13.39,31.1,35.0,23.9,11902,10.9,0.02,2019
851.0,Jeonbuk National University,37.74,19.79,13.37,23.6,38.4,28.8,21221,20.6,0.04,2019
852.0,Jiangsu University,37.72,19.77,13.35,26.9,56.7,35.1,34251,9.5,0.04,2019
853.0,Jilin University,37.71,19.76,13.33,25.7,40.8,28.0,69305,10.7,0.03,2019
854.0,Jinan University,37.7,19.74,13.31,33.1,39.3,50.9,35904,14.4,0.28,2019
855.0,The University of Jordan,37.68,19.72,13.29,13.2,38.5,65.1,31305,16.7,0.15,2019
856.0,Kagawa University,37.67,19.71,13.27,29.8,38.7,28.1,6426,9.5,0.02,2019
857.0,Kanazawa University,37.66,19.69,13.25,27.5,36.2,23.0,10430,10.4,0.05,2019
858.0,Kansai Medical University,37.64,19.68,13.23,30.3,34.5,16.9,845,1.2,0.02,2019
859.0,Kaohsiung Medical University,37.63,19.66,13.21,26.8,49.3,26.4,6896,12.0,0.07,2019
860.0,King Mongkut’s University of Technology Thonburi,37.62,19.65,13.19,25.3,73.2,29.6,16410,22.3,0.01,2019
861.0,K.N. Toosi University of Technology,37.6,19.63,13.17,25.9,49.3,18.3,6646,21.6,0.01,2019
862.0,Kochi University,37.59,19.61,13.15,25.5,38.7,25.5,5563,8.2,0.02,2019
863.0,Kumamoto University,37.58,19.6,13.13,22.5,43.3,27.2,10237,7.7,0.07,2019
864.0,Kuwait University,37.56,19.58,13.11,26.0,36.9,71.9,37207,22.0,0.14,2019
865.0,Kyungpook National University,37.55,19.57,13.09,25.1,42.2,26.7,24981,20.4,0.06,2019
866.0,Kyushu Institute of Technology (Kyutech),37.54,19.55,13.07,23.1,48.0,26.3,5723,16.4,0.04,2019
867.0,University of Latvia,37.52,19.53,13.05,24.0,36.2,40.5,15197,13.6,0.05,2019
868.0,Leeds Beckett University,37.51,19.52,13.03,37.0,34.4,48.8,20100,20.0,0.13,2019
869.0,University of Maribor,37.5,19.5,13.01,37.1,39.1,36.6,12571,14.4,0.05,2019
870.0,University of Marrakech Cadi Ayyad,37.48,19.49,12.99,28.6,36.3,42.0,85610,55.6,0.01,2019
871.0,University of Mazandaran,37.47,19.47,12.97,36.3,37.0,16.3,13164,36.2,0.02,2019
872.0,Mohammed V University of Rabat,37.46,19.46,12.95,28.6,40.8,28.8,75254,33.1,0.04,2019
873.0,University of Murcia,37.44,19.44,12.93,32.2,35.3,37.6,30233,18.1,0.07,2019
874.0,Nagasaki University,37.43,19.43,12.91,21.2,40.2,27.2,9144,6.9,0.04,2019
875.0,Nagoya City University,37.42,19.41,12.89,26.4,45.5,19.8,4385,7.5,0.03,2019
876.0,National Central University,37.41,19.39,12.87,21.6,64.9,37.8,11277,9.7,0.10,2019
877.0,National Chengchi University,37.39,19.38,12.86,9.5,48.9,45.2,14670,17.8,0.16,2019
878.0,National Chung Hsing University,37.38,19.36,12.84,20.2,45.0,22.1,15163,15.5,0.04,2019
879.0,National University of Cuyo,37.37,19.35,12.82,29.3,34.0,41.5,45269,10.1,0.08,2019
880.0,National Dong Hwa University,37.35,19.33,12.8,24.8,41.9,35.8,10154,17.9,0.09,2019
881.0,"National Institute of Technology, Tiruchirappalli",37.34,19.32,12.78,29.7,35.7,21.2,5981,18.5,0.07,2019
882.0,National University of San Martín,37.33,19.3,12.76,33.0,34.6,37.7,14981,15.6,0.05,2019
883.0,National University of Sciences and Technology,37.31,19.29,12.74,34.4,34.1,37.5,10446,7.6,0.03,2019
884.0,National Taipei University,37.3,19.27,12.72,23.6,35.4,22.4,8580,16.9,0.04,2019
885.0,National Taipei University of Technology,37.29,19.25,12.7,22.9,87.5,25.8,10092,16.3,0.08,2019
886.0,National Taiwan Ocean University,37.28,19.24,12.68,16.0,51.8,24.8,8707,21.9,0.07,2019
887.0,Niigata University,37.26,19.22,12.66,31.5,39.5,24.0,12430,7.9,0.04,2019
888.0,Normandy University,37.25,19.21,12.64,40.8,35.8,52.4,66189,20.7,0.11,2019
889.0,"Northeastern University, China",37.24,19.19,12.62,12.8,98.5,29.0,33718,14.4,0.04,2019
890.0,University of Northern British Columbia (UNBC),37.22,19.18,12.6,28.5,34.4,37.1,2684,14.2,0.09,2019
891.0,Northwest University,37.21,19.16,12.58,33.7,42.0,18.5,23155,14.4,0.03,2019
892.0,NorthWest A&F University,37.2,19.15,12.57,29.5,41.8,21.8,29666,15.5,0.01,2019
893.0,Oakland University,37.18,19.13,12.55,23.4,34.9,26.8,15927,19.3,0.03,2019
894.0,Ocean University of China,37.17,19.12,12.53,23.3,47.0,21.8,32161,17.6,0.03,2019
895.0,Okayama University,37.16,19.1,12.51,26.7,49.4,23.2,13189,7.9,0.04,2019
896.0,Osaka City University,37.15,19.09,12.49,28.0,40.0,24.3,8325,8.8,0.04,2019
897.0,Osmania University,37.13,19.07,12.47,15.2,34.2,15.7,12017,16.3,0.03,2019
898.0,University of Ostrava,37.12,19.06,12.45,26.4,34.1,40.5,9382,20.4,0.07,2019
899.0,Pablo de Olavide University,37.11,19.04,12.43,32.9,34.5,50.0,12025,15.2,0.17,2019
900.0,Paris Nanterre University,37.1,19.03,12.41,15.1,34.3,48.0,32735,35.0,0.17,2019
901.0,University of Patras,37.08,19.01,12.39,41.7,39.4,36.2,26098,29.9,0.04,2019
902.0,Pontifical Catholic University of Peru,37.07,19.0,12.38,43.7,34.3,48.9,22322,7.0,0.03,2019
903.0,Universiti Putra Malaysia,37.06,18.98,12.36,18.1,38.1,64.1,23853,10.2,0.20,2019
904.0,University Rey Juan Carlos,37.04,18.96,12.34,35.1,36.4,47.3,36643,26.6,0.14,2019
905.0,Riga Technical University,37.03,18.95,12.32,30.4,50.7,36.2,10564,26.6,0.10,2019
906.0,Robert Gordon University,37.02,18.93,12.3,21.0,34.8,72.4,9405,18.1,0.23,2019
907.0,University of Roehampton,37.01,18.92,12.28,23.4,34.1,74.9,7690,17.1,0.29,2019
908.0,Saitama University,36.99,18.9,12.26,22.8,35.2,29.4,8602,13.7,0.05,2019
909.0,University of Science and Technology Beijing,36.98,18.89,12.24,23.4,54.0,18.8,24090,14.9,0.04,2019
910.0,University of Seoul,36.97,18.87,12.22,25.0,40.3,27.8,8857,16.8,0.05,2019
911.0,University of Sfax,36.96,18.86,12.21,20.2,34.0,39.3,33185,14.4,0.01,2019
912.0,Shahid Beheshti University,36.94,18.84,12.19,29.9,48.9,17.4,18263,21.3,0.01,2019
913.0,Shahid Beheshti University of Medical Sciences,36.93,18.83,12.17,19.7,38.4,15.5,12604,9.0,0.01,2019
914.0,Shanghai University,36.92,18.81,12.15,29.2,68.2,30.6,36382,13.4,0.06,2019
915.0,Shantou University,36.91,18.8,12.13,37.2,37.5,40.9,9981,11.0,0.01,2019
916.0,University of Sharjah,36.89,18.79,12.11,24.4,38.1,99.1,13957,23.1,0.63,2019
917.0,Sheffield Hallam University,36.88,18.77,12.09,32.2,34.4,51.8,24925,16.6,0.14,2019
918.0,Shinshu University,36.87,18.76,12.07,26.9,41.5,23.6,10700,9.9,0.03,2019
919.0,Sidi Mohamed Ben Abdellah University,36.86,18.74,12.06,40.8,34.1,24.7,94163,63.2,0.02,2019
920.0,Southern Medical University,36.84,18.73,12.04,19.8,39.0,21.6,18658,6.5,0.05,2019
921.0,University of South Wales,36.83,18.71,12.02,28.5,34.5,62.2,16500,17.5,0.20,2019
922.0,Staffordshire University,36.82,18.7,12.0,38.4,34.2,50.8,9455,15.3,0.14,2019
923.0,Sultan Qaboos University,36.81,18.68,11.98,16.8,40.8,72.0,7624,8.9,0.03,2019
924.0,Suranaree University of Technology,36.79,18.67,11.96,35.1,40.5,32.1,15068,31.9,0.01,2019
925.0,University of Talca,36.78,18.65,11.95,25.2,34.0,50.5,10628,23.6,0.01,2019
926.0,Tanta University,36.77,18.64,11.93,26.1,34.1,40.4,138971,28.2,0.02,2019
927.0,Teesside University,36.76,18.62,11.91,39.9,34.3,52.6,11580,18.0,0.12,2019
928.0,Universiti Tenaga Nasional (UNITEN),36.74,18.61,11.89,24.6,81.0,35.1,7893,17.7,0.07,2019
929.0,Texas State University,36.73,18.59,11.87,24.4,34.4,30.5,31120,19.7,0.01,2019
930.0,Thapar Institute of Engineering and Technology,36.72,18.58,11.85,34.0,35.7,18.5,7503,15.5,0.01,2019
931.0,Tokushima University,36.71,18.56,11.83,15.6,58.6,21.2,7566,8.8,0.02,2019
932.0,Tokyo University of Agriculture and Technology,36.69,18.55,11.82,20.2,46.6,23.9,5795,14.9,0.06,2019
933.0,Tokyo University of Science,36.68,18.53,11.8,23.3,41.2,19.4,19162,24.8,0.02,2019
934.0,Toyohashi University of Technology (TUT),36.67,18.52,11.78,17.7,47.2,25.3,2350,9.9,0.07,2019
935.0,Tshwane University of Technology,36.66,18.51,11.76,36.9,38.2,40.2,42846,32.3,0.02,2019
936.0,Universiti Utara Malaysia,36.65,18.49,11.74,3.7,36.9,53.2,13171,12.1,0.23,2019
937.0,Vilnius University,36.63,18.48,11.72,32.3,42.7,50.0,16773,11.6,0.08,2019
938.0,VIT University,36.62,18.46,11.71,28.7,36.8,23.4,30941,17.9,0.03,2019
939.0,Warsaw University of Technology,36.61,18.45,11.69,38.1,39.5,24.6,31672,13.4,0.05,2019
940.0,Wuhan University of Technology,36.6,18.43,11.67,31.6,54.4,21.4,50924,14.0,0.03,2019
941.0,Xiangtan University,36.58,18.42,11.65,46.8,38.2,17.8,30928,21.2,0.01,2019
942.0,Xidian University,36.57,18.4,11.63,24.4,75.3,19.3,33258,17.4,0.02,2019
943.0,Yamagata University,36.56,18.39,11.62,20.9,52.8,21.1,8955,8.6,0.01,2019
944.0,University of Yamanashi,36.55,18.37,11.6,23.8,36.5,20.8,4725,6.4,0.04,2019
945.0,Yangzhou University,36.54,18.36,11.58,37.0,40.6,19.4,36362,16.0,0.03,2019
946.0,Yokohama National University,36.52,18.35,11.56,15.0,49.3,24.9,9972,12.6,0.07,2019
947.0,University of Zagreb,36.51,18.33,11.54,23.0,37.0,29.6,66967,18.7,0.01,2019
948.0,University of Abou Bekr Belkaïd Tlemcen,36.5,18.32,11.53,5.2,34.1,39.7,44100,24.3,0.01,2019
949.0,Ain Shams University,36.49,18.3,11.51,17.4,35.5,36.1,171700,17.4,0.03,2019
950.0,Akdeniz University,36.48,18.29,11.49,16.5,96.5,19.6,50491,32.0,0.03,2019
951.0,Akita University,36.46,18.27,11.47,9.4,40.3,21.2,5074,9.2,0.04,2019
952.0,Al-Azhar University,36.45,18.26,11.45,12.6,34.1,46.7,318158,41.9,0.05,2019
953.0,Alexandru Ioan Cuza University,36.44,18.25,11.44,12.9,34.0,36.1,23255,19.1,0.06,2019
954.0,Alzahra University,36.43,18.23,11.42,20.1,35.5,14.1,10590,24.4,0.01,2019
955.0,Amity University,36.42,18.22,11.4,15.6,35.4,19.0,27278,14.0,0.05,2019
956.0,Andhra University,36.4,18.2,11.38,5.0,42.5,17.0,9752,16.8,0.04,2019
957.0,Universidad Andrés Bello (UNAB),36.39,18.19,11.36,27.8,34.2,48.5,44436,23.5,0.01,2019
958.0,Ankara University,36.38,18.17,11.35,11.6,34.6,21.7,69324,18.0,0.04,2019
959.0,Annamalai University,36.37,18.16,11.33,16.7,34.4,15.4,27369,14.1,0.02,2019
960.0,Aoyama Gakuin University,36.36,18.15,11.31,24.6,34.3,25.1,19520,8.2,0.03,2019
961.0,Universidad Autónoma de Nuevo León (UANL),36.34,18.13,11.29,10.1,35.0,29.4,102466,27.2,0.01,2019
962.0,Autonomous University of Baja California,36.33,18.12,11.28,6.8,34.8,29.7,59812,20.4,0.02,2019
963.0,Autonomous University of San Luis Potosi,36.32,18.1,11.26,10.7,34.6,31.7,31102,9.3,0.01,2019
964.0,Badji Mokhtar University – Annaba,36.31,18.09,11.24,13.0,34.1,32.7,40514,33.6,0.01,2019
965.0,Bahçeşehir University,36.3,18.07,11.22,18.5,41.1,40.6,14159,34.2,0.12,2019
966.0,University of Bío-Bío,36.28,18.06,11.2,5.9,36.5,43.8,12893,24.7,0.01,2019
967.0,University of Birjand,36.27,18.05,11.19,7.7,34.2,15.3,11347,28.7,0.01,2019
968.0,Birmingham City University,36.26,18.03,11.17,18.5,34.3,57.9,19620,18.8,0.22,2019
969.0,Bucharest University of Economic Studies,36.25,18.02,11.15,14.6,34.0,31.1,21447,11.8,0.03,2019
970.0,Canterbury Christ Church University,36.24,18.0,11.13,13.2,34.0,42.5,11730,18.6,0.12,2019
971.0,Catholic University of the North,36.22,17.99,11.12,16.6,34.5,52.1,11669,20.5,0.02,2019
972.0,Chaoyang University of Technology,36.21,17.98,11.1,4.7,41.4,22.5,17017,43.3,0.08,2019
973.0,University of Chester,36.2,17.96,11.08,20.7,35.1,43.2,10305,17.5,0.10,2019
974.0,Chiba Institute of Technology,36.19,17.95,11.06,6.3,36.4,16.0,9774,30.7,0.01,2019
975.0,Chubu University,36.18,17.93,11.05,14.3,36.3,25.7,12661,24.8,0.01,2019
976.0,Chungnam National University,36.17,17.92,11.03,11.6,40.5,22.7,22773,21.7,0.04,2019
977.0,Chuo University,36.15,17.91,11.01,14.1,36.4,21.5,26698,37.9,0.04,2019
978.0,University of Concepción,36.14,17.89,10.99,18.2,55.1,48.5,27077,17.5,0.01,2019
979.0,Corvinus University of Budapest,36.13,17.88,10.98,20.3,34.2,42.8,10404,24.7,0.14,2019
980.0,Cukurova University,36.12,17.86,10.96,11.2,87.6,19.1,41446,18.7,0.04,2019
981.0,Del Rosario University,36.11,17.85,10.94,18.1,34.2,45.6,9568,12.5,0.01,2019
982.0,Democritus University of Thrace,36.1,17.84,10.92,28.0,34.9,30.3,29386,46.9,0.03,2019
983.0,Dokuz Eylül University,36.08,17.82,10.91,16.4,40.3,17.6,63639,19.2,0.02,2019
984.0,Doshisha University,36.07,17.81,10.89,6.4,35.1,26.8,28311,18.9,0.04,2019
985.0,Prague University of Economics and Business,36.06,17.79,10.87,6.5,34.4,44.3,14945,29.2,0.22,2019
986.0,Ehime University,36.05,17.78,10.85,17.7,41.7,25.5,9419,12.8,0.03,2019
987.0,The University of Electro-Communications,36.04,17.77,10.84,13.2,40.3,28.0,4806,15.7,0.06,2019
988.0,University of Engineering & Technology (UET) Lahore,36.03,17.75,10.82,13.8,34.2,43.8,12467,13.9,0.02,2019
989.0,Universidade Estadual de Maringá,36.01,17.74,10.8,6.4,34.4,16.0,20522,11.4,0.01,2019
990.0,Universidade Federal do Ceará (UFC),36.0,17.73,10.78,21.4,36.0,24.1,31719,14.6,0.01,2019
991.0,Federal University of Itajubá,35.99,17.71,10.77,10.2,36.6,21.4,8997,18.2,0.01,2019
992.0,Federal University of Lavras,35.98,17.7,10.75,7.8,37.6,17.9,15389,22.1,0.01,2019
993.0,Federal University of Pernambuco,35.97,17.68,10.73,14.1,36.7,21.4,38264,14.7,0.01,2019
994.0,Federal University of Uberlândia,35.96,17.67,10.72,9.7,34.3,16.7,20461,11.5,%,2019
995.0,Federal University of Viçosa,35.95,17.66,10.7,10.6,45.8,19.4,17340,14.6,0.02,2019
996.0,Feng Chia University,35.93,17.64,10.68,16.6,39.5,36.8,19811,23.3,0.15,2019
997.0,University of Fukui,35.92,17.63,10.66,7.2,39.6,20.2,4999,9.2,0.04,2019
998.0,Universitas Gadjah Mada,35.91,17.62,10.65,12.8,61.2,32.9,41201,10.5,0.01,2019
999.0,Gazi University,35.9,17.6,10.63,12.9,38.4,16.2,79733,31.5,0.03,2019
1000.0,University of Gdańsk,35.89,17.59,10.61,20.2,34.1,28.2,29683,17.6,0.02,2019
1001.0,Gdańsk University of Technology,35.88,17.57,10.6,29.1,37.7,20.0,23017,18.7,0.02,2019
1002.0,Gifu University,35.86,17.56,10.58,15.3,36.7,22.2,7161,7.9,0.04,2019
1003.0,GITAM University,35.85,17.55,10.56,8.7,34.8,18.6,16223,14.7,0.02,2019
1004.0,Government College University Lahore,35.84,17.53,10.55,4.3,34.1,40.3,8841,33.5,0.01,2019
1005.0,Grigore T. Popa University of Medicine and Pharmacy,35.83,17.52,10.53,10.6,34.2,46.0,9602,11.4,0.29,2019
1006.0,University of Guanajuato,35.82,17.51,10.51,14.3,34.0,32.9,24798,16.6,0.01,2019
1007.0,Guangxi University,35.81,17.49,10.49,11.5,42.6,20.6,34199,15.8,0.05,2019
1008.0,Gunma University,35.8,17.48,10.48,14.3,36.8,18.8,6362,7.3,0.03,2019
1009.0,Hallym University,35.78,17.47,10.46,14.6,35.2,20.3,8372,9.8,0.04,2019
1010.0,Harbin Engineering University,35.77,17.45,10.44,11.5,80.5,16.1,24124,14.1,0.02,2019
1011.0,The Hashemite University,35.76,17.44,10.43,6.1,34.0,47.0,16879,16.8,0.04,2019
1012.0,Université Hassan II de Casablanca,35.75,17.43,10.41,19.5,34.4,38.0,100095,30.7,0.02,2019
1013.0,Helwan University,35.74,17.41,10.39,17.7,34.3,40.2,154964,36.0,0.01,2019
1014.0,Hosei University,35.73,17.4,10.38,23.8,34.9,23.6,30364,41.0,0.02,2019
1015.0,Huaqiao University,35.72,17.39,10.36,20.5,38.1,45.1,29637,17.8,0.11,2019
1016.0,University of Hyogo,35.71,17.37,10.34,10.2,44.6,17.5,6607,14.0,0.02,2019
1017.0,Ibaraki University,35.69,17.36,10.33,9.0,37.4,22.4,8153,12.0,0.03,2019
1018.0,Imam Abdulrahman Bin Faisal University,35.68,17.35,10.31,7.0,34.5,72.0,28627,10.6,0.03,2019
1019.0,Incheon National University,35.67,17.33,10.29,21.3,36.2,31.6,13807,23.0,0.02,2019
1020.0,IPB University,35.66,17.32,10.27,10.9,65.4,33.7,23044,13.1,0.01,2019
1021.0,I-Shou University,35.65,17.31,10.26,13.6,47.3,27.7,16425,31.1,0.09,2019
1022.0,Ivane Javakhishvili Tbilisi State University,35.64,17.29,10.24,2.9,34.4,44.6,20225,24.8,0.02,2019
1023.0,Ivan Franko National University of Lviv,35.63,17.28,10.22,3.2,34.0,36.4,18210,9.6,0.01,2019
1024.0,Iwate University,35.62,17.27,10.21,15.0,43.0,21.6,5626,14.7,0.03,2019
1025.0,Izmir Institute of Technology,35.6,17.25,10.19,25.3,41.9,30.2,5035,22.7,0.03,2019
1026.0,Kagoshima University,35.59,17.24,10.17,16.8,41.9,21.4,10498,10.2,0.03,2019
1027.0,Kanagawa University,35.58,17.23,10.16,11.9,34.0,28.0,18541,13.8,0.03,2019
1028.0,Kansai University,35.57,17.21,10.14,5.2,35.1,22.7,30401,12.0,0.03,2019
1029.0,Kasetsart University,35.56,17.2,10.12,10.3,56.5,36.1,68213,22.9,0.01,2019
1030.0,Kaunas University of Technology,35.55,17.19,10.11,4.1,37.5,24.9,10146,14.0,0.05,2019
1031.0,Kharazmi University,35.54,17.17,10.09,19.1,35.4,15.9,13129,20.7,0.01,2019
1032.0,Khon Kaen University,35.53,17.16,10.08,17.2,49.8,31.5,36280,18.5,0.02,2019
1033.0,KIIT University,35.52,17.15,10.06,24.4,34.3,15.1,19633,14.0,0.02,2019
1034.0,Kogakuin University,35.5,17.13,10.04,9.1,40.7,17.8,6531,17.0,0.01,2019
1035.0,Kookmin University,35.49,17.12,10.03,17.0,36.9,27.5,17299,11.1,0.09,2019
1036.0,Kwansei Gakuin University,35.48,17.11,10.01,10.7,34.7,30.4,23965,21.1,0.03,2019
1037.0,Kyoto Institute of Technology,35.47,17.09,9.99,11.2,41.7,21.0,4060,13.2,0.05,2019
1038.0,University of Lahore,35.46,17.08,9.98,27.1,34.1,33.9,24674,14.3,0.02,2019
1039.0,University of León,35.45,17.07,9.96,23.6,35.7,34.1,12303,14.6,0.05,2019
1040.0,L.N. Gumilyov Eurasian National University,35.44,17.05,9.94,12.6,34.0,48.1,16155,4.9,0.03,2019
1041.0,University of Łódź,35.43,17.04,9.93,13.1,34.1,22.9,33758,15.2,0.04,2019
1042.0,Lodz University of Technology,35.42,17.03,9.91,15.9,36.8,21.6,17115,13.1,0.03,2019
1043.0,London South Bank University,35.41,17.01,9.89,15.8,34.5,71.3,11965,17.1,0.34,2019
1044.0,Londrina State University,35.39,17.0,9.88,14.0,34.0,17.5,23392,13.7,0.01,2019
1045.0,Lviv Polytechnic National University,35.38,16.99,9.86,20.9,34.5,24.1,22520,11.0,0.01,2019
1046.0,Universiti Malaysia Sarawak (UNIMAS),35.37,16.98,9.85,8.6,34.3,37.7,15426,19.2,0.05,2019
1047.0,Manipal Academy of Higher Education,35.36,16.96,9.83,6.5,34.1,26.6,25145,9.7,0.08,2019
1048.0,Marmara University,35.35,16.95,9.81,18.4,34.0,22.2,72603,35.7,0.04,2019
1049.0,Meiji University,35.34,16.94,9.8,13.8,72.7,24.1,32270,29.8,0.04,2019
1050.0,Meijo University,35.33,16.92,9.78,8.8,35.2,23.5,15422,32.6,0.02,2019
1051.0,Menoufia University,35.32,16.91,9.76,15.5,36.6,36.0,82327,38.7,0.01,2019
1052.0,Universidad Michoacana de San Nicolás de Hidalgo,35.31,16.9,9.75,11.0,35.0,29.8,39392,29.0,0.01,2019
1053.0,Ming Chuan University,35.3,16.88,9.73,6.9,34.8,29.1,18800,22.7,0.11,2019
1054.0,Minia University,35.28,16.87,9.71,13.2,34.1,44.6,58870,15.9,0.01,2019
1055.0,University of Miyazaki,35.27,16.86,9.7,19.5,35.9,21.4,5507,8.3,0.02,2019
1056.0,University of Monastir,35.26,16.85,9.68,12.6,34.0,41.8,21267,11.3,0.01,2019
1057.0,Muroran Institute of Technology,35.25,16.83,9.67,22.4,38.2,28.5,3320,18.0,0.04,2019
1058.0,University of Mysore,35.24,16.82,9.65,4.7,34.3,27.5,7944,20.3,0.08,2019
1059.0,Nagaoka University of Technology,35.23,16.81,9.63,12.2,39.8,32.4,2388,10.3,0.12,2019
1060.0,Nagoya Institute of Technology,35.22,16.79,9.62,14.7,53.4,22.0,5637,16.1,0.04,2019
1061.0,University of Nairobi,35.21,16.78,9.6,16.8,35.1,46.8,72466,40.4,0.01,2019
1062.0,Nara Medical University,35.2,16.77,9.59,17.5,39.8,15.0,1202,3.6,0.01,2019
1063.0,Naresuan University,35.19,16.76,9.57,13.3,35.0,33.6,23232,15.8,0.01,2019
1064.0,National Changhua University of Education,35.18,16.74,9.55,11.5,37.4,22.9,8124,21.4,0.08,2019
1065.0,National Chiayi University,35.17,16.73,9.54,6.0,64.0,17.2,12537,26.0,0.04,2019
1066.0,National Chung Cheng University,35.16,16.72,9.52,13.3,40.6,19.7,14278,19.9,0.04,2019
1067.0,National University of Colombia,35.14,16.7,9.51,13.0,34.2,36.2,51844,22.0,0.01,2019
1068.0,National University of Córdoba,35.13,16.69,9.49,21.0,34.7,32.8,64491,11.5,0.02,2019
1069.0,National University of Kaohsiung,35.12,16.68,9.47,7.9,37.5,24.2,5599,23.5,0.04,2019
1070.0,National University of La Plata,35.11,16.67,9.46,13.4,36.0,35.3,118688,23.9,0.05,2019
1071.0,National University of the South,35.1,16.65,9.44,7.9,34.0,24.9,20325,6.9,0.01,2019
1072.0,Nicolaus Copernicus University in Toruń,35.09,16.64,9.43,22.4,35.0,24.6,23670,12.0,0.02,2019
1073.0,University of Nigeria Nsukka,35.08,16.63,9.41,3.6,35.0,21.7,32429,14.2,0.01,2019
1074.0,North China Electric Power University,35.07,16.62,9.39,18.1,34.0,15.4,30412,16.7,0.01,2019
1075.0,Ochanomizu University,35.06,16.6,9.38,12.6,36.2,24.1,2947,14.2,0.05,2019
1076.0,Oita University,35.05,16.59,9.36,13.2,36.7,17.6,5682,9.4,0.01,2019
1077.0,Ondokuz Mayis University,35.04,16.58,9.35,4.9,37.5,20.3,33790,30.5,0.06,2019
1078.0,Osaka Prefecture University,35.03,16.56,9.33,19.0,42.5,20.8,7794,10.0,0.04,2019
1079.0,University of Pardubice,35.02,16.55,9.31,10.8,34.7,25.8,7807,14.5,0.06,2019
1080.0,Pontifical Catholic University of Valparaíso,35.01,16.54,9.3,13.8,46.9,48.7,15165,23.1,0.01,2019
1081.0,Universidad Pontificia Bolivariana (UPB),34.99,16.53,9.28,4.8,36.3,35.1,13748,11.3,0.01,2019
1082.0,Pontifícia Universidade Católica do Paraná,34.98,16.51,9.27,16.1,36.1,24.7,25198,25.8,0.01,2019
1083.0,Prince of Songkla University,34.97,16.5,9.25,21.5,36.2,31.7,41469,18.0,0.02,2019
1084.0,Ritsumeikan University,34.96,16.49,9.24,14.0,34.9,31.6,32739,17.0,0.05,2019
1085.0,University of the Ryukyus,34.95,16.48,9.22,11.4,42.3,25.4,8184,10.9,0.02,2019
1086.0,Saga University,34.94,16.46,9.2,17.6,48.2,23.1,6994,9.9,0.02,2019
1087.0,"University of Santiago, Chile (USACH)",34.93,16.45,9.19,12.1,34.1,46.2,24606,25.9,0.02,2019
1088.0,Sathyabama Institute of Science and Technology,34.92,16.44,9.17,3.4,34.5,15.0,15886,19.5,0.01,2019
1089.0,University of Sciences and Technology Houari Boumediene,34.91,16.43,9.16,8.9,34.0,35.2,35418,19.0,0.01,2019
1090.0,Seoul National University of Science and Technology (SeoulTech),34.9,16.41,9.14,15.0,39.2,19.8,12407,17.3,0.03,2019
1091.0,Shanghai Maritime University,34.89,16.4,9.13,23.4,46.6,33.2,23281,18.0,0.03,2019
1092.0,Shibaura Institute of Technology,34.88,16.39,9.11,8.0,38.3,34.8,7287,23.9,0.13,2019
1093.0,Shimane University,34.87,16.38,9.09,12.0,37.5,19.3,6125,7.9,0.02,2019
1094.0,Shizuoka University,34.86,16.36,9.08,13.9,38.4,25.4,9932,13.7,0.03,2019
1095.0,University of Shizuoka,34.85,16.35,9.06,13.3,37.4,20.6,2937,11.4,0.04,2019
1096.0,University of Silesia in Katowice,34.84,16.34,9.05,18.7,34.1,23.0,25546,13.5,0.03,2019
1097.0,Slovak University of Technology in Bratislava,34.83,16.33,9.03,9.9,36.5,26.5,14579,13.0,0.02,2019
1098.0,Sofia University,34.82,16.31,9.02,12.6,35.2,42.1,23029,14.4,0.05,2019
1099.0,University of Sonora,34.81,16.3,9.0,6.9,34.0,27.5,29921,20.9,0.01,2019
1100.0,Sophia University,34.8,16.29,8.99,11.6,35.3,39.3,13281,24.5,0.09,2019
1101.0,University of South Africa,34.78,16.28,8.97,9.9,34.9,35.0,163520,106.7,0.08,2019
1102.0,University of South China,34.77,16.26,8.95,8.1,35.5,14.9,21927,3.6,0.01,2019
1103.0,University of Southern Mississippi,34.76,16.25,8.94,22.0,38.3,26.4,13562,18.5,0.04,2019
1104.0,Southwest Jiaotong University,34.75,16.24,8.92,12.8,37.7,23.3,36351,16.0,0.02,2019
1105.0,SRM Institute of Science and Technology,34.74,16.23,8.91,14.0,34.2,16.4,47375,16.4,0.02,2019
1106.0,Tamkang University,34.73,16.21,8.89,11.2,35.7,27.5,27041,23.9,0.07,2019
1107.0,University of Tarapacá,34.72,16.2,8.88,11.4,34.0,48.4,8857,25.0,0.02,2019
1108.0,Taras Shevchenko National University of Kyiv,34.71,16.19,8.86,9.5,34.7,33.0,22400,8.8,0.04,2019
1109.0,Technical University of Košice,34.7,16.18,8.85,13.7,42.9,22.7,9013,11.6,0.05,2019
1110.0,Technical University of Liberec,34.69,16.17,8.83,5.3,39.6,34.6,5706,11.0,0.11,2019
1111.0,Universidade Tecnológica Federal do Paraná (UTFPR),34.68,16.15,8.82,7.2,36.8,18.1,33025,13.2,0.01,2019
1112.0,Institut Teknologi Sepuluh Nopember,34.67,16.14,8.8,20.6,52.5,29.6,16712,13.2,0.03,2019
1113.0,Thammasat University,34.66,16.13,8.78,11.4,54.5,35.0,33023,12.2,0.01,2019
1114.0,TOBB University of Economics and Technology,34.65,16.12,8.77,27.1,34.7,25.4,5474,16.5,0.01,2019
1115.0,Tokai University,34.64,16.1,8.75,18.0,36.0,22.1,30070,12.9,0.02,2019
1116.0,Tokyo University of Agriculture,34.63,16.09,8.74,9.9,36.1,18.1,12145,34.9,0.02,2019
1117.0,Tokyo City University,34.62,16.08,8.72,9.4,42.4,18.4,7760,15.9,0.01,2019
1118.0,Tokyo Denki University,34.61,16.07,8.71,2.3,37.8,17.6,9315,25.2,0.02,2019
1119.0,Tokyo University of Marine Science and Technology,34.6,16.06,8.69,9.5,50.3,31.1,2686,11.0,0.07,2019
1120.0,Tomas Bata University in Zlín,34.59,16.04,8.68,14.4,35.7,37.4,8804,20.2,0.10,2019
1121.0,Tottori University,34.58,16.03,8.66,11.5,36.0,18.8,6094,8.2,0.02,2019
1122.0,University of Toyama,34.57,16.02,8.65,15.4,44.1,26.7,9289,12.0,0.03,2019
1123.0,Toyo University,34.56,16.01,8.63,6.5,34.8,32.1,30484,31.0,0.04,2019
1124.0,University of Tunis El Manar,34.55,15.99,8.62,13.8,34.0,38.8,34455,10.3,0.01,2019
1125.0,Unisinos University,34.54,15.98,8.6,14.7,34.9,19.3,13475,21.1,0.01,2019
1126.0,Utsunomiya University,34.53,15.97,8.59,5.4,35.9,23.9,4989,13.8,0.05,2019
1127.0,University of Valparaíso,34.52,15.96,8.57,17.1,34.3,47.0,16535,17.9,0.03,2019
1128.0,"University of Veterinary and Animal Sciences, Lahore",34.51,15.95,8.56,6.3,36.3,33.9,5255,28.9,0.01,2019
1129.0,V.N. Karazin Kharkiv National University,34.5,15.93,8.54,3.1,34.3,52.5,16069,10.1,0.29,2019
1130.0,VSB - Technical University of Ostrava,34.49,15.92,8.53,13.5,40.3,33.4,14835,17.3,0.10,2019
1131.0,University of West Bohemia,34.48,15.91,8.51,16.0,38.4,28.1,11984,17.5,0.04,2019
1132.0,West University of Timişoara,34.47,15.9,8.5,20.1,34.3,31.8,14189,18.3,0.04,2019
1133.0,Wrocław University of Science and Technology,34.46,15.89,8.48,26.4,37.8,19.9,34819,18.5,0.02,2019
1134.0,Yamaguchi University,34.45,15.87,8.47,11.5,43.0,23.5,10569,10.8,0.04,2019
1135.0,Yanshan University,34.44,15.86,8.45,9.1,52.5,15.0,32183,16.3,0.01,2019
1136.0,Yarmouk University,34.43,15.85,8.44,6.9,35.4,49.4,35320,34.5,0.09,2019
1137.0,Yeditepe University,34.42,15.84,8.42,10.1,49.7,22.1,19705,18.6,0.02,2019
1138.0,Yuan Ze University,34.41,15.83,8.4,16.5,49.2,27.4,8186,19.2,0.09,2019
1139.0,Zagazig University,34.4,15.81,8.39,18.7,34.0,38.4,135036,20.6,0.02,2019
