rank,name,overall_score,teaching_score,research_score,citations_score,industry_income_score,international_outlook_score,number_students,student_staff_ratio,intl_students,year,overall_score_n,teaching_score_n,research_score_n,citations_score_n,industry_income_score_n,international_outlook_score_n,number_students_n,student_staff_ratio_n,intl_students_n
1.0,California Institute of Technology,94.3,92.2,98.1,99.7,89.1,67.0,2243.0,0.07,0.27,2015,1.0,0.99,0.99,1.0,0.89,0.68,0.02,0.1,0.43
2.0,Harvard University,93.3,92.9,98.6,98.9,44.0,67.6,20152.0,0.09,0.25,2015,0.99,1.0,1.0,0.99,0.44,0.68,0.17,0.12,0.4
3.0,University of Oxford,93.2,88.6,97.7,95.5,72.9,90.7,19919.0,0.12,0.34,2015,0.99,0.95,0.99,0.96,0.73,0.92,0.16,0.17,0.54
4.0,Stanford University,92.9,91.5,96.7,99.1,63.1,69.0,15596.0,0.08,0.22,2015,0.99,0.98,0.98,0.99,0.63,0.7,0.13,0.11,0.35
5.0,University of Cambridge,92.0,89.7,95.6,95.2,51.1,87.8,18812.0,0.12,0.34,2015,0.98,0.97,0.97,0.95,0.51,0.89,0.16,0.17,0.54
6.0,Massachusetts Institute of Technology,91.9,89.1,88.2,100.0,95.7,84.3,11074.0,0.09,0.33,2015,0.97,0.96,0.89,1.0,0.96,0.85,0.09,0.12,0.52
7.0,Princeton University,90.9,86.6,94.7,99.6,82.7,61.2,7929.0,0.08,0.27,2015,0.96,0.93,0.96,1.0,0.83,0.62,0.07,0.11,0.43
8.0,"University of California, Berkeley",89.5,84.2,96.7,99.1,44.8,58.5,36186.0,0.16,0.15,2015,0.95,0.91,0.98,0.99,0.45,0.59,0.3,0.22,0.24
9.0,Imperial College London,87.5,84.6,88.3,89.4,72.7,92.7,15060.0,0.12,0.51,2015,0.93,0.91,0.9,0.89,0.73,0.94,0.12,0.17,0.81
10.0,Yale University,87.5,88.5,90.8,94.0,42.0,59.8,11751.0,0.04,0.2,2015,0.93,0.95,0.92,0.94,0.42,0.61,0.1,0.06,0.32
11.0,University of Chicago,87.1,83.9,89.9,97.3,36.8,65.2,14221.0,0.07,0.21,2015,0.92,0.9,0.91,0.97,0.37,0.66,0.12,0.1,0.33
12.0,"University of California, Los Angeles",85.5,82.4,90.5,95.3,51.19,49.2,38206.0,0.1,0.15,2015,0.91,0.89,0.92,0.95,0.51,0.5,0.32,0.14,0.24
13.0,ETH Zurich – Swiss Federal Institute of Technology Zurich,84.6,78.2,90.2,83.5,73.2,96.6,18178.0,0.15,0.37,2015,0.9,0.84,0.91,0.84,0.73,0.98,0.15,0.21,0.59
14.0,Columbia University,84.4,83.9,79.4,95.3,51.19,68.3,25055.0,0.06,0.28,2015,0.9,0.9,0.81,0.95,0.51,0.69,0.21,0.08,0.44
15.0,Johns Hopkins University,83.0,75.6,84.2,93.6,100.0,59.7,15128.0,0.04,0.23,2015,0.88,0.81,0.85,0.94,1.0,0.6,0.13,0.06,0.37
16.0,University of Pennsylvania,81.0,79.0,82.0,94.4,43.0,43.8,20376.0,0.06,0.2,2015,0.86,0.85,0.83,0.94,0.43,0.44,0.17,0.08,0.32
17.0,University of Michigan,80.9,77.0,86.5,88.9,55.7,49.8,41786.0,0.09,0.16,2015,0.86,0.83,0.88,0.89,0.56,0.5,0.35,0.12,0.25
18.0,Duke University,79.9,73.5,75.2,96.6,100.0,50.5,15172.0,0.05,0.17,2015,0.85,0.79,0.76,0.97,1.0,0.51,0.13,0.07,0.27
19.0,Cornell University,79.4,71.6,83.8,91.5,33.7,59.0,21424.0,0.1,0.19,2015,0.84,0.77,0.85,0.92,0.34,0.6,0.18,0.14,0.3
20.0,University of Toronto,79.3,74.4,85.1,83.0,46.1,71.2,66198.0,0.2,0.15,2015,0.84,0.8,0.86,0.83,0.46,0.72,0.55,0.28,0.24
21.0,Northwestern University,79.2,72.7,78.9,96.9,77.0,36.7,18334.0,0.14,0.15,2015,0.84,0.78,0.8,0.97,0.77,0.37,0.15,0.19,0.24
22.0,University College London,78.7,70.4,80.4,85.1,46.2,90.6,26607.0,0.11,0.46,2015,0.83,0.76,0.82,0.85,0.46,0.92,0.22,0.15,0.73
23.0,University of Tokyo,76.1,81.4,85.1,74.7,51.2,32.4,26199.0,0.06,0.1,2015,0.81,0.88,0.86,0.75,0.51,0.33,0.22,0.08,0.16
24.0,Carnegie Mellon University,74.3,61.6,74.9,92.0,53.0,59.3,11885.0,0.13,0.35,2015,0.79,0.66,0.76,0.92,0.53,0.6,0.1,0.18,0.56
25.0,National University of Singapore,73.3,72.0,78.1,66.0,53.4,94.9,31592.0,0.16,0.34,2015,0.78,0.78,0.79,0.66,0.53,0.96,0.26,0.22,0.54
26.0,University of Washington,73.2,64.5,68.9,95.0,44.7,47.9,44020.0,0.12,0.13,2015,0.78,0.69,0.7,0.95,0.45,0.48,0.36,0.17,0.21
27.0,Georgia Institute of Technology,72.8,62.5,71.2,85.8,72.3,68.9,19967.0,0.2,0.26,2015,0.77,0.67,0.72,0.86,0.72,0.7,0.17,0.28,0.41
28.0,University of Texas at Austin,72.3,64.3,72.0,91.5,58.1,33.1,49427.0,0.17,0.09,2015,0.77,0.69,0.73,0.92,0.58,0.34,0.41,0.24,0.14
29.0,LMU Munich,71.9,65.1,69.1,83.0,100.0,56.4,35691.0,0.16,0.13,2015,0.76,0.7,0.7,0.83,1.0,0.57,0.3,0.22,0.21
30.0,University of Illinois at Urbana-Champaign,71.9,67.7,79.0,77.8,51.7,43.9,42727.0,0.19,0.2,2015,0.76,0.73,0.8,0.78,0.52,0.44,0.35,0.26,0.32
31.0,University of Wisconsin-Madison,71.9,67.7,71.3,87.7,53.3,33.6,39655.0,0.11,0.11,2015,0.76,0.73,0.72,0.88,0.53,0.34,0.33,0.15,0.17
32.0,University of British Columbia,71.8,60.5,69.0,85.3,40.1,84.8,50152.0,0.18,0.25,2015,0.76,0.65,0.7,0.85,0.4,0.86,0.41,0.25,0.4
33.0,University of Melbourne,71.2,60.4,70.9,80.6,61.2,81.3,40128.0,0.24,0.35,2015,0.76,0.65,0.72,0.81,0.61,0.82,0.33,0.33,0.56
34.0,London School of Economics and Political Science,70.9,65.4,74.2,71.3,40.6,87.4,23638.58,0.19,0.16,2015,0.75,0.7,0.75,0.71,0.41,0.88,0.2,0.26,0.25
35.0,École Polytechnique Fédérale de Lausanne,70.9,54.7,56.9,95.0,61.9,98.8,9666.0,0.1,0.54,2015,0.75,0.59,0.58,0.95,0.62,1.0,0.08,0.14,0.86
36.0,University of Edinburgh,70.4,58.9,62.9,88.3,41.2,84.3,25774.0,0.14,0.36,2015,0.75,0.63,0.64,0.88,0.41,0.85,0.21,0.19,0.57
37.0,"University of California, Santa Barbara",70.0,49.4,61.4,99.2,87.1,64.3,22020.0,0.27,0.11,2015,0.74,0.53,0.62,0.99,0.87,0.65,0.18,0.38,0.17
38.0,New York University,69.9,68.3,62.4,89.5,30.2,41.2,42056.0,0.07,0.19,2015,0.74,0.74,0.63,0.9,0.3,0.42,0.35,0.1,0.3
39.0,McGill University,69.6,63.3,69.9,76.0,38.6,79.0,31326.0,0.14,0.23,2015,0.74,0.68,0.71,0.76,0.39,0.8,0.26,0.19,0.37
40.0,King’s College London,69.4,55.6,62.3,88.3,39.0,87.0,21394.0,0.11,0.37,2015,0.74,0.6,0.63,0.88,0.39,0.88,0.18,0.15,0.59
41.0,"University of California, San Diego",68.6,52.0,66.6,96.4,54.2,37.0,27233.0,0.06,0.11,2015,0.73,0.56,0.68,0.96,0.54,0.37,0.23,0.08,0.17
42.0,Washington University in St Louis,67.8,57.6,55.2,97.1,51.19,46.5,12528.0,0.06,0.17,2015,0.72,0.62,0.56,0.97,0.51,0.47,0.1,0.08,0.27
43.0,University of Hong Kong,67.5,62.1,72.6,65.1,56.0,81.9,19835.0,0.18,0.38,2015,0.72,0.67,0.74,0.65,0.56,0.83,0.16,0.25,0.6
44.0,Karolinska Institute,66.8,57.1,68.0,76.8,65.5,60.6,7774.0,0.12,0.22,2015,0.71,0.61,0.69,0.77,0.66,0.61,0.06,0.17,0.35
45.0,Australian National University,66.5,53.7,70.9,71.1,38.9,91.3,14604.0,0.19,0.35,2015,0.71,0.58,0.72,0.71,0.39,0.92,0.12,0.26,0.56
46.0,University of Minnesota,65.9,59.9,64.7,82.9,51.19,33.8,46825.0,0.18,0.13,2015,0.7,0.64,0.66,0.83,0.51,0.34,0.39,0.25,0.21
47.0,University of North Carolina at Chapel Hill,65.9,57.9,58.6,91.0,40.5,35.3,26518.0,0.07,0.08,2015,0.7,0.62,0.59,0.91,0.4,0.36,0.22,0.1,0.13
48.0,Peking University,65.2,70.0,61.9,63.7,100.0,53.7,40148.0,0.08,0.14,2015,0.69,0.75,0.63,0.64,1.0,0.54,0.33,0.11,0.22
49.0,Tsinghua University,65.1,64.1,68.3,65.0,99.7,44.6,39763.0,0.14,0.1,2015,0.69,0.69,0.69,0.65,1.0,0.45,0.33,0.19,0.16
50.0,Seoul National University,64.8,75.5,77.1,48.7,86.3,30.3,26389.0,0.14,0.1,2015,0.69,0.81,0.78,0.49,0.86,0.31,0.22,0.19,0.16
51.0,Hong Kong University of Science and Technology,64.7,51.8,66.8,72.9,57.6,77.8,11385.0,0.24,0.36,2015,0.69,0.56,0.68,0.73,0.58,0.79,0.09,0.33,0.57
52.0,Korea Advanced Institute of Science and Technology (KAIST),64.5,63.5,63.2,71.4,100.0,34.9,9027.0,0.1,0.09,2015,0.68,0.68,0.64,0.71,1.0,0.35,0.07,0.14,0.14
53.0,University of Manchester,64.5,58.1,58.7,74.3,39.4,82.0,34938.0,0.15,0.34,2015,0.68,0.63,0.6,0.74,0.39,0.83,0.29,0.21,0.54
54.0,Brown University,64.1,55.5,54.2,92.0,32.7,37.0,8653.0,0.1,0.19,2015,0.68,0.6,0.55,0.92,0.33,0.37,0.07,0.14,0.3
55.0,KU Leuven,63.7,53.0,63.6,71.8,99.9,62.3,42503.0,0.42,0.18,2015,0.68,0.57,0.65,0.72,1.0,0.63,0.35,0.58,0.29
56.0,"University of California, Davis",63.7,54.4,59.7,80.4,55.4,52.9,35364.0,0.14,0.13,2015,0.68,0.59,0.61,0.8,0.55,0.54,0.29,0.19,0.21
57.0,Boston University,63.6,56.4,46.7,94.4,30.3,47.8,24789.0,0.09,0.17,2015,0.67,0.61,0.47,0.94,0.3,0.48,0.2,0.12,0.27
58.0,Pennsylvania State University,62.9,54.6,64.8,76.0,60.4,37.4,44501.0,0.12,0.12,2015,0.67,0.59,0.66,0.76,0.6,0.38,0.37,0.17,0.19
59.0,Kyoto University,62.8,70.4,68.4,57.0,73.3,29.0,22809.0,0.06,0.07,2015,0.67,0.76,0.69,0.57,0.73,0.29,0.19,0.08,0.11
60.0,University of Sydney,62.7,52.8,60.8,69.0,67.3,83.6,41868.0,0.2,0.28,2015,0.66,0.57,0.62,0.69,0.67,0.85,0.35,0.28,0.44
61.0,Nanyang Technological University,62.2,43.9,55.9,75.9,100.0,92.5,25028.0,0.16,0.33,2015,0.66,0.47,0.57,0.76,1.0,0.94,0.21,0.22,0.52
62.0,École Polytechnique,62.2,50.5,47.1,79.9,76.8,94.5,2429.0,0.05,0.3,2015,0.66,0.54,0.48,0.8,0.77,0.96,0.02,0.07,0.48
63.0,Scuola Normale Superiore di Pisa,61.9,48.2,46.0,96.4,40.1,50.1,462.0,0.16,0.05,2015,0.66,0.52,0.47,0.96,0.4,0.51,0.0,0.22,0.08
64.0,Leiden University,61.3,45.0,58.2,82.3,47.3,59.5,21222.0,0.17,0.1,2015,0.65,0.48,0.59,0.82,0.47,0.6,0.18,0.24,0.16
65.0,The University of Queensland,61.2,45.8,58.4,74.2,66.2,80.4,34718.0,0.33,0.27,2015,0.65,0.49,0.59,0.74,0.66,0.81,0.29,0.46,0.43
66.0,Pohang University of Science and Technology,61.1,52.7,49.3,84.4,100.0,36.0,3055.0,0.1,0.04,2015,0.65,0.57,0.5,0.84,1.0,0.36,0.03,0.14,0.06
67.0,University of Göttingen,61.0,46.9,48.0,92.3,32.8,53.9,25581.0,0.26,0.12,2015,0.65,0.5,0.49,0.92,0.33,0.55,0.21,0.36,0.19
68.0,Ohio State University,60.7,54.0,51.1,80.4,46.8,51.5,51462.0,0.13,0.12,2015,0.64,0.58,0.52,0.8,0.47,0.52,0.43,0.18,0.19
69.0,Rice University,59.8,41.7,37.1,99.9,34.6,70.8,6333.0,0.09,0.26,2015,0.63,0.45,0.38,1.0,0.35,0.72,0.05,0.12,0.41
70.0,Heidelberg University,59.6,52.6,45.4,81.4,41.6,63.1,28881.0,0.24,0.17,2015,0.63,0.57,0.46,0.81,0.42,0.64,0.24,0.33,0.27
71.0,Delft University of Technology,59.2,55.5,71.4,42.6,100.0,77.9,15920.0,0.19,0.25,2015,0.63,0.6,0.72,0.43,1.0,0.79,0.13,0.26,0.4
72.0,Erasmus University Rotterdam,59.1,39.8,53.7,82.3,54.4,66.2,20580.0,0.19,0.18,2015,0.63,0.43,0.54,0.82,0.54,0.67,0.17,0.26,0.29
73.0,Wageningen University and Research Center,59.0,44.3,46.8,77.5,100.0,78.7,9248.0,0.17,0.21,2015,0.63,0.48,0.47,0.78,1.0,0.8,0.08,0.24,0.33
74.0,University of Bristol,58.9,43.7,44.7,85.1,42.1,76.6,17906.0,0.14,0.25,2015,0.62,0.47,0.45,0.85,0.42,0.78,0.15,0.19,0.4
75.0,University of Basel,58.4,41.2,41.1,81.4,97.7,91.2,12551.0,0.17,0.24,2015,0.62,0.44,0.42,0.81,0.98,0.92,0.1,0.24,0.38
76.0,University of Southern California,58.4,55.2,44.6,81.3,34.4,42.7,36534.0,0.13,0.2,2015,0.62,0.59,0.45,0.81,0.34,0.43,0.3,0.18,0.32
77.0,University of Amsterdam,58.2,42.0,55.4,76.6,56.7,60.5,24570.0,0.14,0.11,2015,0.62,0.45,0.56,0.77,0.57,0.61,0.2,0.19,0.17
78.0,École Normale Supérieure,58.1,48.7,36.2,84.8,39.4,81.9,2400.0,0.08,0.2,2015,0.62,0.52,0.37,0.85,0.39,0.83,0.02,0.11,0.32
79.0,Utrecht University,58.0,38.2,54.8,80.0,84.1,52.9,30779.0,0.15,0.07,2015,0.62,0.41,0.56,0.8,0.84,0.54,0.25,0.21,0.11
80.0,Humboldt University of Berlin,57.9,51.9,52.6,71.9,31.9,55.7,29987.0,0.52,0.16,2015,0.61,0.56,0.53,0.72,0.32,0.56,0.25,0.72,0.25
81.0,Free University of Berlin,57.6,49.4,58.0,67.6,33.5,56.6,33062.0,0.39,0.2,2015,0.61,0.53,0.59,0.68,0.34,0.57,0.27,0.54,0.32
82.0,Michigan State University,57.3,51.1,49.4,74.0,31.7,55.0,44750.0,0.16,0.15,2015,0.61,0.55,0.5,0.74,0.32,0.56,0.37,0.22,0.24
83.0,Durham University,56.9,37.2,40.7,88.9,34.8,80.4,15489.0,0.16,0.24,2015,0.6,0.4,0.41,0.89,0.35,0.81,0.13,0.22,0.38
84.0,Monash University,56.9,43.7,54.4,65.7,73.4,79.6,50882.0,0.4,0.36,2015,0.6,0.47,0.55,0.66,0.73,0.81,0.42,0.56,0.57
85.0,Middle East Technical University,56.6,45.5,36.9,92.0,55.2,38.7,25779.0,0.22,0.07,2015,0.6,0.49,0.37,0.92,0.55,0.39,0.21,0.31,0.11
86.0,University of Arizona,56.5,44.9,51.4,74.0,99.6,38.8,36429.0,0.13,0.08,2015,0.6,0.48,0.52,0.74,1.0,0.39,0.3,0.18,0.13
87.0,University of Notre Dame,56.5,43.3,38.5,90.0,51.19,51.4,11829.0,0.14,0.1,2015,0.6,0.47,0.39,0.9,0.51,0.52,0.1,0.19,0.16
88.0,Tufts University,56.4,43.6,33.9,92.9,58.7,51.1,10410.0,0.1,0.14,2015,0.6,0.47,0.34,0.93,0.59,0.52,0.09,0.14,0.22
89.0,"University of California, Irvine",56.4,39.5,41.7,89.5,40.0,56.1,26614.0,0.16,0.16,2015,0.6,0.43,0.42,0.9,0.4,0.57,0.22,0.22,0.25
90.0,Ghent University,56.2,42.5,51.6,73.8,85.3,49.1,32166.0,0.34,0.09,2015,0.6,0.46,0.52,0.74,0.85,0.5,0.27,0.47,0.14
91.0,University of Massachusetts,56.1,44.8,49.1,78.7,52.8,40.3,56959.0,0.13,0.11,2015,0.59,0.48,0.5,0.79,0.53,0.41,0.47,0.18,0.17
92.0,University of Pittsburgh,56.1,45.2,46.3,84.4,38.5,32.2,26485.0,0.06,0.1,2015,0.59,0.49,0.47,0.84,0.38,0.33,0.22,0.08,0.16
93.0,Emory University,55.5,49.0,32.4,89.5,42.3,42.9,12338.0,0.04,0.18,2015,0.59,0.53,0.33,0.9,0.42,0.43,0.1,0.06,0.29
94.0,McMaster University,55.3,38.1,43.2,78.8,85.0,69.4,23823.0,0.19,0.15,2015,0.59,0.41,0.44,0.79,0.85,0.7,0.2,0.26,0.24
95.0,University of Glasgow,55.3,37.0,40.5,83.7,39.9,78.8,22616.0,0.16,0.29,2015,0.59,0.4,0.41,0.84,0.4,0.8,0.19,0.22,0.46
96.0,Vanderbilt University,55.2,46.0,38.2,87.7,59.4,28.3,12161.0,0.04,0.1,2015,0.59,0.5,0.39,0.88,0.59,0.29,0.1,0.06,0.16
97.0,University of Colorado Boulder,55.1,35.0,38.3,97.4,51.19,39.1,29325.0,0.16,0.08,2015,0.58,0.38,0.39,0.97,0.51,0.4,0.24,0.22,0.13
98.0,Stockholm University,54.6,30.1,45.0,90.9,32.4,53.2,31715.0,0.24,0.08,2015,0.58,0.32,0.46,0.91,0.32,0.54,0.26,0.33,0.13
99.0,Technical University of Munich,54.6,45.6,37.4,78.8,49.0,64.0,35565.0,0.32,0.2,2015,0.58,0.49,0.38,0.79,0.49,0.65,0.29,0.44,0.32
100.0,Uppsala University,54.6,40.2,53.0,70.9,39.6,57.5,25266.0,0.18,0.12,2015,0.58,0.43,0.54,0.71,0.4,0.58,0.21,0.25,0.19
101.0,Maastricht University,54.3,32.4,48.1,70.1,96.1,89.7,15626.0,0.19,0.48,2015,0.58,0.35,0.49,0.7,0.96,0.91,0.13,0.26,0.76
102.0,Purdue University,54.0,47.8,50.5,62.2,51.19,64.3,39256.0,0.18,0.22,2015,0.57,0.51,0.51,0.62,0.51,0.65,0.32,0.25,0.35
103.0,Pierre and Marie Curie University,53.9,47.3,30.0,83.3,33.4,64.7,27862.0,0.09,0.18,2015,0.57,0.51,0.3,0.83,0.33,0.65,0.23,0.12,0.29
104.0,University of Helsinki,53.9,37.5,48.1,79.0,31.5,49.7,23505.0,0.15,0.06,2015,0.57,0.4,0.49,0.79,0.32,0.5,0.19,0.21,0.1
105.0,University of Warwick,53.9,41.1,45.8,68.2,35.6,85.7,18529.0,0.17,0.37,2015,0.57,0.44,0.46,0.68,0.36,0.87,0.15,0.24,0.59
106.0,University of Zurich,53.9,40.2,33.1,81.4,40.1,86.9,26583.0,0.06,0.19,2015,0.57,0.43,0.34,0.81,0.4,0.88,0.22,0.08,0.3
107.0,Queen Mary University of London,53.8,32.4,32.9,88.9,37.1,88.6,14260.0,0.14,0.4,2015,0.57,0.35,0.33,0.89,0.37,0.9,0.12,0.19,0.63
108.0,University of Geneva,53.8,34.5,37.2,78.2,65.1,96.8,15668.0,0.15,0.39,2015,0.57,0.37,0.38,0.78,0.65,0.98,0.13,0.21,0.62
109.0,"University of California, Santa Cruz",53.7,30.6,31.9,100.0,33.8,54.6,17404.0,0.23,0.01,2015,0.57,0.33,0.32,1.0,0.34,0.55,0.14,0.32,0.02
110.0,University of New South Wales,53.7,41.1,51.9,61.1,47.8,83.5,38309.0,0.26,0.33,2015,0.57,0.44,0.53,0.61,0.48,0.85,0.32,0.36,0.52
111.0,University of St Andrews,53.6,35.7,35.9,81.4,39.8,90.5,8338.0,0.13,0.47,2015,0.57,0.38,0.36,0.81,0.4,0.92,0.07,0.18,0.75
112.0,University of Sussex,53.6,31.9,30.4,92.8,31.2,83.6,12001.0,0.17,0.35,2015,0.57,0.34,0.31,0.93,0.31,0.85,0.1,0.24,0.56
113.0,University of Montreal,53.4,43.8,44.4,62.9,91.8,76.7,38264.0,0.2,0.25,2015,0.57,0.47,0.45,0.63,0.92,0.78,0.32,0.28,0.4
114.0,University of Tübingen,53.4,41.5,44.7,74.0,54.7,53.0,28327.0,0.39,0.12,2015,0.57,0.45,0.45,0.74,0.55,0.54,0.23,0.54,0.19
115.0,University of York,53.4,32.2,33.8,90.5,32.2,75.0,23638.58,0.19,0.16,2015,0.57,0.35,0.34,0.9,0.32,0.76,0.2,0.26,0.25
116.0,Case Western Reserve University,53.2,46.5,37.4,82.9,51.19,34.4,9259.0,0.06,0.17,2015,0.56,0.5,0.38,0.83,0.51,0.35,0.08,0.08,0.27
117.0,University of Groningen,53.1,36.9,50.8,68.1,88.9,56.1,24556.0,0.26,0.12,2015,0.56,0.4,0.52,0.68,0.89,0.57,0.2,0.36,0.19
118.0,"Royal Holloway, University of London",53.0,29.1,22.4,98.9,32.8,94.4,8747.0,0.16,0.37,2015,0.56,0.31,0.23,0.99,0.33,0.96,0.07,0.22,0.59
119.0,Lund University,52.9,32.6,48.5,74.9,32.6,70.1,28251.0,0.12,0.15,2015,0.56,0.35,0.49,0.75,0.33,0.71,0.23,0.17,0.24
120.0,Paris-Sud University,52.8,37.3,33.1,87.7,28.9,62.7,27603.0,0.15,0.17,2015,0.56,0.4,0.34,0.88,0.29,0.63,0.23,0.21,0.27
121.0,Technical University of Denmark,52.7,39.9,28.2,79.6,98.6,79.7,9990.0,0.05,0.18,2015,0.56,0.43,0.29,0.8,0.99,0.81,0.08,0.07,0.29
122.0,University of Rochester,52.7,41.9,29.2,87.7,36.4,55.5,9390.0,0.04,0.26,2015,0.56,0.45,0.3,0.88,0.36,0.56,0.08,0.06,0.41
123.0,University of Sheffield,52.7,40.0,39.1,74.3,43.8,74.8,23311.0,0.16,0.31,2015,0.56,0.43,0.4,0.74,0.44,0.76,0.19,0.22,0.49
124.0,University of Alberta,52.6,43.8,47.1,61.8,51.8,73.4,36299.0,0.22,0.23,2015,0.56,0.47,0.48,0.62,0.52,0.74,0.3,0.31,0.37
125.0,University of Cape Town,52.6,26.8,35.3,86.6,88.0,76.7,20040.0,0.12,0.18,2015,0.56,0.29,0.36,0.87,0.88,0.78,0.17,0.17,0.29
126.0,Boston College,52.5,32.4,29.1,95.9,46.5,54.6,13216.0,0.17,0.19,2015,0.56,0.35,0.3,0.96,0.46,0.55,0.11,0.24,0.3
127.0,KTH Royal Institute of Technology,52.5,45.7,44.8,55.1,100.0,84.0,12062.0,0.15,0.21,2015,0.56,0.49,0.45,0.55,1.0,0.85,0.1,0.21,0.33
128.0,University of Florida,52.5,49.8,52.1,62.2,51.19,32.2,50095.0,0.19,0.09,2015,0.56,0.54,0.53,0.62,0.51,0.33,0.41,0.26,0.14
129.0,Chinese University of Hong Kong,52.4,43.9,53.5,57.8,42.8,64.0,17916.0,0.1,0.22,2015,0.56,0.47,0.54,0.58,0.43,0.65,0.15,0.14,0.35
130.0,University of Virginia,52.1,48.7,35.9,76.9,49.8,31.8,23845.0,0.1,0.12,2015,0.55,0.52,0.36,0.77,0.5,0.32,0.2,0.14,0.19
131.0,Lancaster University,52.0,35.4,36.1,78.0,34.1,84.7,11512.0,0.15,0.33,2015,0.55,0.38,0.37,0.78,0.34,0.86,0.1,0.21,0.52
132.0,University of Bern,51.9,42.0,36.9,70.1,47.4,80.7,14708.0,0.22,0.14,2015,0.55,0.45,0.37,0.7,0.47,0.82,0.12,0.31,0.22
133.0,"University of Maryland, College Park",51.9,36.5,39.1,83.6,33.2,44.8,31331.0,0.08,0.09,2015,0.55,0.39,0.4,0.84,0.33,0.45,0.26,0.11,0.14
134.0,University of Southampton,51.9,35.2,34.1,79.7,38.9,82.4,20925.0,0.14,0.29,2015,0.55,0.38,0.35,0.8,0.39,0.83,0.17,0.19,0.46
135.0,TU Dresden,51.6,39.8,42.0,70.8,99.5,44.7,35487.0,0.37,0.12,2015,0.55,0.43,0.43,0.71,1.0,0.45,0.29,0.51,0.19
136.0,University of Lausanne,51.4,29.4,39.9,76.5,50.9,85.1,11964.0,0.13,0.22,2015,0.55,0.32,0.4,0.76,0.51,0.86,0.1,0.18,0.35
137.0,VU University Amsterdam,51.4,35.5,43.2,74.9,60.0,50.6,23280.0,0.16,0.06,2015,0.55,0.38,0.44,0.75,0.6,0.51,0.19,0.22,0.1
138.0,Trinity College Dublin,51.2,39.4,30.3,77.6,30.6,83.9,15521.0,0.18,0.25,2015,0.54,0.42,0.31,0.78,0.31,0.85,0.13,0.25,0.4
139.0,Boğaziçi University,51.1,28.5,27.6,96.8,47.7,54.1,11506.0,0.25,0.07,2015,0.54,0.31,0.28,0.97,0.48,0.55,0.1,0.35,0.11
140.0,Radboud University Nijmegen,51.0,30.5,46.7,73.9,42.8,61.6,17713.0,0.13,0.1,2015,0.54,0.33,0.47,0.74,0.43,0.62,0.15,0.18,0.16
141.0,Colorado School of Mines,50.9,26.1,26.7,97.1,79.4,52.6,5287.0,0.18,0.12,2015,0.54,0.28,0.27,0.97,0.79,0.53,0.04,0.25,0.19
142.0,Texas A&M University,50.9,46.2,51.9,55.1,49.6,49.1,50657.0,0.21,0.09,2015,0.54,0.5,0.53,0.55,0.5,0.5,0.42,0.29,0.14
143.0,Tokyo Institute of Technology,50.9,53.5,52.9,48.1,69.4,37.0,9586.0,0.07,0.13,2015,0.54,0.58,0.54,0.48,0.69,0.37,0.08,0.1,0.21
144.0,Eindhoven University of Technology,50.5,38.3,47.1,57.3,99.9,69.0,8176.0,0.16,0.14,2015,0.54,0.41,0.48,0.57,1.0,0.7,0.07,0.22,0.22
145.0,"Rutgers, the State University of New Jersey",50.5,40.5,45.3,71.0,35.2,34.3,37032.0,0.17,0.08,2015,0.54,0.44,0.46,0.71,0.35,0.35,0.31,0.24,0.13
146.0,University of Leeds,50.4,39.4,39.1,69.3,39.4,67.6,27703.0,0.15,0.21,2015,0.53,0.42,0.4,0.69,0.39,0.68,0.23,0.21,0.33
147.0,Brandeis University,50.3,25.8,29.1,95.3,43.9,54.7,5495.0,0.13,0.22,2015,0.53,0.28,0.3,0.95,0.44,0.55,0.05,0.18,0.35
148.0,Sungkyunkwan University (SKKU),50.2,48.1,50.2,51.7,98.5,35.8,24365.0,0.2,0.09,2015,0.53,0.52,0.51,0.52,0.98,0.36,0.2,0.28,0.14
149.0,University of Birmingham,50.2,42.8,39.8,62.7,36.0,75.8,25295.0,0.16,0.23,2015,0.53,0.46,0.4,0.63,0.36,0.77,0.21,0.22,0.37
150.0,Indiana University,50.1,46.5,35.1,73.1,51.19,37.1,62468.0,0.14,0.13,2015,0.53,0.5,0.36,0.73,0.51,0.38,0.52,0.19,0.21
151.0,"University of California, Riverside",50.1,29.4,27.5,91.5,39.5,61.6,20626.0,0.22,0.12,2015,0.53,0.32,0.28,0.92,0.4,0.62,0.17,0.31,0.19
152.0,Dartmouth College,50.0,38.3,35.4,80.4,49.1,33.1,6178.0,0.07,0.16,2015,0.53,0.41,0.36,0.8,0.49,0.34,0.05,0.1,0.25
153.0,Aarhus University,49.9,30.9,47.5,66.5,59.8,66.3,23895.0,0.14,0.14,2015,0.53,0.33,0.48,0.66,0.6,0.67,0.2,0.19,0.22
154.0,University of Exeter,49.7,32.0,32.7,78.0,35.8,79.8,17755.0,0.19,0.28,2015,0.53,0.34,0.33,0.78,0.36,0.81,0.15,0.26,0.44
155.0,National Taiwan University,49.3,48.8,57.3,47.7,43.8,27.5,31891.0,0.12,0.07,2015,0.52,0.53,0.58,0.48,0.44,0.28,0.26,0.17,0.11
156.0,RWTH Aachen University,49.2,39.0,29.9,75.0,69.8,56.8,37917.0,0.28,0.16,2015,0.52,0.42,0.3,0.75,0.7,0.57,0.31,0.39,0.25
157.0,Osaka University,49.1,51.3,48.0,51.1,73.6,29.1,23144.0,0.08,0.09,2015,0.52,0.55,0.49,0.51,0.74,0.29,0.19,0.11,0.14
158.0,University of Liverpool,49.1,31.3,33.2,76.2,40.0,79.5,18815.0,0.14,0.3,2015,0.52,0.34,0.34,0.76,0.4,0.8,0.16,0.19,0.48
159.0,University of Western Australia,49.1,36.3,38.1,62.2,63.3,87.3,20851.0,0.21,0.27,2015,0.52,0.39,0.39,0.62,0.63,0.88,0.17,0.29,0.43
160.0,University of Copenhagen,49.0,34.0,34.4,73.5,44.4,71.8,27545.0,0.04,0.19,2015,0.52,0.37,0.35,0.74,0.44,0.73,0.23,0.06,0.3
161.0,École Normale Supérieure de Lyon,49.0,38.1,33.8,73.0,29.3,64.4,2218.0,0.08,0.14,2015,0.52,0.41,0.34,0.73,0.29,0.65,0.02,0.11,0.22
162.0,University of Utah,48.6,38.8,36.5,75.0,58.1,27.5,25674.0,0.17,0.09,2015,0.52,0.42,0.37,0.75,0.58,0.28,0.21,0.24,0.14
163.0,University of Freiburg,48.3,38.0,28.1,74.0,81.4,56.7,26467.0,0.31,0.16,2015,0.51,0.41,0.28,0.74,0.81,0.57,0.22,0.43,0.25
164.0,University of Adelaide,48.2,33.8,40.4,61.1,65.3,79.3,20771.0,0.3,0.26,2015,0.51,0.36,0.41,0.61,0.65,0.8,0.17,0.42,0.41
165.0,Istanbul Technical University,48.1,30.2,36.9,79.7,51.1,37.3,34550.0,0.16,0.05,2015,0.51,0.33,0.37,0.8,0.51,0.38,0.29,0.22,0.08
166.0,Karlsruhe Institute of Technology,48.1,40.5,34.9,62.9,82.7,60.1,25294.0,0.25,0.16,2015,0.51,0.44,0.35,0.63,0.83,0.61,0.21,0.35,0.25
167.0,Pompeu Fabra University,48.1,25.1,28.3,88.3,35.9,63.2,10901.0,0.18,0.13,2015,0.51,0.27,0.29,0.88,0.36,0.64,0.09,0.25,0.21
168.0,Tohoku University,48.1,49.7,47.3,49.6,76.8,29.7,17200.0,0.05,0.07,2015,0.51,0.53,0.48,0.5,0.77,0.3,0.14,0.07,0.11
169.0,University of Miami,48.0,42.7,27.2,73.1,51.19,56.7,15286.0,0.06,0.14,2015,0.51,0.46,0.28,0.73,0.51,0.57,0.13,0.08,0.22
170.0,University of Antwerp,47.9,34.6,33.6,67.7,100.0,61.0,12346.0,0.3,0.16,2015,0.51,0.37,0.34,0.68,1.0,0.62,0.1,0.42,0.25
171.0,University of Nottingham,47.8,39.9,35.8,62.7,39.6,70.6,30144.0,0.15,0.27,2015,0.51,0.43,0.36,0.63,0.4,0.71,0.25,0.21,0.43
172.0,Université Catholique de Louvain,47.8,37.9,34.9,67.7,46.1,59.7,28856.0,0.42,0.19,2015,0.51,0.41,0.35,0.68,0.46,0.6,0.24,0.58,0.3
173.0,Georgetown University,47.7,51.1,28.2,62.2,80.0,43.3,15408.0,0.08,0.14,2015,0.51,0.55,0.29,0.62,0.8,0.44,0.13,0.11,0.22
174.0,University of Victoria,47.7,21.6,30.6,86.7,31.6,70.1,17581.0,0.22,0.11,2015,0.51,0.23,0.31,0.87,0.32,0.71,0.15,0.31,0.17
175.0,University of Auckland,47.5,28.6,33.4,68.4,74.2,87.3,29787.0,0.19,0.28,2015,0.5,0.31,0.34,0.68,0.74,0.88,0.25,0.26,0.44
176.0,University of Iowa,47.5,41.9,33.5,71.0,49.3,31.7,27526.0,0.12,0.11,2015,0.5,0.45,0.34,0.71,0.49,0.32,0.23,0.17,0.17
177.0,Syracuse University,47.3,32.4,24.4,87.1,40.6,41.2,19660.0,0.16,0.15,2015,0.5,0.35,0.25,0.87,0.41,0.42,0.16,0.22,0.24
178.0,Joseph Fourier University,47.1,38.0,29.3,73.0,31.3,57.3,16130.0,0.12,0.13,2015,0.5,0.41,0.3,0.73,0.31,0.58,0.13,0.17,0.21
179.0,University of Aberdeen,47.1,28.0,30.2,74.3,42.1,84.1,12938.0,0.16,0.33,2015,0.5,0.3,0.31,0.74,0.42,0.85,0.11,0.22,0.52
180.0,Paris Diderot University – Paris 7,47.0,25.6,19.7,92.2,29.1,67.4,27756.0,0.15,0.17,2015,0.5,0.28,0.2,0.92,0.29,0.68,0.23,0.21,0.27
181.0,University of Delaware,47.0,29.0,36.3,73.1,99.3,40.6,19262.0,0.16,0.1,2015,0.5,0.31,0.37,0.73,0.99,0.41,0.16,0.22,0.16
182.0,Arizona State University,46.9,35.7,37.5,73.1,32.6,29.5,83236.0,0.3,0.09,2015,0.5,0.38,0.38,0.73,0.33,0.3,0.69,0.42,0.14
183.0,Sabancı University,46.9,26.0,27.1,88.5,42.9,44.6,2739.0,0.16,0.06,2015,0.5,0.28,0.27,0.88,0.43,0.45,0.02,0.22,0.1
184.0,University of Vienna,46.9,35.2,39.7,56.3,29.4,91.0,34651.0,0.2,0.25,2015,0.5,0.38,0.4,0.56,0.29,0.92,0.29,0.28,0.4
185.0,Northeastern University,46.8,36.4,21.9,81.3,34.0,54.7,18539.0,0.15,0.26,2015,0.5,0.39,0.22,0.81,0.34,0.55,0.15,0.21,0.41
186.0,University of Oslo,46.7,36.1,35.2,66.3,36.6,60.3,27139.0,0.19,0.18,2015,0.5,0.39,0.36,0.66,0.37,0.61,0.22,0.26,0.29
187.0,Yeshiva University,46.7,45.2,23.9,77.8,51.19,27.6,6753.0,0.06,0.07,2015,0.5,0.49,0.24,0.78,0.51,0.28,0.06,0.08,0.11
188.0,Stony Brook University,46.6,32.8,24.4,80.4,31.3,60.5,21908.0,0.11,0.24,2015,0.49,0.35,0.25,0.8,0.31,0.61,0.18,0.15,0.38
189.0,Tel Aviv University,46.6,43.5,51.1,45.5,42.6,46.1,23977.0,0.24,0.04,2015,0.49,0.47,0.52,0.46,0.43,0.47,0.2,0.33,0.06
190.0,University of Ottawa,46.6,37.9,34.7,62.9,45.9,63.2,36733.0,0.26,0.15,2015,0.49,0.41,0.35,0.63,0.46,0.64,0.3,0.36,0.24
191.0,University at Buffalo,46.5,40.1,39.8,57.5,39.6,57.0,25668.0,0.19,0.19,2015,0.49,0.43,0.4,0.57,0.4,0.58,0.21,0.26,0.3
192.0,City University of Hong Kong,46.3,31.0,32.9,68.6,49.8,71.3,10015.0,0.07,0.28,2015,0.49,0.33,0.33,0.69,0.5,0.72,0.08,0.1,0.44
193.0,Fudan University,46.2,45.6,34.0,61.0,49.4,37.4,32175.0,0.12,0.11,2015,0.49,0.49,0.34,0.61,0.49,0.38,0.27,0.17,0.17
194.0,Iowa State University,46.2,36.4,30.9,72.0,54.4,40.6,29991.0,0.17,0.11,2015,0.49,0.39,0.31,0.72,0.54,0.41,0.25,0.24,0.17
195.0,University of Bonn,46.1,32.2,22.2,83.8,51.19,54.8,32474.0,0.7,0.13,2015,0.49,0.35,0.23,0.84,0.51,0.55,0.27,0.97,0.21
196.0,Lomonosov Moscow State University,46.0,55.9,42.1,33.8,78.5,60.4,30822.0,0.08,0.2,2015,0.49,0.6,0.43,0.34,0.78,0.61,0.25,0.11,0.32
197.0,"St George’s, University of London",46.0,23.1,27.3,86.4,32.4,55.8,2958.0,0.13,0.17,2015,0.49,0.25,0.28,0.86,0.32,0.56,0.02,0.18,0.27
198.0,University of East Anglia,45.9,25.2,22.6,83.7,29.2,76.5,14992.0,0.15,0.28,2015,0.49,0.27,0.23,0.84,0.29,0.77,0.12,0.21,0.44
199.0,University of Leicester,45.7,29.8,31.6,67.1,34.8,83.9,14541.0,0.13,0.35,2015,0.48,0.32,0.32,0.67,0.35,0.85,0.12,0.18,0.56
200.0,Florida Institute of Technology,45.6,19.7,13.1,99.2,53.7,63.0,4408.0,0.14,0.26,2015,0.48,0.21,0.13,0.99,0.54,0.64,0.04,0.19,0.41
201.0,George Washington University,45.6,44.6,25.1,70.0,29.3,39.9,20541.0,0.12,0.16,2015,0.48,0.48,0.25,0.7,0.29,0.4,0.17,0.17,0.25
202.0,Bilkent University,46.47,28.0,27.7,76.0,46.4,44.6,23638.58,0.19,0.16,2015,0.49,0.3,0.28,0.76,0.46,0.45,0.2,0.26,0.25
203.0,Cardiff University,46.4,30.5,30.4,69.3,34.8,69.3,23347.0,0.13,0.23,2015,0.49,0.33,0.31,0.69,0.35,0.7,0.19,0.18,0.37
204.0,Goethe University Frankfurt,46.34,28.1,22.4,78.8,38.8,55.6,31861.0,0.09,0.15,2015,0.49,0.3,0.23,0.79,0.39,0.56,0.26,0.12,0.24
205.0,Hebrew University of Jerusalem,46.28,41.5,36.3,57.2,31.5,53.3,17612.0,0.11,0.05,2015,0.49,0.45,0.37,0.57,0.32,0.54,0.15,0.15,0.08
206.0,Hong Kong Polytechnic University,46.22,33.7,36.5,56.5,42.6,69.9,22064.0,0.26,0.26,2015,0.49,0.36,0.37,0.56,0.43,0.71,0.18,0.36,0.41
207.0,Korea University,46.16,48.9,44.3,39.9,98.5,35.9,24043.0,0.16,0.14,2015,0.49,0.53,0.45,0.4,0.98,0.36,0.2,0.22,0.22
208.0,Newcastle University,46.1,30.3,29.6,70.3,35.0,73.8,20174.0,0.15,0.29,2015,0.49,0.33,0.3,0.7,0.35,0.75,0.17,0.21,0.46
209.0,Technion Israel Institute of Technology,46.03,36.9,37.5,52.0,36.5,60.6,13855.0,0.19,0.04,2015,0.49,0.4,0.38,0.52,0.36,0.61,0.11,0.26,0.06
210.0,Ulm University,45.97,35.0,22.0,73.0,56.7,54.1,9187.0,0.11,0.1,2015,0.49,0.38,0.22,0.73,0.57,0.55,0.08,0.15,0.16
211.0,University of Barcelona,45.91,28.4,28.8,79.7,31.0,47.8,47491.0,0.12,0.1,2015,0.49,0.31,0.29,0.8,0.31,0.48,0.39,0.17,0.16
212.0,University of Bergen,45.85,29.5,27.9,68.5,34.2,65.3,11623.0,0.11,0.12,2015,0.49,0.32,0.28,0.68,0.34,0.66,0.1,0.15,0.19
213.0,University of Dundee,45.8,24.4,22.5,84.4,47.7,64.5,11628.0,0.15,0.25,2015,0.49,0.26,0.23,0.84,0.48,0.65,0.1,0.21,0.4
214.0,University of Illinois at Chicago,45.74,43.0,34.1,55.1,40.7,53.4,24313.0,0.09,0.17,2015,0.49,0.46,0.35,0.55,0.41,0.54,0.2,0.12,0.27
215.0,University of Innsbruck,45.68,23.9,17.1,77.0,42.0,93.4,18209.0,0.17,0.39,2015,0.48,0.26,0.17,0.77,0.42,0.95,0.15,0.24,0.62
216.0,University of Reading,45.62,32.8,34.0,58.1,34.9,75.0,12050.0,0.15,0.28,2015,0.48,0.35,0.34,0.58,0.35,0.76,0.1,0.21,0.44
217.0,University of Science and Technology of China,45.56,36.9,27.3,73.6,71.6,26.3,14290.0,0.08,0.02,2015,0.48,0.4,0.28,0.74,0.72,0.27,0.12,0.11,0.03
218.0,University of Strasbourg,45.5,28.6,23.4,74.0,32.0,69.5,46208.0,0.18,0.21,2015,0.48,0.31,0.24,0.74,0.32,0.7,0.38,0.25,0.33
219.0,University of São Paulo,45.44,51.6,51.6,32.3,40.1,25.3,81402.0,0.15,0.04,2015,0.48,0.56,0.52,0.32,0.4,0.26,0.67,0.21,0.06
220.0,University of Texas at Dallas,45.39,26.0,28.2,77.8,41.6,55.4,16306.0,0.23,0.23,2015,0.48,0.28,0.29,0.78,0.42,0.56,0.13,0.32,0.37
221.0,University of Trieste,45.33,28.7,16.0,88.1,33.3,50.7,18135.0,0.26,0.09,2015,0.48,0.31,0.16,0.88,0.33,0.51,0.15,0.36,0.14
222.0,University of Twente,45.27,32.3,45.3,49.4,89.2,67.2,6631.0,0.12,0.26,2015,0.48,0.35,0.46,0.49,0.89,0.68,0.05,0.17,0.41
223.0,Université Libre de Bruxelles,45.22,26.7,36.2,64.4,50.7,79.4,23819.0,0.26,0.32,2015,0.48,0.29,0.37,0.64,0.51,0.8,0.2,0.36,0.51
224.0,Wake Forest University,45.16,33.3,23.5,81.3,38.2,26.0,7326.0,0.05,0.05,2015,0.48,0.36,0.24,0.81,0.38,0.26,0.06,0.07,0.08
225.0,William & Mary,45.1,36.8,19.9,78.7,30.0,26.5,7867.0,0.12,0.07,2015,0.48,0.4,0.2,0.79,0.3,0.27,0.07,0.17,0.11
226.0,Yonsei University,45.05,44.5,45.8,44.3,69.7,35.7,24774.0,0.12,0.14,2015,0.48,0.48,0.46,0.44,0.7,0.36,0.2,0.17,0.22
227.0,Autonomous University of Barcelona,44.99,30.4,29.2,67.0,34.6,46.4,30538.0,0.12,0.1,2015,0.48,0.33,0.3,0.67,0.35,0.47,0.25,0.17,0.16
228.0,"Birkbeck, University of London",44.94,28.3,29.3,60.4,28.7,84.4,9454.0,0.17,0.38,2015,0.48,0.3,0.3,0.6,0.29,0.85,0.08,0.24,0.6
229.0,Brunel University London,44.88,22.1,21.4,75.3,31.9,88.8,12613.0,0.18,0.38,2015,0.48,0.24,0.22,0.75,0.32,0.9,0.1,0.25,0.6
230.0,Carleton University,44.82,24.3,24.5,76.9,30.7,61.1,25036.0,0.3,0.18,2015,0.48,0.26,0.25,0.77,0.31,0.62,0.21,0.42,0.29
231.0,Dalhousie University,44.77,33.6,30.0,54.4,68.9,71.6,15064.0,0.14,0.18,2015,0.47,0.36,0.3,0.54,0.69,0.72,0.12,0.19,0.29
232.0,Laval University,44.72,35.8,29.9,58.1,62.7,55.7,27227.0,0.16,0.12,2015,0.47,0.39,0.3,0.58,0.63,0.56,0.23,0.22,0.19
233.0,Mines ParisTech,44.66,39.6,23.2,55.1,99.0,58.7,1283.0,0.06,0.22,2015,0.47,0.43,0.24,0.55,0.99,0.59,0.01,0.08,0.35
234.0,Nagoya University,44.61,37.5,31.8,59.9,86.3,31.8,15529.0,0.08,0.1,2015,0.47,0.4,0.32,0.6,0.86,0.32,0.13,0.11,0.16
235.0,Rensselaer Polytechnic Institute,44.55,30.9,26.2,67.8,49.9,42.8,6671.0,0.15,0.16,2015,0.47,0.33,0.27,0.68,0.5,0.43,0.06,0.21,0.25
236.0,Simon Fraser University,44.5,24.6,29.3,67.6,41.8,61.4,26640.0,0.28,0.19,2015,0.47,0.26,0.3,0.68,0.42,0.62,0.22,0.39,0.3
237.0,State University of New York Albany,44.45,25.7,35.0,68.9,51.19,39.6,15387.0,0.18,0.08,2015,0.47,0.28,0.35,0.69,0.51,0.4,0.13,0.25,0.13
238.0,Technical University of Berlin,44.39,42.2,32.3,47.0,63.4,70.4,23638.58,0.19,0.16,2015,0.47,0.45,0.33,0.47,0.63,0.71,0.2,0.26,0.25
239.0,Tokyo Metropolitan University,44.34,19.6,9.8,100.0,31.0,39.5,9303.0,0.1,0.04,2015,0.47,0.21,0.1,1.0,0.31,0.4,0.08,0.14,0.06
240.0,University College Dublin,44.29,31.7,28.1,61.7,33.8,79.4,22193.0,0.24,0.23,2015,0.47,0.34,0.28,0.62,0.34,0.8,0.18,0.33,0.37
241.0,University of Calgary,44.23,34.4,30.5,59.4,41.5,63.1,28341.0,0.16,0.17,2015,0.47,0.37,0.31,0.59,0.42,0.64,0.23,0.22,0.27
242.0,University of Gothenburg,44.18,24.1,38.2,64.4,37.0,46.8,26420.0,0.16,0.12,2015,0.47,0.26,0.39,0.64,0.37,0.47,0.22,0.22,0.19
243.0,University of Kiel,44.13,31.1,24.3,70.8,42.0,44.2,24444.0,0.24,0.08,2015,0.47,0.33,0.25,0.71,0.42,0.45,0.2,0.33,0.13
244.0,University of Konstanz,44.08,30.5,33.4,59.4,52.5,57.0,10930.0,0.59,0.12,2015,0.47,0.33,0.34,0.59,0.52,0.58,0.09,0.82,0.19
245.0,University of Milan-Bicocca,44.03,27.1,23.0,76.6,45.0,40.6,33370.0,0.72,0.05,2015,0.47,0.29,0.23,0.77,0.45,0.41,0.28,1.0,0.08
246.0,University of Technology Sydney,43.97,27.8,32.5,58.7,40.1,86.9,24519.0,0.44,0.31,2015,0.47,0.3,0.33,0.59,0.4,0.88,0.2,0.61,0.49
247.0,University of Western Ontario,43.92,38.3,35.7,47.0,50.7,63.7,27387.0,0.21,0.16,2015,0.47,0.41,0.36,0.47,0.51,0.64,0.23,0.29,0.25
248.0,University of Würzburg,43.87,28.6,17.3,81.4,30.0,50.2,26576.0,0.38,0.08,2015,0.47,0.31,0.18,0.81,0.3,0.51,0.22,0.53,0.13
249.0,Vienna University of Technology,43.82,43.3,32.4,41.7,64.1,75.9,26419.0,0.52,0.27,2015,0.46,0.47,0.33,0.42,0.64,0.77,0.22,0.72,0.43
250.0,York University,43.77,27.5,35.3,62.9,34.1,59.7,48007.0,0.39,0.09,2015,0.46,0.3,0.36,0.63,0.34,0.6,0.4,0.54,0.14
251.0,Aalto University,43.72,31.8,31.3,50.2,64.5,59.4,16099.0,0.24,0.17,2015,0.46,0.34,0.32,0.5,0.64,0.6,0.13,0.33,0.27
252.0,Federico Santa María Technical University,43.67,13.0,10.1,99.7,28.1,48.7,11718.0,0.34,0.02,2015,0.46,0.14,0.1,1.0,0.28,0.49,0.1,0.47,0.03
253.0,Medical University of Vienna,43.62,28.6,17.0,71.1,33.7,73.1,7426.0,0.03,0.28,2015,0.46,0.31,0.17,0.71,0.34,0.74,0.06,0.04,0.44
254.0,Nanjing University,43.57,34.6,23.3,59.6,51.7,50.2,29743.0,0.13,0.1,2015,0.46,0.37,0.24,0.6,0.52,0.51,0.25,0.18,0.16
255.0,National Tsing Hua University,43.52,39.4,40.3,49.1,49.4,24.8,10221.0,0.14,0.05,2015,0.46,0.42,0.41,0.49,0.49,0.25,0.08,0.19,0.08
256.0,"National University of Ireland, Galway",43.47,26.7,24.8,62.8,43.1,71.7,14067.0,0.27,0.14,2015,0.46,0.29,0.25,0.63,0.43,0.73,0.12,0.38,0.22
257.0,Queen’s University,43.42,37.3,33.4,48.2,59.0,55.4,20488.0,0.22,0.1,2015,0.46,0.4,0.34,0.48,0.59,0.56,0.17,0.31,0.16
258.0,Queen’s University Belfast,43.37,30.1,25.1,52.2,43.7,88.6,17940.0,0.18,0.3,2015,0.46,0.32,0.25,0.52,0.44,0.9,0.15,0.25,0.48
259.0,Swedish University of Agricultural Sciences,43.32,27.9,25.2,59.9,99.8,49.6,3879.0,0.05,0.16,2015,0.46,0.3,0.26,0.6,1.0,0.5,0.03,0.07,0.25
260.0,Technical University of Darmstadt,43.28,36.9,33.7,42.0,88.9,59.6,20300.0,0.54,0.18,2015,0.46,0.4,0.34,0.42,0.89,0.6,0.17,0.75,0.29
261.0,University of Bremen,43.23,33.9,27.6,55.7,46.3,53.0,18590.0,0.26,0.11,2015,0.46,0.36,0.28,0.56,0.46,0.54,0.15,0.36,0.17
262.0,University of Hawai’i at Mānoa,43.18,35.1,30.7,51.5,38.3,59.4,23638.58,0.19,0.16,2015,0.46,0.38,0.31,0.52,0.38,0.6,0.2,0.26,0.25
263.0,University of Iceland,43.13,14.9,24.7,74.8,64.0,59.1,13960.0,0.26,0.08,2015,0.46,0.16,0.25,0.75,0.64,0.6,0.12,0.36,0.13
264.0,University of Münster,43.08,30.6,18.1,73.0,38.2,48.2,39838.0,0.46,0.08,2015,0.46,0.33,0.18,0.73,0.38,0.49,0.33,0.64,0.13
265.0,University of New Mexico,43.03,29.6,23.4,73.1,44.5,32.2,23638.58,0.19,0.16,2015,0.46,0.32,0.24,0.73,0.44,0.33,0.2,0.26,0.25
266.0,University of Newcastle,42.99,26.5,29.9,57.5,75.6,70.6,23508.0,0.22,0.18,2015,0.46,0.29,0.3,0.57,0.76,0.71,0.19,0.31,0.29
267.0,University of Otago,42.94,27.1,27.7,57.6,31.9,81.5,18600.0,0.2,0.21,2015,0.46,0.29,0.28,0.58,0.32,0.82,0.15,0.28,0.33
268.0,University of Pavia,42.89,26.3,19.2,75.6,64.4,43.5,22958.0,0.41,0.06,2015,0.45,0.28,0.19,0.76,0.64,0.44,0.19,0.57,0.1
269.0,University of Salento,42.85,32.3,25.6,64.5,38.4,40.3,19959.0,0.58,0.01,2015,0.45,0.35,0.26,0.64,0.38,0.41,0.16,0.81,0.02
270.0,University of South Florida,42.8,27.7,37.9,55.1,99.8,41.0,31424.0,0.22,0.1,2015,0.45,0.3,0.38,0.55,1.0,0.41,0.26,0.31,0.16
271.0,"University of the Andes, Colombia",42.75,17.3,12.1,89.8,36.5,54.6,15773.0,0.17,0.02,2015,0.45,0.19,0.12,0.9,0.36,0.55,0.13,0.24,0.03
272.0,University of the Witwatersrand,42.71,22.3,21.7,67.3,94.8,66.3,23321.0,0.19,0.09,2015,0.45,0.24,0.22,0.67,0.95,0.67,0.19,0.26,0.14
273.0,University of Trento,42.66,26.8,20.3,70.3,46.0,57.3,16841.0,0.43,0.08,2015,0.45,0.29,0.21,0.7,0.46,0.58,0.14,0.6,0.13
274.0,University of Turin,42.61,29.4,20.3,72.5,40.8,39.3,67552.0,0.66,0.06,2015,0.45,0.32,0.21,0.72,0.41,0.4,0.56,0.92,0.1
275.0,University of Waterloo,42.57,30.9,40.4,47.0,41.7,63.1,30726.0,0.24,0.14,2015,0.45,0.33,0.41,0.47,0.42,0.64,0.25,0.33,0.22
276.0,Chalmers University of Technology,42.52,35.7,32.8,40.8,75.8,62.5,8605.0,0.12,0.15,2015,0.45,0.38,0.33,0.41,0.76,0.63,0.07,0.17,0.24
277.0,Colorado State University,42.48,27.6,31.3,59.9,38.8,30.4,26769.0,0.19,0.05,2015,0.45,0.3,0.32,0.6,0.39,0.31,0.22,0.26,0.08
278.0,Indian Institute of Science,42.43,32.6,39.5,51.6,37.9,18.2,3318.0,0.08,0.01,2015,0.45,0.35,0.4,0.52,0.38,0.18,0.03,0.11,0.02
279.0,Lappeenranta University of Technology,42.38,25.2,25.5,59.9,73.8,59.1,3486.0,0.24,0.19,2015,0.45,0.27,0.26,0.6,0.74,0.6,0.03,0.33,0.3
280.0,Montpellier University,42.34,23.7,22.5,67.4,33.6,56.6,36731.0,0.18,0.14,2015,0.45,0.26,0.23,0.67,0.34,0.57,0.3,0.25,0.22
281.0,National Chiao Tung University,42.29,35.0,40.7,40.4,98.2,30.7,12646.0,0.17,0.05,2015,0.45,0.38,0.41,0.4,0.98,0.31,0.1,0.24,0.08
282.0,Norwegian University of Science and Technology,42.25,33.5,29.6,49.6,45.0,54.7,17381.0,0.14,0.09,2015,0.45,0.36,0.3,0.5,0.45,0.55,0.14,0.19,0.14
283.0,Panjab University,42.2,23.7,10.5,84.4,28.3,29.2,16691.0,0.24,0.01,2015,0.45,0.26,0.11,0.84,0.28,0.3,0.14,0.33,0.02
284.0,Plymouth University,42.16,18.4,18.1,80.5,28.8,51.3,24121.0,0.26,0.13,2015,0.45,0.2,0.18,0.8,0.29,0.52,0.2,0.36,0.21
285.0,Queensland University of Technology,42.12,29.9,36.0,42.9,71.9,69.8,33391.0,0.36,0.17,2015,0.45,0.32,0.37,0.43,0.72,0.71,0.28,0.5,0.27
286.0,Shanghai Jiao Tong University,42.07,37.9,37.9,38.9,88.4,23.9,38191.0,0.13,0.06,2015,0.45,0.41,0.38,0.39,0.88,0.24,0.32,0.18,0.1
287.0,Stellenbosch University,42.03,30.0,31.2,45.6,94.7,47.8,21849.0,0.23,0.08,2015,0.45,0.32,0.32,0.46,0.95,0.48,0.18,0.32,0.13
288.0,Tilburg University,41.98,33.0,45.1,34.9,55.1,62.2,7576.0,0.22,0.1,2015,0.45,0.36,0.46,0.35,0.55,0.63,0.06,0.31,0.16
289.0,Tokyo Medical and Dental University (TMDU),41.94,42.7,22.9,51.1,56.9,21.8,2872.0,0.03,0.07,2015,0.44,0.46,0.23,0.51,0.57,0.22,0.02,0.04,0.11
290.0,University College Cork,41.9,26.7,22.2,56.9,45.9,70.8,15805.0,0.22,0.15,2015,0.44,0.29,0.23,0.57,0.46,0.72,0.13,0.31,0.24
291.0,University of Bologna,41.85,31.0,23.2,64.5,34.9,43.1,85532.0,0.23,0.07,2015,0.44,0.33,0.24,0.64,0.35,0.44,0.71,0.32,0.11
292.0,University of Cincinnati,41.81,32.0,22.4,67.8,35.6,26.0,36108.0,0.16,0.06,2015,0.44,0.34,0.23,0.68,0.36,0.26,0.3,0.22,0.1
293.0,University of Erlangen-Nuremberg,41.77,28.4,15.3,68.7,46.8,49.0,36146.0,0.54,0.09,2015,0.44,0.31,0.16,0.69,0.47,0.5,0.3,0.75,0.14
294.0,University of Fribourg,41.72,29.2,19.7,58.6,48.2,84.4,10416.0,0.47,0.19,2015,0.44,0.31,0.2,0.59,0.48,0.85,0.09,0.65,0.3
295.0,University of Georgia,41.68,39.7,28.9,46.6,31.1,35.3,33119.0,0.2,0.07,2015,0.44,0.43,0.29,0.47,0.31,0.36,0.27,0.28,0.11
296.0,University of Macau,41.64,17.1,20.3,68.1,33.6,73.3,8521.0,0.15,0.31,2015,0.44,0.18,0.21,0.68,0.34,0.74,0.07,0.21,0.49
297.0,University of Milan,41.59,25.3,22.9,66.9,40.1,37.4,58618.0,0.24,0.05,2015,0.44,0.27,0.23,0.67,0.4,0.38,0.48,0.33,0.08
298.0,University of Nebraska-Lincoln,41.55,31.0,24.4,57.5,35.0,47.8,21789.0,0.16,0.09,2015,0.44,0.33,0.25,0.57,0.35,0.48,0.18,0.22,0.14
299.0,University of South Australia,41.51,25.7,24.0,52.7,83.9,80.8,18971.0,0.26,0.32,2015,0.44,0.28,0.24,0.53,0.84,0.82,0.16,0.36,0.51
300.0,University of South Carolina,41.47,34.5,27.5,55.1,31.8,37.3,29336.0,0.16,0.01,2015,0.44,0.37,0.28,0.55,0.32,0.38,0.24,0.22,0.02
301.0,University of Wollongong,41.42,25.2,27.8,55.1,44.7,80.4,16489.0,0.25,0.24,2015,0.44,0.27,0.28,0.55,0.45,0.81,0.14,0.35,0.38
302.0,Victoria University of Wellington,41.38,21.6,28.5,53.8,49.7,84.2,17142.0,0.21,0.21,2015,0.44,0.23,0.29,0.54,0.5,0.85,0.14,0.29,0.33
303.0,Virginia Polytechnic Institute and State University,41.34,40.1,40.0,40.7,42.6,28.9,30850.0,0.19,0.1,2015,0.44,0.43,0.41,0.41,0.43,0.29,0.25,0.26,0.16
304.0,Autonomous University of Madrid,41.3,28.6,19.3,59.7,32.2,48.8,28296.0,0.13,0.15,2015,0.44,0.31,0.2,0.6,0.32,0.49,0.23,0.18,0.24
305.0,Bangor University,41.26,22.4,23.0,55.8,31.1,73.1,9567.0,0.2,0.22,2015,0.44,0.24,0.23,0.56,0.31,0.74,0.08,0.28,0.35
306.0,Charles Darwin University,41.22,20.3,17.8,64.5,32.7,45.5,5570.0,0.25,0.15,2015,0.44,0.22,0.18,0.64,0.33,0.46,0.05,0.35,0.24
307.0,Charles University in Prague,41.18,31.5,24.3,50.1,29.4,53.9,51438.0,0.13,0.15,2015,0.44,0.34,0.25,0.5,0.29,0.55,0.43,0.18,0.24
308.0,Creighton University,41.13,40.7,10.4,63.3,32.4,29.1,7086.0,0.08,0.02,2015,0.44,0.44,0.11,0.63,0.32,0.29,0.06,0.11,0.03
309.0,Deakin University,41.09,20.1,20.6,57.5,30.6,71.8,32713.0,0.3,0.17,2015,0.44,0.22,0.21,0.57,0.31,0.73,0.27,0.42,0.27
310.0,Drexel University,41.05,31.8,14.3,57.5,34.6,42.2,20713.0,0.11,0.18,2015,0.44,0.34,0.15,0.57,0.35,0.43,0.17,0.15,0.29
311.0,Hong Kong Baptist University,41.01,21.2,13.2,70.8,29.1,62.3,10441.0,0.11,0.25,2015,0.43,0.23,0.13,0.71,0.29,0.63,0.09,0.15,0.4
312.0,Illinois Institute of Technology,40.97,40.2,17.3,50.3,51.19,59.4,23638.58,0.19,0.16,2015,0.43,0.43,0.18,0.5,0.51,0.6,0.2,0.26,0.25
313.0,Kansas State University,40.93,27.0,16.5,61.0,39.2,41.5,21379.0,0.15,0.1,2015,0.43,0.29,0.17,0.61,0.39,0.42,0.18,0.21,0.16
314.0,Koç University,40.89,21.6,24.4,58.5,50.6,49.8,4488.0,0.15,0.08,2015,0.43,0.23,0.25,0.58,0.51,0.5,0.04,0.21,0.13
315.0,Macquarie University,40.85,24.0,24.8,50.2,36.2,89.2,27930.0,0.2,0.44,2015,0.43,0.26,0.25,0.5,0.36,0.9,0.23,0.28,0.7
316.0,Novosibirsk State University,40.81,24.6,17.2,70.5,33.4,43.8,7131.0,0.07,0.13,2015,0.43,0.26,0.17,0.7,0.33,0.44,0.06,0.1,0.21
317.0,Oregon State University,40.77,27.8,21.1,63.3,32.0,36.7,22578.0,0.17,0.09,2015,0.43,0.3,0.21,0.63,0.32,0.37,0.19,0.24,0.14
318.0,Polytechnic University of Milan,40.73,27.6,26.6,55.8,67.8,42.9,30025.0,0.22,0.12,2015,0.43,0.3,0.27,0.56,0.68,0.43,0.25,0.31,0.19
319.0,Renmin University of China,40.69,34.9,14.7,59.6,42.8,44.4,24954.0,0.13,0.06,2015,0.43,0.38,0.15,0.6,0.43,0.45,0.21,0.18,0.1
320.0,San Diego State University,40.65,19.7,24.8,65.6,29.2,26.9,27420.0,0.32,0.05,2015,0.43,0.21,0.25,0.66,0.29,0.27,0.23,0.44,0.08
321.0,Sapienza University of Rome,40.61,32.3,28.1,50.7,34.2,37.5,120986.0,0.32,0.07,2015,0.43,0.35,0.28,0.51,0.34,0.38,1.0,0.44,0.11
322.0,Sharif University of Technology,40.57,28.7,34.7,50.4,86.2,19.4,10977.0,0.19,0.0,2015,0.43,0.31,0.35,0.5,0.86,0.2,0.09,0.26,0.0
323.0,State University of Campinas,40.53,43.4,38.8,28.0,44.5,20.7,27095.0,0.15,0.03,2015,0.43,0.47,0.39,0.28,0.44,0.21,0.22,0.21,0.05
324.0,Sun Yat-sen University,40.49,32.5,25.2,54.1,58.9,37.0,51351.0,0.17,0.08,2015,0.43,0.35,0.26,0.54,0.59,0.37,0.42,0.24,0.13
325.0,Tulane University,40.46,40.7,20.7,53.9,51.19,29.7,11381.0,0.08,0.08,2015,0.43,0.44,0.21,0.54,0.51,0.3,0.09,0.11,0.13
326.0,University of Bath,40.42,29.2,25.1,47.5,36.7,76.1,12830.0,0.19,0.3,2015,0.43,0.31,0.25,0.48,0.37,0.77,0.11,0.26,0.48
327.0,University of Canterbury,40.38,21.1,23.4,53.8,49.5,88.2,12187.0,0.16,0.2,2015,0.43,0.23,0.24,0.54,0.5,0.89,0.1,0.22,0.32
328.0,University of Cologne,40.34,25.6,18.4,65.3,28.8,52.1,43280.0,0.43,0.11,2015,0.43,0.28,0.19,0.65,0.29,0.53,0.36,0.6,0.17
329.0,University of Connecticut,40.3,37.6,27.1,45.4,31.1,38.8,25742.0,0.13,0.11,2015,0.43,0.4,0.27,0.45,0.31,0.39,0.21,0.18,0.17
330.0,University of Crete,40.26,19.0,16.8,67.0,36.0,47.0,14650.0,0.27,0.05,2015,0.43,0.2,0.17,0.67,0.36,0.48,0.12,0.38,0.08
331.0,University of Duisburg-Essen,40.22,21.9,13.7,64.1,44.2,49.2,36051.0,0.47,0.11,2015,0.43,0.24,0.14,0.64,0.44,0.5,0.3,0.65,0.17
332.0,University of Essex,40.19,31.6,29.0,39.3,29.1,86.7,12695.0,0.2,0.39,2015,0.43,0.34,0.29,0.39,0.29,0.88,0.1,0.28,0.62
333.0,University of Houston,40.15,39.3,25.8,44.2,43.2,33.1,40325.0,0.44,0.09,2015,0.43,0.42,0.26,0.44,0.43,0.34,0.33,0.61,0.14
334.0,University of Jyväskylä,40.11,27.6,24.0,50.2,51.19,47.2,9703.0,0.15,0.05,2015,0.43,0.3,0.24,0.5,0.51,0.48,0.08,0.21,0.08
335.0,University of Kansas,40.07,30.6,20.1,62.2,36.2,32.2,23638.58,0.19,0.16,2015,0.42,0.33,0.2,0.62,0.36,0.33,0.2,0.26,0.25
336.0,University of Manitoba,40.03,31.6,29.4,48.2,43.5,43.4,28576.0,0.28,0.11,2015,0.42,0.34,0.3,0.48,0.44,0.44,0.24,0.39,0.17
337.0,University of Marrakech Cadi Ayyad,40.0,16.3,6.5,83.0,28.6,45.1,56060.0,0.39,0.01,2015,0.42,0.18,0.07,0.83,0.29,0.46,0.46,0.54,0.02
338.0,University of Montana,39.96,29.1,13.7,75.0,34.4,20.7,12470.0,0.15,0.03,2015,0.42,0.31,0.14,0.75,0.34,0.21,0.1,0.21,0.05
339.0,University of Nebraska Medical Center,39.92,36.4,16.5,51.5,34.5,34.8,2857.0,0.03,0.08,2015,0.42,0.39,0.17,0.52,0.34,0.35,0.02,0.04,0.13
340.0,University of Oklahoma,39.89,32.6,15.7,57.5,34.5,30.0,23638.58,0.19,0.16,2015,0.42,0.35,0.16,0.57,0.34,0.3,0.2,0.26,0.25
341.0,University of Padua,39.85,20.7,18.2,68.0,32.9,40.4,62577.0,0.18,0.04,2015,0.42,0.22,0.18,0.68,0.33,0.41,0.52,0.25,0.06
342.0,University of Pisa,39.81,22.4,18.8,69.2,37.7,36.7,47247.0,0.18,0.04,2015,0.42,0.24,0.19,0.69,0.38,0.37,0.39,0.25,0.06
343.0,University of Southern Denmark,39.77,19.5,20.5,61.2,72.6,67.1,22210.0,0.13,0.16,2015,0.42,0.21,0.21,0.61,0.73,0.68,0.18,0.18,0.25
344.0,University of Stirling,39.74,21.5,25.1,49.9,30.7,66.9,7828.0,0.16,0.22,2015,0.42,0.23,0.25,0.5,0.31,0.68,0.06,0.22,0.35
345.0,University of Stuttgart,39.7,30.6,17.3,56.9,48.2,59.3,24099.0,0.45,0.2,2015,0.42,0.33,0.18,0.57,0.48,0.6,0.2,0.62,0.32
346.0,University of Tampere,39.66,22.9,22.2,58.7,42.5,45.6,10045.0,0.1,0.04,2015,0.42,0.25,0.23,0.59,0.42,0.46,0.08,0.14,0.06
347.0,University of Tsukuba,39.63,33.4,21.6,51.1,36.9,36.1,15930.0,0.13,0.16,2015,0.42,0.36,0.22,0.51,0.37,0.37,0.13,0.18,0.25
348.0,University of Valencia,39.59,17.9,12.0,72.7,30.8,43.7,58413.0,0.15,0.09,2015,0.42,0.19,0.12,0.73,0.31,0.44,0.48,0.21,0.14
349.0,University of Warsaw,39.56,20.8,13.6,70.0,28.5,41.6,49292.0,0.14,0.07,2015,0.42,0.22,0.14,0.7,0.28,0.42,0.41,0.19,0.11
350.0,Wayne State University,39.52,32.0,15.2,61.0,51.19,30.7,23065.0,0.11,0.07,2015,0.42,0.34,0.15,0.61,0.51,0.31,0.19,0.15,0.11
351.0,Zhejiang University,39.48,36.0,33.1,40.2,88.6,21.5,47508.0,0.16,0.05,2015,0.42,0.39,0.34,0.4,0.89,0.22,0.39,0.22,0.08
352.0,Aalborg University,39.45,23.8,28.5,39.9,43.9,65.8,17422.0,0.16,0.15,2015,0.42,0.26,0.29,0.4,0.44,0.67,0.14,0.22,0.24
353.0,Aberystwyth University,39.41,20.7,20.6,52.2,33.0,66.5,9252.0,0.19,0.18,2015,0.42,0.22,0.21,0.52,0.33,0.67,0.08,0.26,0.29
354.0,Aston University,39.38,19.4,21.6,45.1,35.7,79.7,23638.58,0.19,0.16,2015,0.42,0.21,0.22,0.45,0.36,0.81,0.2,0.26,0.25
355.0,Bayreuth University,39.34,21.3,12.9,61.8,34.8,53.9,12520.0,0.36,0.08,2015,0.42,0.23,0.13,0.62,0.35,0.55,0.1,0.5,0.13
356.0,Bielefeld University,39.3,27.5,19.1,52.0,37.4,48.6,21428.0,0.68,0.08,2015,0.42,0.3,0.19,0.52,0.37,0.49,0.18,0.94,0.13
357.0,Claude Bernard University Lyon 1,39.27,19.1,17.2,62.6,33.6,52.1,35308.0,0.16,0.11,2015,0.42,0.21,0.17,0.63,0.34,0.53,0.29,0.22,0.17
358.0,Curtin University,39.23,20.1,17.1,45.3,36.1,91.3,30333.0,0.17,0.38,2015,0.42,0.22,0.17,0.45,0.36,0.92,0.25,0.24,0.6
359.0,Ewha Womans University,39.2,23.5,18.0,57.6,61.3,36.0,17625.0,0.14,0.06,2015,0.42,0.25,0.18,0.58,0.61,0.36,0.15,0.19,0.1
360.0,George Mason University,39.16,26.3,20.3,53.9,28.7,35.8,26622.0,0.17,0.07,2015,0.42,0.28,0.21,0.54,0.29,0.36,0.22,0.24,0.11
361.0,Hanyang University,39.13,31.5,32.3,29.0,88.7,48.4,16729.0,0.1,0.19,2015,0.41,0.34,0.33,0.29,0.89,0.49,0.14,0.14,0.3
362.0,Hokkaido University,39.09,38.4,27.5,32.2,43.4,25.2,18162.0,0.08,0.09,2015,0.41,0.41,0.28,0.32,0.43,0.26,0.15,0.11,0.14
363.0,Indian Institute of Technology Bombay,39.06,34.2,24.6,43.5,49.7,19.5,8327.0,0.15,0.01,2015,0.41,0.37,0.25,0.44,0.5,0.2,0.07,0.21,0.02
364.0,Indian Institute of Technology Roorkee,39.02,25.2,14.3,62.6,69.0,16.6,8061.0,0.19,0.01,2015,0.41,0.27,0.15,0.63,0.69,0.17,0.07,0.26,0.02
365.0,Isfahan University of Technology,38.99,20.7,27.3,48.9,84.1,20.0,10964.0,0.26,0.01,2015,0.41,0.22,0.28,0.49,0.84,0.2,0.09,0.36,0.02
366.0,King Mongkut’s University of Technology Thonburi,38.95,16.7,10.0,75.0,56.5,22.5,17791.0,0.24,0.01,2015,0.41,0.18,0.1,0.75,0.56,0.23,0.15,0.33,0.02
367.0,Kyushu University,38.92,36.5,28.5,33.6,68.7,26.1,18925.0,0.07,0.08,2015,0.41,0.39,0.29,0.34,0.69,0.26,0.16,0.1,0.13
368.0,Lehigh University,38.89,25.4,16.6,56.3,39.2,34.5,6300.0,0.11,0.15,2015,0.41,0.27,0.17,0.56,0.39,0.35,0.05,0.15,0.24
369.0,Linköping University,38.85,20.2,27.6,51.5,51.19,50.9,17866.0,0.08,0.1,2015,0.41,0.22,0.28,0.52,0.51,0.52,0.15,0.11,0.16
370.0,Murdoch University,38.82,21.2,17.8,46.5,40.5,85.3,16606.0,0.33,0.43,2015,0.41,0.23,0.18,0.46,0.4,0.86,0.14,0.46,0.68
371.0,National Cheng Kung University,38.78,31.8,40.1,28.4,100.0,26.7,21234.0,0.14,0.11,2015,0.41,0.34,0.41,0.28,1.0,0.27,0.18,0.19,0.17
372.0,National Sun Yat-Sen University,38.75,26.4,32.9,39.0,47.0,24.2,9336.0,0.2,0.04,2015,0.41,0.28,0.33,0.39,0.47,0.24,0.08,0.28,0.06
373.0,National Taiwan University of Science and Technology (Taiwan Tech),38.71,27.7,42.6,30.9,82.0,26.7,7446.0,0.17,0.11,2015,0.41,0.3,0.43,0.31,0.82,0.27,0.06,0.24,0.17
374.0,Royal College of Surgeons in Ireland,38.68,24.7,18.9,43.5,28.4,82.6,2473.0,0.16,0.63,2015,0.41,0.27,0.19,0.44,0.28,0.84,0.02,0.22,1.0
375.0,Ruhr University Bochum,38.65,31.5,22.5,42.0,47.4,53.6,38675.0,0.46,0.13,2015,0.41,0.34,0.23,0.42,0.47,0.54,0.32,0.64,0.21
376.0,Swinburne University of Technology,38.61,20.2,16.3,50.2,38.8,86.9,20314.0,0.36,0.33,2015,0.41,0.22,0.17,0.5,0.39,0.88,0.17,0.5,0.52
377.0,UiT The Arctic University of Norway,38.58,20.7,16.9,53.2,38.8,60.0,10398.0,0.12,0.1,2015,0.41,0.22,0.17,0.53,0.39,0.61,0.09,0.17,0.16
378.0,Umeå University,38.55,21.2,25.7,52.7,31.3,50.3,16667.0,0.12,0.07,2015,0.41,0.23,0.26,0.53,0.31,0.51,0.14,0.17,0.11
379.0,University of Bari Aldo Moro,38.51,29.1,18.1,52.0,35.2,38.1,51560.0,0.65,0.02,2015,0.41,0.31,0.18,0.52,0.35,0.39,0.43,0.9,0.03
380.0,University of Eastern Finland,38.48,24.3,21.6,53.8,32.8,44.1,10798.0,0.17,0.06,2015,0.41,0.26,0.22,0.54,0.33,0.45,0.09,0.24,0.1
381.0,University of Ferrara,38.45,19.5,15.2,64.5,40.4,42.1,18882.0,0.3,0.07,2015,0.41,0.21,0.15,0.64,0.4,0.43,0.16,0.42,0.11
382.0,University of Florence,38.41,18.1,17.3,60.8,35.4,37.4,54290.0,0.17,0.07,2015,0.41,0.19,0.18,0.61,0.35,0.38,0.45,0.24,0.11
383.0,University of Graz,38.38,23.7,17.3,55.1,30.2,64.8,20584.0,0.27,0.12,2015,0.41,0.26,0.18,0.55,0.3,0.66,0.17,0.38,0.19
384.0,University of Hertfordshire,38.35,16.2,10.9,65.0,29.6,74.9,19665.0,0.19,0.27,2015,0.41,0.17,0.11,0.65,0.3,0.76,0.16,0.26,0.43
385.0,University of Lisbon,38.31,30.1,22.8,44.8,33.9,46.8,47849.0,0.18,0.09,2015,0.41,0.32,0.23,0.45,0.34,0.47,0.4,0.25,0.14
386.0,University of Liège,38.28,25.9,18.4,44.6,70.4,69.1,20951.0,0.26,0.23,2015,0.41,0.28,0.19,0.45,0.7,0.7,0.17,0.36,0.37
387.0,University of Minho,38.25,20.2,16.2,60.6,44.5,49.7,19090.0,0.19,0.09,2015,0.41,0.22,0.16,0.61,0.44,0.5,0.16,0.26,0.14
388.0,University of Missouri,38.22,31.7,22.0,46.6,31.2,29.6,29885.0,0.14,0.05,2015,0.41,0.34,0.22,0.47,0.31,0.3,0.25,0.19,0.08
389.0,University of Navarra,38.18,29.5,22.3,41.7,90.2,46.2,11259.0,0.11,0.16,2015,0.4,0.32,0.23,0.42,0.9,0.47,0.09,0.15,0.25
390.0,University of Portsmouth,38.15,16.1,10.6,61.6,29.2,73.3,20161.0,0.19,0.23,2015,0.4,0.17,0.11,0.62,0.29,0.74,0.17,0.26,0.37
391.0,University of Rome III,38.12,19.3,11.8,62.1,37.7,48.0,36353.0,0.61,0.05,2015,0.4,0.21,0.12,0.62,0.38,0.49,0.3,0.85,0.08
392.0,University of Seoul,38.09,21.0,20.2,63.3,29.1,34.3,10243.0,0.19,0.03,2015,0.4,0.23,0.2,0.63,0.29,0.35,0.08,0.26,0.05
393.0,University of Turku,38.05,24.3,21.8,47.7,32.1,46.3,12326.0,0.15,0.05,2015,0.4,0.26,0.22,0.48,0.32,0.47,0.1,0.21,0.08
394.0,University of Vermont,38.02,26.8,19.4,57.5,51.19,21.0,23638.58,0.19,0.16,2015,0.4,0.29,0.2,0.57,0.51,0.21,0.2,0.26,0.25
395.0,University of Waikato,37.99,18.6,17.0,50.0,50.0,80.3,10159.0,0.17,0.25,2015,0.4,0.2,0.17,0.5,0.5,0.81,0.08,0.24,0.4
396.0,Vrije Universiteit Brussel,37.96,31.2,17.9,48.1,44.8,54.5,9020.0,0.17,0.16,2015,0.4,0.34,0.18,0.48,0.45,0.55,0.07,0.24,0.25
397.0,Waseda University,37.93,25.5,16.3,55.5,32.6,43.1,52316.0,0.17,0.08,2015,0.4,0.27,0.17,0.56,0.33,0.44,0.43,0.24,0.13
398.0,Washington State University,37.89,28.5,27.5,44.2,54.5,36.0,24550.0,0.18,0.07,2015,0.4,0.31,0.28,0.44,0.55,0.36,0.2,0.25,0.11
399.0,Western Sydney University,37.86,17.8,22.4,58.7,30.4,50.1,30704.0,0.32,0.09,2015,0.4,0.19,0.23,0.59,0.3,0.51,0.25,0.44,0.14
400.0,Wuhan University,37.83,34.1,17.4,48.5,85.9,33.1,46227.0,0.14,0.07,2015,0.4,0.37,0.18,0.48,0.86,0.34,0.38,0.19,0.11
401.0,Wuhan University of Technology,37.8,16.2,8.0,75.8,57.8,21.4,50260.0,0.15,0.02,2015,0.4,0.17,0.08,0.76,0.58,0.22,0.42,0.21,0.03
