rank,name,number_students,student_staff_ratio,intl_students,overall_score,teaching_score,research_score,citations_score,industry_income_score,international_outlook_score,year,overall_score_n,teaching_score_n,research_score_n,citations_score_n,industry_income_score_n,international_outlook_score_n,number_students_n,student_staff_ratio_n,intl_students_n,strategy_year,strategy_year_n,rank_n
221.0,University of Newcastle,24363.0,0.3,0.18,54.34,30.0,35.8,79.3,61.9,84.3,2023,0.56,0.32,0.36,0.79,0.62,0.85,0.05,0.13,0.18,2021,2,0.09
138.0,University of Ottawa,36670.0,0.26,0.24,58.5,41.7,45.4,82.6,51.0,84.1,2023,0.61,0.44,0.46,0.83,0.51,0.84,0.08,0.11,0.24,2021,2,0.06
108.0,University of Birmingham,31820.0,0.15,0.34,62.6,40.5,46.2,95.2,42.3,92.2,2023,0.65,0.43,0.46,0.95,0.42,0.92,0.07,0.06,0.34,2023,0,0.05
197.0,Durham University,18425.0,0.14,0.35,54.4,40.0,44.6,70.0,39.4,94.3,2023,0.56,0.42,0.45,0.7,0.39,0.95,0.04,0.06,0.35,2020,3,0.08
1898.0,University of Gloucestershire,6605.0,0.17,0.11,30.06,27.14,23.35,49.8,46.95,47.37,2023,0.31,0.29,0.23,0.5,0.47,0.48,0.01,0.07,0.11,2022,1,0.81
468.0,University of Portsmouth,22490.0,0.16,0.29,45.87,18.8,19.2,76.3,37.6,91.4,2023,0.48,0.2,0.19,0.76,0.38,0.92,0.05,0.07,0.29,2021,2,0.2
606.0,Auburn University,27512.0,0.18,0.1,42.95,32.4,23.4,45.9,43.8,49.3,2023,0.45,0.34,0.23,0.46,0.44,0.49,0.06,0.08,0.1,2019,4,0.26
242.0,University College Dublin,23361.0,0.21,0.31,53.31,32.6,40.3,73.9,46.9,94.2,2023,0.55,0.34,0.4,0.74,0.47,0.94,0.05,0.09,0.31,2020,3,0.1
786.0,University of Wolverhampton,14900.0,0.17,0.24,40.01,18.2,14.3,68.8,37.3,72.0,2023,0.42,0.19,0.14,0.69,0.37,0.72,0.03,0.07,0.24,2015,8,0.34
334.0,University of South Australia,23490.0,0.33,0.21,49.67,23.0,36.1,70.4,79.5,87.5,2023,0.52,0.24,0.36,0.7,0.8,0.88,0.05,0.14,0.21,2015,8,0.14
277.0,La Trobe University,21663.0,0.27,0.33,51.79,25.9,32.9,83.2,51.8,88.4,2023,0.54,0.27,0.33,0.83,0.52,0.89,0.05,0.12,0.33,2015,8,0.12
130.0,University of Nottingham,32875.0,0.15,0.31,59.6,41.8,44.1,86.6,41.7,90.4,2023,0.62,0.44,0.44,0.87,0.42,0.91,0.07,0.06,0.31,2021,2,0.06
499.0,Aberystwyth University,6180.0,0.16,0.24,45.14,22.3,23.4,64.1,39.8,81.1,2023,0.47,0.24,0.23,0.64,0.4,0.81,0.01,0.07,0.24,2021,2,0.21
29.0,University of Edinburgh,32845.0,0.12,0.47,79.8,66.9,74.5,97.1,40.9,95.6,2023,0.83,0.71,0.75,0.97,0.41,0.96,0.07,0.05,0.47,2017,6,0.01
779.0,Ulster University,17685.0,0.19,0.09,40.11,19.9,22.3,50.5,39.0,77.6,2023,0.42,0.21,0.22,0.5,0.39,0.78,0.04,0.08,0.09,2020,3,0.33
139.0,University of Auckland,33093.0,0.22,0.32,58.4,36.8,44.3,85.4,56.4,94.3,2023,0.61,0.39,0.44,0.85,0.56,0.95,0.07,0.09,0.32,2018,5,0.06
654.0,University of Georgia,37465.0,0.13,0.07,42.09,39.5,25.8,52.8,39.2,37.6,2023,0.44,0.42,0.26,0.53,0.39,0.38,0.08,0.06,0.07,2020,3,0.28
255.0,Boston College,12755.0,0.14,0.12,52.72,48.6,31.5,74.9,37.4,48.5,2023,0.55,0.51,0.32,0.75,0.37,0.49,0.03,0.06,0.12,2015,8,0.11
498.0,York University,44036.0,0.29,0.28,45.16,25.1,33.1,67.0,42.1,75.3,2023,0.47,0.26,0.33,0.67,0.42,0.76,0.1,0.12,0.28,2019,4,0.21
163.0,University of Leicester,14650.0,0.14,0.34,56.9,31.4,32.9,98.7,41.9,92.5,2023,0.59,0.33,0.33,0.99,0.42,0.93,0.03,0.06,0.34,2016,7,0.07
46.0,McGill University,32309.0,0.12,0.3,73.0,62.0,72.4,82.5,43.5,91.0,2023,0.76,0.65,0.73,0.82,0.44,0.91,0.07,0.05,0.3,2020,3,0.02
279.0,University of Newcastle,23706.0,0.29,0.19,51.0,27.1,33.2,78.9,61.4,85.6,2022,0.53,0.29,0.33,0.79,0.61,0.86,0.06,0.14,0.21,2021,1,0.12
162.0,University of Ottawa,35791.0,0.25,0.22,56.7,40.4,40.6,83.3,50.0,82.1,2022,0.59,0.43,0.41,0.83,0.5,0.82,0.08,0.12,0.24,2021,1,0.07
105.0,University of Birmingham,31365.0,0.15,0.32,61.5,40.3,45.2,93.3,40.6,91.7,2022,0.64,0.43,0.45,0.93,0.41,0.92,0.07,0.07,0.35,2023,-1,0.04
161.0,Durham University,17725.0,0.15,0.33,56.7,44.9,47.8,69.7,37.8,93.8,2022,0.59,0.48,0.48,0.7,0.38,0.94,0.04,0.07,0.36,2020,2,0.07
1720.0,University of Gloucestershire,6955.0,0.18,0.1,30.19,27.55,23.34,49.04,46.37,47.31,2022,0.32,0.29,0.23,0.49,0.46,0.47,0.02,0.09,0.11,2022,0,0.74
568.0,University of Portsmouth,21690.0,0.16,0.27,42.87,20.0,17.8,70.6,35.6,90.0,2022,0.45,0.21,0.18,0.71,0.36,0.9,0.05,0.08,0.3,2021,1,0.24
603.0,Auburn University,27469.0,0.19,0.1,42.19,31.1,22.7,47.5,41.8,48.1,2022,0.44,0.33,0.23,0.48,0.42,0.48,0.06,0.09,0.11,2019,3,0.26
244.0,University College Dublin,23066.0,0.23,0.31,52.54,32.2,39.0,71.8,48.7,93.6,2022,0.55,0.34,0.39,0.72,0.49,0.94,0.05,0.11,0.34,2020,2,0.1
1170.0,University of Wolverhampton,14525.0,0.18,0.22,34.6,17.4,13.5,36.7,35.0,67.9,2022,0.36,0.18,0.14,0.37,0.35,0.68,0.03,0.09,0.24,2015,7,0.5
334.0,University of South Australia,22377.0,0.32,0.22,48.95,23.5,36.6,68.1,84.3,88.4,2022,0.51,0.25,0.37,0.68,0.84,0.88,0.05,0.16,0.24,2015,7,0.14
219.0,La Trobe University,26097.0,0.34,0.39,53.77,27.6,34.0,86.3,46.7,89.8,2022,0.56,0.29,0.34,0.86,0.47,0.9,0.06,0.17,0.43,2015,7,0.09
141.0,University of Nottingham,31360.0,0.15,0.3,58.1,43.6,44.2,80.1,40.5,89.2,2022,0.61,0.46,0.44,0.8,0.4,0.89,0.07,0.07,0.33,2021,1,0.06
497.0,Aberystwyth University,6445.0,0.17,0.23,44.4,24.1,24.9,63.0,38.6,79.0,2022,0.46,0.26,0.25,0.63,0.39,0.79,0.02,0.08,0.25,2021,1,0.21
30.0,University of Edinburgh,31630.0,0.12,0.44,78.9,66.1,74.2,95.6,40.2,95.2,2022,0.82,0.7,0.74,0.96,0.4,0.95,0.07,0.06,0.48,2017,5,0.01
773.0,Ulster University,17415.0,0.18,0.09,39.34,24.5,19.6,47.5,37.1,77.7,2022,0.41,0.26,0.2,0.48,0.37,0.78,0.04,0.09,0.1,2020,2,0.33
136.0,University of Auckland,32983.0,0.23,0.32,58.4,34.0,46.3,84.8,69.4,94.6,2022,0.61,0.36,0.46,0.85,0.69,0.95,0.08,0.11,0.35,2018,4,0.06
362.0,University of Georgia,37190.0,0.17,0.07,48.02,42.2,42.4,53.2,38.2,47.0,2022,0.5,0.45,0.43,0.53,0.38,0.47,0.09,0.08,0.08,2020,2,0.15
252.0,Boston College,12958.0,0.15,0.12,52.17,47.5,34.6,64.4,35.1,46.4,2022,0.55,0.5,0.35,0.64,0.35,0.46,0.03,0.07,0.13,2015,7,0.11
496.0,York University,43258.0,0.29,0.27,44.42,27.4,33.9,59.3,43.1,73.5,2022,0.46,0.29,0.34,0.59,0.43,0.74,0.1,0.14,0.3,2019,3,0.21
185.0,University of Leicester,15030.0,0.14,0.31,54.8,30.0,32.3,94.2,39.9,91.0,2022,0.57,0.32,0.32,0.94,0.4,0.91,0.04,0.07,0.34,2016,6,0.08
44.0,McGill University,31581.0,0.13,0.32,73.4,63.3,70.9,83.9,45.3,91.5,2022,0.77,0.67,0.71,0.84,0.45,0.92,0.07,0.06,0.35,2020,2,0.02
273.0,University of Newcastle,23221.0,0.22,0.18,51.41,26.2,30.5,80.7,53.0,84.2,2021,0.54,0.28,0.31,0.81,0.53,0.84,0.05,0.06,0.21,2021,0,0.12
146.0,University of Ottawa,35140.0,0.25,0.2,58.0,41.1,41.3,87.1,46.0,79.9,2021,0.61,0.44,0.41,0.87,0.46,0.8,0.07,0.07,0.24,2021,0,0.06
107.0,University of Birmingham,30195.0,0.15,0.3,61.3,40.3,45.5,92.6,40.1,90.2,2021,0.64,0.43,0.46,0.93,0.4,0.9,0.06,0.04,0.36,2023,-2,0.05
149.0,Durham University,17090.0,0.15,0.31,57.6,44.8,49.7,71.2,37.3,92.7,2021,0.6,0.47,0.5,0.71,0.37,0.93,0.03,0.04,0.37,2020,1,0.06
562.0,University of Portsmouth,20870.0,0.15,0.26,43.25,18.8,16.7,70.4,33.9,88.6,2021,0.45,0.2,0.17,0.7,0.34,0.89,0.04,0.04,0.31,2021,0,0.24
605.0,Auburn University,26838.0,0.19,0.09,42.42,30.7,21.4,45.4,40.0,45.7,2021,0.44,0.33,0.21,0.45,0.4,0.46,0.05,0.06,0.11,2019,2,0.26
291.0,University College Dublin,23148.0,0.23,0.3,50.69,29.0,37.8,73.3,44.0,93.1,2021,0.53,0.31,0.38,0.73,0.44,0.93,0.05,0.07,0.36,2020,1,0.12
978.0,University of Wolverhampton,14780.0,0.18,0.21,36.98,16.2,13.2,37.4,33.5,65.2,2021,0.39,0.17,0.13,0.37,0.34,0.65,0.03,0.05,0.25,2015,6,0.42
330.0,University of South Australia,20930.0,0.31,0.2,49.27,24.5,36.1,67.2,86.9,86.2,2021,0.52,0.26,0.36,0.67,0.87,0.86,0.04,0.09,0.24,2015,6,0.14
223.0,La Trobe University,22303.0,0.32,0.3,53.7,27.9,34.6,82.7,50.0,86.7,2021,0.56,0.3,0.35,0.83,0.5,0.87,0.04,0.09,0.36,2015,6,0.1
159.0,University of Nottingham,30800.0,0.15,0.29,56.9,42.0,42.4,80.0,38.7,87.8,2021,0.6,0.44,0.43,0.8,0.39,0.88,0.06,0.04,0.35,2021,0,0.07
397.0,Aberystwyth University,6810.0,0.17,0.22,47.18,23.8,23.8,62.0,38.6,79.0,2021,0.49,0.25,0.24,0.62,0.39,0.79,0.01,0.05,0.26,2021,0,0.17
30.0,University of Edinburgh,30650.0,0.12,0.42,79.4,67.2,74.7,96.0,38.7,94.6,2021,0.83,0.71,0.75,0.96,0.39,0.95,0.06,0.04,0.5,2017,4,0.01
781.0,Ulster University,17195.0,0.17,0.08,39.53,20.2,18.0,41.8,33.6,76.5,2021,0.41,0.21,0.18,0.42,0.34,0.76,0.03,0.05,0.1,2020,1,0.33
147.0,University of Auckland,32596.0,0.23,0.31,57.8,30.6,44.8,87.5,75.4,94.5,2021,0.6,0.32,0.45,0.88,0.75,0.94,0.06,0.07,0.37,2018,3,0.06
430.0,University of Georgia,36169.0,0.17,0.07,46.28,40.3,36.1,51.4,36.2,46.3,2021,0.48,0.43,0.36,0.51,0.36,0.46,0.07,0.05,0.08,2020,1,0.18
301.0,Boston College,12921.0,0.16,0.11,50.31,48.2,33.3,64.5,33.5,44.0,2021,0.53,0.51,0.33,0.64,0.34,0.44,0.03,0.05,0.13,2015,6,0.13
499.0,York University,49353.0,0.38,0.25,44.59,27.3,37.2,50.9,44.1,76.1,2021,0.47,0.29,0.37,0.51,0.44,0.76,0.1,0.11,0.3,2019,2,0.21
171.0,University of Leicester,15550.0,0.15,0.32,56.0,30.9,33.6,96.2,37.6,90.7,2021,0.59,0.33,0.34,0.96,0.38,0.91,0.03,0.04,0.38,2016,5,0.07
40.0,McGill University,31578.0,0.13,0.31,75.1,64.2,73.4,86.4,43.7,91.3,2021,0.79,0.68,0.74,0.86,0.44,0.91,0.06,0.04,0.37,2020,1,0.02
328.0,University of Newcastle,22100.0,0.21,0.18,49.07,24.5,28.3,76.6,49.9,83.1,2020,0.51,0.26,0.28,0.77,0.5,0.83,0.03,0.04,0.22,2021,-1,0.14
141.0,University of Ottawa,35365.0,0.25,0.19,57.9,41.3,42.0,86.2,46.5,77.7,2020,0.61,0.45,0.42,0.86,0.46,0.78,0.04,0.05,0.23,2021,-1,0.06
112.0,University of Birmingham,29542.0,0.16,0.29,60.9,39.6,45.6,92.1,39.3,89.2,2020,0.64,0.43,0.46,0.92,0.39,0.89,0.04,0.03,0.35,2023,-3,0.05
133.0,Durham University,16963.0,0.15,0.3,58.5,45.5,47.8,75.5,37.9,91.7,2020,0.61,0.49,0.48,0.76,0.38,0.92,0.02,0.03,0.36,2020,0,0.06
470.0,University of Portsmouth,20186.0,0.15,0.26,45.0,17.8,16.2,71.0,34.9,87.7,2020,0.47,0.19,0.16,0.71,0.35,0.88,0.02,0.03,0.31,2021,-1,0.2
610.0,Auburn University,26641.0,0.19,0.09,42.06,32.7,21.1,43.3,40.2,43.8,2020,0.44,0.35,0.21,0.43,0.4,0.44,0.03,0.04,0.11,2019,1,0.26
241.0,University College Dublin,22541.0,0.23,0.29,52.55,30.8,36.5,73.6,43.9,92.5,2020,0.55,0.33,0.37,0.74,0.44,0.93,0.03,0.05,0.35,2020,0,0.1
995.0,University of Wolverhampton,15687.0,0.2,0.21,36.53,15.8,13.3,35.0,34.5,65.3,2020,0.38,0.17,0.13,0.35,0.34,0.65,0.02,0.04,0.25,2015,5,0.43
289.0,University of South Australia,20268.0,0.31,0.25,50.5,31.5,39.4,65.8,82.5,89.3,2020,0.53,0.34,0.4,0.66,0.82,0.9,0.02,0.06,0.3,2015,5,0.12
272.0,La Trobe University,22292.0,0.34,0.29,51.18,27.1,33.1,73.3,51.3,83.8,2020,0.54,0.29,0.33,0.73,0.51,0.84,0.03,0.07,0.35,2015,5,0.12
153.0,University of Nottingham,29699.0,0.15,0.29,57.2,42.7,42.6,80.3,39.4,87.5,2020,0.6,0.46,0.43,0.8,0.39,0.88,0.04,0.03,0.35,2021,-1,0.07
402.0,Aberystwyth University,6866.0,0.16,0.19,46.77,24.8,22.9,66.3,39.7,78.1,2020,0.49,0.27,0.23,0.66,0.4,0.78,0.01,0.03,0.23,2021,-1,0.17
30.0,University of Edinburgh,29433.0,0.13,0.41,79.4,67.3,74.1,96.4,38.9,93.8,2020,0.83,0.73,0.74,0.96,0.39,0.94,0.04,0.03,0.49,2017,3,0.01
794.0,Ulster University,17817.0,0.17,0.08,39.08,21.0,18.0,40.9,35.6,75.7,2020,0.41,0.23,0.18,0.41,0.36,0.76,0.02,0.03,0.1,2020,0,0.34
179.0,University of Auckland,32821.0,0.22,0.32,55.2,31.4,43.9,80.2,62.4,94.0,2020,0.58,0.34,0.44,0.8,0.62,0.94,0.04,0.04,0.39,2018,2,0.08
432.0,University of Georgia,35164.0,0.16,0.07,45.96,34.9,35.8,55.8,37.2,46.0,2020,0.48,0.38,0.36,0.56,0.37,0.46,0.04,0.03,0.08,2020,0,0.18
259.0,University of Cincinnati,28434.0,0.2,0.09,51.73,35.5,30.8,83.9,39.4,40.9,2020,0.54,0.38,0.31,0.84,0.39,0.41,0.03,0.04,0.11,2017,3,0.11
305.0,Boston College,12904.0,0.16,0.11,49.89,36.7,33.7,69.2,34.4,42.3,2020,0.52,0.4,0.34,0.69,0.34,0.42,0.02,0.03,0.13,2015,5,0.13
501.0,York University,46683.0,0.35,0.24,44.28,28.2,37.6,50.7,45.4,75.0,2020,0.46,0.3,0.38,0.51,0.45,0.75,0.06,0.07,0.29,2019,1,0.21
167.0,University of Leicester,14645.0,0.14,0.32,56.1,30.1,34.8,96.2,38.1,90.7,2020,0.59,0.32,0.35,0.96,0.38,0.91,0.02,0.03,0.39,2016,4,0.07
42.0,McGill University,31294.0,0.13,0.29,74.3,65.0,71.9,84.7,42.8,90.4,2020,0.78,0.7,0.72,0.85,0.43,0.91,0.04,0.03,0.35,2020,0,0.02
329.0,University of Newcastle,22220.0,0.21,0.17,48.63,23.8,26.9,74.1,57.0,82.3,2019,0.51,0.25,0.27,0.74,0.57,0.82,0.02,0.02,0.2,2021,-2,0.14
177.0,University of Ottawa,35002.0,0.26,0.18,54.9,39.1,39.3,81.6,43.2,77.0,2019,0.57,0.41,0.39,0.82,0.43,0.77,0.02,0.03,0.21,2021,-2,0.08
116.0,University of Birmingham,28355.0,0.15,0.28,59.7,38.9,43.3,91.5,39.8,88.5,2019,0.62,0.41,0.44,0.92,0.4,0.89,0.02,0.02,0.33,2023,-4,0.05
115.0,Durham University,16565.0,0.15,0.3,59.9,44.7,47.0,82.0,37.7,90.9,2019,0.62,0.47,0.47,0.82,0.38,0.91,0.01,0.02,0.36,2020,-1,0.05
464.0,University of Portsmouth,19305.0,0.15,0.26,44.69,16.7,15.3,69.3,34.3,86.1,2019,0.47,0.18,0.15,0.69,0.34,0.86,0.01,0.02,0.31,2021,-2,0.2
603.0,Auburn University,24274.0,0.18,0.06,41.69,32.8,20.8,34.8,40.7,36.8,2019,0.43,0.35,0.21,0.35,0.41,0.37,0.02,0.02,0.07,2019,0,0.26
243.0,University College Dublin,22081.0,0.24,0.27,52.1,30.7,36.6,76.4,40.6,91.3,2019,0.54,0.32,0.37,0.76,0.41,0.91,0.02,0.03,0.32,2020,-1,0.1
784.0,University of Wolverhampton,15470.0,0.2,0.21,38.68,15.0,13.0,41.8,34.1,65.4,2019,0.4,0.16,0.13,0.42,0.34,0.66,0.01,0.02,0.25,2015,4,0.34
238.0,University of South Australia,17465.0,0.26,0.44,52.34,30.5,37.1,68.1,79.7,92.9,2019,0.55,0.32,0.37,0.68,0.8,0.93,0.01,0.03,0.52,2015,4,0.1
321.0,La Trobe University,21203.0,0.35,0.28,48.91,25.2,32.5,65.4,54.1,81.7,2019,0.51,0.27,0.33,0.65,0.54,0.82,0.02,0.04,0.33,2015,4,0.14
149.0,University of Nottingham,29430.0,0.15,0.3,57.2,42.7,42.8,80.0,40.8,86.8,2019,0.6,0.45,0.43,0.8,0.41,0.87,0.02,0.02,0.36,2021,-2,0.06
351.0,Aberystwyth University,7165.0,0.16,0.18,47.89,26.2,24.0,67.8,37.9,75.0,2019,0.5,0.28,0.24,0.68,0.38,0.75,0.01,0.02,0.21,2021,-2,0.15
29.0,University of Edinburgh,28155.0,0.13,0.41,79.8,69.2,73.7,96.8,38.2,93.3,2019,0.83,0.73,0.74,0.97,0.38,0.93,0.02,0.02,0.49,2017,2,0.01
774.0,Ulster University,17920.0,0.19,0.08,38.82,19.8,18.2,39.5,35.2,75.3,2019,0.4,0.21,0.18,0.4,0.35,0.75,0.01,0.02,0.1,2020,-1,0.33
201.0,University of Auckland,30041.0,0.18,0.3,54.28,30.1,40.7,76.5,61.6,91.7,2019,0.57,0.32,0.41,0.76,0.62,0.92,0.02,0.02,0.36,2018,1,0.09
423.0,University of Georgia,34707.0,0.17,0.08,45.75,33.6,32.1,59.0,36.6,43.9,2019,0.48,0.36,0.32,0.59,0.37,0.44,0.02,0.02,0.1,2020,-1,0.18
307.0,Boston College,13035.0,0.16,0.14,49.42,36.1,25.3,72.3,45.2,57.6,2019,0.51,0.38,0.25,0.72,0.45,0.58,0.01,0.02,0.17,2015,4,0.13
396.0,York University,46220.0,0.42,0.24,46.51,31.0,41.3,47.9,42.5,75.3,2019,0.48,0.33,0.42,0.48,0.42,0.75,0.03,0.05,0.29,2019,0,0.17
170.0,University of Leicester,14710.0,0.14,0.36,55.6,30.5,33.8,95.2,37.3,91.2,2019,0.58,0.32,0.34,0.95,0.37,0.91,0.01,0.02,0.43,2016,3,0.07
45.0,McGill University,31060.0,0.13,0.28,73.7,64.1,69.4,86.3,42.3,89.4,2019,0.77,0.68,0.7,0.86,0.42,0.9,0.02,0.02,0.33,2020,-1,0.02
276.0,University of Newcastle,22921.0,0.22,0.17,49.68,28.0,26.9,73.0,62.9,79.9,2018,0.53,0.31,0.27,0.73,0.63,0.8,0.01,0.03,0.2,2021,-3,0.12
228.0,University of Ottawa,35177.0,0.26,0.17,51.86,37.6,37.5,69.1,40.2,73.6,2018,0.55,0.42,0.38,0.69,0.4,0.74,0.02,0.03,0.2,2021,-3,0.1
141.0,University of Birmingham,27060.0,0.15,0.27,56.8,36.5,38.3,89.7,37.2,86.3,2018,0.6,0.4,0.38,0.9,0.37,0.86,0.01,0.02,0.32,2023,-5,0.06
97.0,Durham University,16310.0,0.15,0.29,60.8,44.8,47.9,84.6,36.8,89.0,2018,0.64,0.5,0.48,0.85,0.37,0.89,0.01,0.02,0.35,2020,-2,0.04
564.0,University of Portsmouth,19095.0,0.16,0.27,41.55,19.1,14.3,57.1,32.1,83.1,2018,0.44,0.21,0.14,0.57,0.32,0.83,0.01,0.02,0.32,2021,-3,0.24
604.0,Auburn University,23186.0,0.18,0.05,40.77,31.8,20.2,30.9,38.9,33.2,2018,0.43,0.35,0.2,0.31,0.39,0.33,0.01,0.02,0.06,2019,-1,0.26
247.0,University College Dublin,21605.0,0.23,0.26,50.95,29.2,37.5,74.0,38.1,89.3,2018,0.54,0.32,0.38,0.74,0.38,0.89,0.01,0.03,0.31,2020,-2,0.11
238.0,University of South Australia,17575.0,0.26,0.41,51.37,31.5,36.3,63.3,81.6,91.8,2018,0.54,0.35,0.36,0.63,0.82,0.92,0.01,0.03,0.49,2015,3,0.1
372.0,La Trobe University,20343.0,0.34,0.26,46.29,27.1,33.0,49.8,58.1,79.5,2018,0.49,0.3,0.33,0.5,0.58,0.8,0.01,0.04,0.31,2015,3,0.16
148.0,University of Nottingham,29175.0,0.14,0.3,56.2,40.5,41.9,80.5,38.5,84.4,2018,0.6,0.45,0.42,0.8,0.38,0.85,0.02,0.02,0.36,2021,-3,0.06
299.0,Aberystwyth University,7920.0,0.18,0.18,48.77,24.2,25.5,76.7,36.6,74.9,2018,0.52,0.27,0.26,0.77,0.37,0.75,0.0,0.02,0.21,2021,-3,0.13
27.0,University of Edinburgh,26760.0,0.12,0.4,79.2,66.8,74.2,97.0,36.3,92.0,2018,0.84,0.74,0.75,0.97,0.36,0.92,0.01,0.01,0.48,2017,1,0.01
587.0,Ulster University,18550.0,0.15,0.08,41.1,21.0,15.6,50.6,33.0,72.0,2018,0.44,0.23,0.16,0.51,0.33,0.72,0.01,0.02,0.1,2020,-2,0.25
192.0,University of Auckland,30348.0,0.19,0.29,52.5,32.5,40.7,73.8,67.3,90.6,2018,0.56,0.36,0.41,0.74,0.67,0.91,0.02,0.02,0.35,2018,0,0.08
363.0,University of Georgia,33842.0,0.16,0.07,46.57,30.1,32.3,60.7,34.3,42.6,2018,0.49,0.33,0.32,0.61,0.34,0.43,0.02,0.02,0.08,2020,-2,0.16
306.0,Boston College,12943.0,0.16,0.12,48.51,37.0,20.0,74.1,43.8,53.8,2018,0.51,0.41,0.2,0.74,0.44,0.54,0.01,0.02,0.14,2015,3,0.13
398.0,York University,46146.0,0.41,0.23,45.52,30.5,40.9,47.9,37.2,73.9,2018,0.48,0.34,0.41,0.48,0.37,0.74,0.03,0.05,0.27,2019,-1,0.17
159.0,University of Leicester,14635.0,0.14,0.38,55.0,32.2,34.5,91.4,35.2,89.9,2018,0.58,0.36,0.35,0.91,0.35,0.9,0.01,0.02,0.45,2016,2,0.07
42.0,McGill University,30940.0,0.13,0.26,73.2,63.4,70.8,84.7,39.8,87.5,2018,0.78,0.7,0.71,0.85,0.4,0.88,0.02,0.02,0.31,2020,-2,0.02
227.0,University of Newcastle,23838.0,0.23,0.18,50.82,29.3,28.5,73.5,63.7,79.8,2017,0.53,0.31,0.29,0.74,0.64,0.8,0.02,0.04,0.21,2021,-4,0.1
280.0,University of Ottawa,34946.0,0.25,0.15,48.33,38.1,21.0,67.5,41.5,71.8,2017,0.51,0.4,0.21,0.68,0.42,0.72,0.02,0.04,0.18,2021,-4,0.12
130.0,University of Birmingham,26360.0,0.17,0.25,57.6,38.6,42.4,86.8,38.0,84.2,2017,0.61,0.4,0.43,0.87,0.38,0.84,0.02,0.03,0.3,2023,-6,0.06
96.0,Durham University,15705.0,0.15,0.26,60.6,43.0,49.0,85.0,37.4,87.0,2017,0.64,0.45,0.49,0.85,0.37,0.87,0.01,0.03,0.31,2020,-3,0.04
467.0,University of Portsmouth,18950.0,0.16,0.25,42.26,16.7,13.2,61.8,32.6,82.4,2017,0.44,0.17,0.13,0.62,0.33,0.82,0.01,0.03,0.3,2021,-4,0.2
603.0,Auburn University,22282.0,0.18,0.05,39.23,31.7,18.3,24.2,40.0,30.9,2017,0.41,0.33,0.18,0.24,0.4,0.31,0.02,0.03,0.06,2019,-2,0.26
211.0,University College Dublin,21438.0,0.23,0.25,51.69,31.5,37.8,72.5,37.4,88.1,2017,0.54,0.33,0.38,0.72,0.37,0.88,0.02,0.04,0.3,2020,-3,0.09
285.0,University of South Australia,19996.0,0.3,0.33,48.12,29.9,29.9,58.4,82.9,90.1,2017,0.51,0.31,0.3,0.58,0.83,0.9,0.01,0.05,0.39,2015,2,0.12
374.0,La Trobe University,22422.0,0.3,0.25,44.9,26.7,29.7,49.0,45.5,78.7,2017,0.47,0.28,0.3,0.49,0.46,0.79,0.02,0.05,0.3,2015,2,0.16
148.0,University of Nottingham,29740.0,0.15,0.28,55.5,41.0,41.3,78.9,39.8,81.6,2017,0.58,0.43,0.42,0.79,0.4,0.82,0.02,0.03,0.33,2021,-4,0.06
300.0,Aberystwyth University,8735.0,0.17,0.18,47.51,20.5,21.3,77.5,34.9,75.1,2017,0.5,0.21,0.21,0.78,0.35,0.75,0.01,0.03,0.21,2021,-4,0.13
27.0,University of Edinburgh,25280.0,0.12,0.37,79.2,67.5,74.7,96.0,35.0,91.5,2017,0.83,0.71,0.75,0.96,0.35,0.92,0.02,0.02,0.44,2017,0,0.01
582.0,Ulster University,17660.0,0.14,0.07,39.65,18.7,15.3,49.5,33.1,70.7,2017,0.42,0.2,0.15,0.5,0.33,0.71,0.01,0.02,0.08,2020,-3,0.25
166.0,University of Auckland,30287.0,0.19,0.29,53.4,32.8,40.8,75.8,70.5,90.5,2017,0.56,0.34,0.41,0.76,0.7,0.91,0.02,0.03,0.35,2018,-1,0.07
317.0,University of Georgia,33241.0,0.2,0.07,46.86,33.0,35.0,57.2,34.9,41.7,2017,0.49,0.35,0.35,0.57,0.35,0.42,0.02,0.03,0.08,2020,-3,0.14
208.0,Boston College,12932.0,0.16,0.19,51.86,47.3,19.3,79.9,43.8,60.2,2017,0.55,0.5,0.19,0.8,0.44,0.6,0.01,0.03,0.23,2015,2,0.09
349.0,York University,46565.0,0.41,0.22,45.72,29.9,39.7,50.7,37.4,73.5,2017,0.48,0.31,0.4,0.51,0.37,0.74,0.03,0.07,0.26,2019,-2,0.15
173.0,University of Leicester,14180.0,0.12,0.36,53.0,30.9,32.4,88.4,35.1,87.6,2017,0.56,0.32,0.33,0.88,0.35,0.88,0.01,0.02,0.43,2016,1,0.07
42.0,McGill University,30911.0,0.14,0.24,73.1,66.4,70.3,81.8,41.9,86.4,2017,0.77,0.7,0.71,0.82,0.42,0.86,0.02,0.02,0.29,2020,-3,0.02
280.0,University of Newcastle,23508.0,0.22,0.18,46.26,27.4,26.5,67.2,64.4,75.9,2016,0.49,0.29,0.27,0.67,0.64,0.76,0.06,0.13,0.22,2021,-5,0.12
230.0,University of Ottawa,36733.0,0.26,0.15,48.68,37.1,36.7,61.5,41.5,69.9,2016,0.51,0.39,0.37,0.62,0.42,0.7,0.1,0.16,0.18,2021,-5,0.1
120.0,University of Birmingham,25295.0,0.16,0.23,56.2,39.4,41.8,82.7,34.7,82.0,2016,0.59,0.41,0.42,0.83,0.35,0.82,0.07,0.1,0.28,2023,-7,0.05
70.0,Durham University,15489.0,0.16,0.24,63.6,47.9,51.9,87.7,34.4,86.4,2016,0.67,0.5,0.52,0.88,0.34,0.86,0.04,0.1,0.29,2020,-4,0.03
473.0,University of Portsmouth,20161.0,0.19,0.23,39.79,17.2,10.9,58.2,28.9,79.3,2016,0.42,0.18,0.11,0.58,0.29,0.79,0.05,0.12,0.28,2021,-5,0.2
505.0,Auburn University,22386.0,0.18,0.04,38.98,30.2,19.4,21.0,37.2,27.9,2016,0.41,0.32,0.2,0.21,0.37,0.28,0.06,0.11,0.05,2019,-3,0.22
177.0,University College Dublin,22193.0,0.24,0.23,50.6,35.0,38.5,70.8,33.5,86.3,2016,0.53,0.37,0.39,0.71,0.34,0.86,0.06,0.15,0.28,2020,-4,0.08
383.0,University of South Australia,18971.0,0.26,0.32,42.39,26.4,26.7,41.2,85.9,89.0,2016,0.45,0.28,0.27,0.41,0.86,0.89,0.05,0.16,0.39,2015,1,0.16
367.0,La Trobe University,22037.0,0.29,0.27,42.92,27.0,28.5,45.4,43.7,78.0,2016,0.45,0.28,0.29,0.45,0.44,0.78,0.06,0.18,0.33,2015,1,0.16
144.0,University of Nottingham,30144.0,0.15,0.27,54.1,40.3,39.0,77.5,39.8,80.6,2016,0.57,0.42,0.39,0.78,0.4,0.81,0.08,0.09,0.33,2021,-5,0.06
303.0,Aberystwyth University,9252.0,0.19,0.18,45.28,21.6,18.9,67.2,31.3,72.2,2016,0.48,0.23,0.19,0.67,0.31,0.72,0.02,0.12,0.22,2021,-5,0.13
24.0,University of Edinburgh,25774.0,0.14,0.36,80.3,68.6,77.2,96.3,36.1,89.8,2016,0.84,0.72,0.78,0.96,0.36,0.9,0.07,0.09,0.44,2017,-1,0.01
492.0,Ulster University,19622.0,0.16,0.15,39.31,19.1,13.2,44.1,29.2,79.0,2016,0.41,0.2,0.13,0.44,0.29,0.79,0.05,0.1,0.18,2020,-4,0.21
173.0,University of Auckland,29787.0,0.19,0.28,51.0,31.4,39.5,69.8,78.0,90.5,2016,0.54,0.33,0.4,0.7,0.78,0.91,0.08,0.12,0.34,2018,-2,0.07
265.0,University of Georgia,33119.0,0.2,0.07,46.94,41.1,30.5,52.2,30.9,39.2,2016,0.49,0.43,0.31,0.52,0.31,0.39,0.09,0.12,0.09,2020,-4,0.11
308.0,University of Cincinnati,36108.0,0.16,0.06,45.08,31.3,20.4,72.1,35.3,28.3,2016,0.47,0.33,0.21,0.72,0.35,0.28,0.1,0.1,0.07,2017,-1,0.13
191.0,Boston College,13216.0,0.17,0.19,49.6,34.1,29.3,83.3,46.8,60.0,2016,0.52,0.36,0.3,0.83,0.47,0.6,0.03,0.1,0.23,2015,1,0.08
350.0,York University,48007.0,0.39,0.09,43.51,30.2,30.8,49.1,33.2,58.2,2016,0.46,0.32,0.31,0.49,0.33,0.58,0.13,0.24,0.11,2019,-3,0.15
168.0,University of Leicester,14541.0,0.13,0.35,51.1,32.1,27.8,86.0,31.7,86.6,2016,0.54,0.34,0.28,0.86,0.32,0.87,0.04,0.08,0.43,2016,0,0.07
38.0,McGill University,31326.0,0.14,0.23,72.6,66.1,72.1,78.9,40.3,85.5,2016,0.76,0.69,0.73,0.79,0.4,0.86,0.08,0.09,0.28,2020,-4,0.02
266.0,University of Newcastle,23508.0,0.22,0.18,42.99,26.5,29.9,57.5,75.6,70.6,2015,0.46,0.29,0.3,0.57,0.76,0.71,0.19,0.31,0.29,2021,-6,0.11
190.0,University of Ottawa,36733.0,0.26,0.15,46.6,37.9,34.7,62.9,45.9,63.2,2015,0.49,0.41,0.35,0.63,0.46,0.64,0.3,0.36,0.24,2021,-6,0.08
149.0,University of Birmingham,25295.0,0.16,0.23,50.2,42.8,39.8,62.7,36.0,75.8,2015,0.53,0.46,0.4,0.63,0.36,0.77,0.21,0.22,0.37,2023,-8,0.06
83.0,Durham University,15489.0,0.16,0.24,56.9,37.2,40.7,88.9,34.8,80.4,2015,0.6,0.4,0.41,0.89,0.35,0.81,0.13,0.22,0.38,2020,-5,0.04
390.0,University of Portsmouth,20161.0,0.19,0.23,38.15,16.1,10.6,61.6,29.2,73.3,2015,0.4,0.17,0.11,0.62,0.29,0.74,0.17,0.26,0.37,2021,-6,0.17
240.0,University College Dublin,22193.0,0.24,0.23,44.29,31.7,28.1,61.7,33.8,79.4,2015,0.47,0.34,0.28,0.62,0.34,0.8,0.18,0.33,0.37,2020,-5,0.1
299.0,University of South Australia,18971.0,0.26,0.32,41.51,25.7,24.0,52.7,83.9,80.8,2015,0.44,0.28,0.24,0.53,0.84,0.82,0.16,0.36,0.51,2015,0,0.13
171.0,University of Nottingham,30144.0,0.15,0.27,47.8,39.9,35.8,62.7,39.6,70.6,2015,0.51,0.43,0.36,0.63,0.4,0.71,0.25,0.21,0.43,2021,-6,0.07
353.0,Aberystwyth University,9252.0,0.19,0.18,39.41,20.7,20.6,52.2,33.0,66.5,2015,0.42,0.22,0.21,0.52,0.33,0.67,0.08,0.26,0.29,2021,-6,0.15
36.0,University of Edinburgh,25774.0,0.14,0.36,70.4,58.9,62.9,88.3,41.2,84.3,2015,0.75,0.63,0.64,0.88,0.41,0.85,0.21,0.19,0.57,2017,-2,0.02
175.0,University of Auckland,29787.0,0.19,0.28,47.5,28.6,33.4,68.4,74.2,87.3,2015,0.5,0.31,0.34,0.68,0.74,0.88,0.25,0.26,0.44,2018,-3,0.07
295.0,University of Georgia,33119.0,0.2,0.07,41.68,39.7,28.9,46.6,31.1,35.3,2015,0.44,0.43,0.29,0.47,0.31,0.36,0.27,0.28,0.11,2020,-5,0.13
292.0,University of Cincinnati,36108.0,0.16,0.06,41.81,32.0,22.4,67.8,35.6,26.0,2015,0.44,0.34,0.23,0.68,0.36,0.26,0.3,0.22,0.1,2017,-2,0.12
126.0,Boston College,13216.0,0.17,0.19,52.5,32.4,29.1,95.9,46.5,54.6,2015,0.56,0.35,0.3,0.96,0.46,0.55,0.11,0.24,0.3,2015,0,0.05
250.0,York University,48007.0,0.39,0.09,43.77,27.5,35.3,62.9,34.1,59.7,2015,0.46,0.3,0.36,0.63,0.34,0.6,0.4,0.54,0.14,2019,-4,0.11
199.0,University of Leicester,14541.0,0.13,0.35,45.7,29.8,31.6,67.1,34.8,83.9,2015,0.48,0.32,0.32,0.67,0.35,0.85,0.12,0.18,0.56,2016,-1,0.08
39.0,McGill University,31326.0,0.14,0.23,69.6,63.3,69.9,76.0,38.6,79.0,2015,0.74,0.68,0.71,0.76,0.39,0.8,0.26,0.19,0.37,2020,-5,0.02
271.0,University of Newcastle,23508.0,0.22,0.18,40.8,21.2,28.2,58.0,74.2,70.5,2014,0.43,0.22,0.29,0.58,0.74,0.72,0.19,0.31,0.33,2021,-7,0.12
187.0,University of Ottawa,36733.0,0.26,0.15,45.3,36.5,34.8,60.6,41.6,62.4,2014,0.48,0.38,0.35,0.61,0.42,0.64,0.3,0.36,0.28,2021,-7,0.08
153.0,University of Birmingham,25295.0,0.16,0.23,48.3,42.8,39.6,57.5,36.7,72.2,2014,0.51,0.45,0.4,0.57,0.37,0.74,0.21,0.22,0.43,2023,-9,0.07
80.0,Durham University,15489.0,0.16,0.24,56.1,38.3,38.3,88.2,35.3,76.8,2014,0.59,0.4,0.39,0.88,0.35,0.78,0.13,0.22,0.44,2020,-6,0.03
392.0,University of Portsmouth,20161.0,0.19,0.23,35.94,13.7,11.8,56.3,29.1,73.3,2014,0.38,0.14,0.12,0.56,0.29,0.75,0.17,0.26,0.43,2021,-7,0.17
161.0,University College Dublin,22193.0,0.24,0.23,46.7,27.1,29.0,77.0,33.1,79.6,2014,0.49,0.28,0.29,0.77,0.33,0.81,0.18,0.33,0.43,2020,-6,0.07
343.0,University of South Australia,18971.0,0.26,0.32,37.7,22.5,21.8,40.2,83.2,80.0,2014,0.4,0.24,0.22,0.4,0.83,0.81,0.16,0.36,0.59,2015,-1,0.15
158.0,University of Nottingham,30144.0,0.15,0.27,47.4,38.4,36.3,62.3,39.2,70.3,2014,0.5,0.4,0.37,0.62,0.39,0.72,0.25,0.21,0.5,2021,-7,0.07
303.0,Aberystwyth University,9252.0,0.19,0.18,39.33,19.3,17.6,57.5,32.8,65.5,2014,0.41,0.2,0.18,0.57,0.33,0.67,0.08,0.26,0.33,2021,-7,0.13
39.0,University of Edinburgh,25774.0,0.14,0.36,67.5,56.6,56.9,87.6,42.5,81.5,2014,0.71,0.59,0.58,0.88,0.42,0.83,0.21,0.19,0.67,2017,-3,0.02
167.0,University of Auckland,29787.0,0.19,0.28,46.6,26.7,33.5,67.0,74.5,88.0,2014,0.49,0.28,0.34,0.67,0.74,0.9,0.25,0.26,0.52,2018,-4,0.07
291.0,University of Georgia,33119.0,0.2,0.07,39.86,39.6,28.9,46.1,30.7,35.0,2014,0.42,0.42,0.29,0.46,0.31,0.36,0.27,0.28,0.13,2020,-6,0.12
239.0,University of Cincinnati,36108.0,0.16,0.06,42.45,31.8,22.3,69.3,36.5,25.4,2014,0.45,0.33,0.23,0.69,0.36,0.26,0.3,0.22,0.11,2017,-3,0.1
135.0,Boston College,13216.0,0.17,0.19,50.0,26.3,26.4,96.2,49.4,54.4,2014,0.53,0.28,0.27,0.96,0.49,0.55,0.11,0.24,0.35,2015,-1,0.06
300.0,York University,48007.0,0.39,0.09,39.46,24.2,28.1,55.5,36.2,55.3,2014,0.42,0.25,0.29,0.56,0.36,0.56,0.4,0.54,0.17,2019,-5,0.13
163.0,University of Leicester,14541.0,0.13,0.35,46.7,32.5,32.9,66.9,33.7,81.6,2014,0.49,0.34,0.33,0.67,0.34,0.83,0.12,0.18,0.65,2016,-2,0.07
35.0,McGill University,31326.0,0.14,0.23,68.1,61.5,68.1,74.5,40.8,77.8,2014,0.72,0.65,0.69,0.74,0.41,0.79,0.26,0.19,0.43,2020,-6,0.01
296.0,University of Newcastle,23508.0,0.22,0.18,43.47,21.1,29.0,49.8,72.9,70.5,2013,0.46,0.22,0.29,0.5,0.73,0.71,0.17,0.31,0.33,2021,-8,0.13
173.0,University of Ottawa,36733.0,0.26,0.15,49.0,40.8,41.4,63.1,43.0,58.1,2013,0.51,0.42,0.42,0.63,0.43,0.59,0.27,0.36,0.28,2021,-8,0.07
159.0,University of Birmingham,25295.0,0.16,0.23,50.5,44.8,46.7,56.3,38.4,69.7,2013,0.53,0.47,0.47,0.56,0.38,0.71,0.18,0.22,0.43,2023,-10,0.07
80.0,Durham University,15489.0,0.16,0.24,60.7,42.3,44.5,93.3,34.3,77.7,2013,0.64,0.44,0.45,0.93,0.34,0.79,0.11,0.22,0.44,2020,-7,0.03
339.0,University of Portsmouth,20161.0,0.19,0.23,41.68,12.8,10.5,72.3,29.2,70.2,2013,0.44,0.13,0.11,0.72,0.29,0.71,0.15,0.26,0.43,2021,-8,0.14
187.0,University College Dublin,22193.0,0.24,0.23,47.9,31.1,31.8,74.9,35.3,76.5,2013,0.5,0.32,0.32,0.75,0.35,0.77,0.16,0.33,0.43,2020,-7,0.08
340.0,University of South Australia,18971.0,0.26,0.32,41.65,28.4,25.0,34.1,83.7,81.0,2013,0.44,0.29,0.25,0.34,0.84,0.82,0.14,0.36,0.59,2015,-2,0.15
120.0,University of Nottingham,30144.0,0.15,0.27,54.8,48.1,50.8,62.8,38.3,70.1,2013,0.57,0.5,0.51,0.63,0.38,0.71,0.22,0.21,0.5,2021,-8,0.05
276.0,Aberystwyth University,9252.0,0.19,0.18,44.39,23.8,21.7,64.3,34.9,63.1,2013,0.46,0.25,0.22,0.64,0.35,0.64,0.07,0.26,0.33,2021,-8,0.12
32.0,University of Edinburgh,25774.0,0.14,0.36,76.1,68.4,71.3,90.8,43.8,78.9,2013,0.8,0.71,0.72,0.91,0.44,0.8,0.19,0.19,0.67,2017,-4,0.01
161.0,University of Auckland,29787.0,0.19,0.28,50.3,34.0,40.9,64.2,76.6,88.0,2013,0.53,0.35,0.41,0.64,0.77,0.89,0.22,0.26,0.52,2018,-5,0.07
218.0,University of Georgia,33119.0,0.2,0.07,47.5,45.4,40.1,46.8,31.3,36.2,2013,0.5,0.47,0.4,0.47,0.31,0.37,0.24,0.28,0.13,2020,-7,0.09
243.0,University of Cincinnati,36108.0,0.16,0.06,46.07,34.9,26.5,69.5,35.8,23.9,2013,0.48,0.36,0.27,0.7,0.36,0.24,0.26,0.22,0.11,2017,-4,0.1
150.0,Boston College,13216.0,0.17,0.19,51.6,34.5,33.2,88.7,50.23,52.4,2013,0.54,0.36,0.33,0.89,0.5,0.53,0.1,0.24,0.35,2015,-2,0.06
349.0,York University,48007.0,0.39,0.09,41.3,20.9,30.1,50.5,41.9,50.7,2013,0.43,0.22,0.3,0.5,0.42,0.51,0.35,0.54,0.17,2019,-6,0.15
196.0,University of Leicester,14541.0,0.13,0.35,46.7,33.0,32.5,66.5,34.9,83.7,2013,0.49,0.34,0.33,0.66,0.35,0.85,0.11,0.18,0.65,2016,-3,0.08
34.0,McGill University,31326.0,0.14,0.23,75.7,74.4,80.4,75.2,40.3,75.9,2013,0.79,0.77,0.81,0.75,0.4,0.77,0.23,0.19,0.43,2020,-7,0.01
298.0,University of Newcastle,23508.0,0.22,0.18,38.08,18.2,27.1,35.8,64.8,76.3,2012,0.4,0.19,0.27,0.36,0.65,0.77,0.18,0.31,0.33,2021,-9,0.13
185.0,University of Ottawa,36733.0,0.26,0.15,43.2,38.9,34.8,54.8,36.9,49.6,2012,0.46,0.41,0.35,0.55,0.37,0.5,0.29,0.36,0.28,2021,-9,0.08
148.0,University of Birmingham,25295.0,0.16,0.23,46.9,42.6,42.6,50.6,36.0,70.3,2012,0.49,0.44,0.43,0.51,0.36,0.71,0.2,0.22,0.43,2023,-11,0.06
83.0,Durham University,15489.0,0.16,0.24,56.4,32.5,37.9,96.2,30.5,75.8,2012,0.59,0.34,0.38,0.96,0.3,0.77,0.12,0.22,0.44,2020,-8,0.04
353.0,Auburn University,22386.0,0.18,0.04,35.65,33.7,18.7,10.3,47.3,22.5,2012,0.38,0.35,0.19,0.1,0.47,0.23,0.18,0.25,0.07,2019,-7,0.15
160.0,University College Dublin,22193.0,0.24,0.23,45.9,25.2,23.7,80.5,32.3,83.2,2012,0.48,0.26,0.24,0.8,0.32,0.84,0.17,0.33,0.43,2020,-8,0.07
394.0,University of South Australia,18971.0,0.26,0.32,34.08,20.6,18.0,19.4,87.7,81.8,2012,0.36,0.22,0.18,0.19,0.88,0.83,0.15,0.36,0.59,2015,-3,0.17
366.0,La Trobe University,22037.0,0.29,0.27,35.13,19.0,19.5,13.6,28.9,71.3,2012,0.37,0.2,0.2,0.14,0.29,0.72,0.17,0.4,0.5,2015,-3,0.16
140.0,University of Nottingham,30144.0,0.15,0.27,47.7,40.2,40.0,57.6,36.7,72.6,2012,0.5,0.42,0.4,0.58,0.37,0.73,0.24,0.21,0.5,2021,-9,0.06
277.0,Aberystwyth University,9252.0,0.19,0.18,39.13,19.8,15.5,56.6,35.5,63.8,2012,0.41,0.21,0.16,0.57,0.36,0.65,0.07,0.26,0.33,2021,-9,0.12
36.0,University of Edinburgh,25774.0,0.14,0.36,72.0,63.0,61.4,92.3,41.3,79.8,2012,0.76,0.66,0.62,0.92,0.41,0.81,0.2,0.19,0.67,2017,-5,0.02
174.0,University of Auckland,29787.0,0.19,0.28,44.6,28.3,35.0,55.7,76.6,92.9,2012,0.47,0.3,0.35,0.56,0.77,0.94,0.23,0.26,0.52,2018,-6,0.07
217.0,University of Georgia,33119.0,0.2,0.07,42.63,44.4,36.4,37.3,27.7,30.6,2012,0.45,0.46,0.37,0.37,0.28,0.31,0.26,0.28,0.13,2020,-8,0.09
215.0,University of Cincinnati,36108.0,0.16,0.06,42.76,29.0,24.9,69.0,32.9,20.6,2012,0.45,0.3,0.25,0.69,0.33,0.21,0.28,0.22,0.11,2017,-5,0.09
195.0,Boston College,13216.0,0.17,0.19,42.4,26.5,18.9,83.5,24.2,41.4,2012,0.45,0.28,0.19,0.84,0.24,0.42,0.1,0.24,0.35,2015,-3,0.08
301.0,York University,48007.0,0.39,0.09,37.94,19.9,27.7,41.2,41.7,57.7,2012,0.4,0.21,0.28,0.41,0.42,0.58,0.38,0.54,0.17,2019,-7,0.13
199.0,University of Leicester,14541.0,0.13,0.35,41.5,27.6,30.3,56.3,34.4,84.9,2012,0.44,0.29,0.3,0.56,0.34,0.86,0.11,0.18,0.65,2016,-4,0.08
28.0,McGill University,31326.0,0.14,0.23,75.5,72.8,78.4,77.1,35.1,81.4,2012,0.8,0.76,0.79,0.77,0.35,0.82,0.25,0.19,0.43,2020,-8,0.01
146.0,University of Birmingham,25295.0,0.16,0.23,51.8,50.3,50.7,52.1,34.8,73.8,2011,0.54,0.5,0.51,0.52,0.35,0.74,0.2,0.23,0.43,2023,-12,0.06
85.0,Durham University,15489.0,0.16,0.24,58.9,39.8,44.1,91.0,33.9,65.7,2011,0.61,0.4,0.44,0.91,0.34,0.66,0.12,0.23,0.44,2020,-9,0.04
94.0,University College Dublin,22193.0,0.24,0.23,57.5,42.4,36.6,86.3,51.73,87.0,2011,0.6,0.43,0.37,0.86,0.52,0.87,0.17,0.34,0.43,2020,-9,0.04
176.0,University of Nottingham,30144.0,0.15,0.27,49.0,46.8,44.1,52.5,38.4,74.8,2011,0.51,0.47,0.44,0.53,0.38,0.75,0.24,0.21,0.5,2021,-10,0.08
40.0,University of Edinburgh,25774.0,0.14,0.36,69.2,59.9,61.9,86.8,42.2,67.3,2011,0.72,0.6,0.62,0.87,0.42,0.67,0.2,0.2,0.67,2017,-6,0.02
145.0,University of Auckland,29787.0,0.19,0.28,51.8,34.8,39.2,71.8,61.1,94.3,2011,0.54,0.35,0.39,0.72,0.61,0.94,0.23,0.27,0.52,2018,-7,0.06
191.0,University of Cincinnati,36108.0,0.16,0.06,46.9,43.6,40.4,61.5,32.5,18.9,2011,0.49,0.44,0.41,0.62,0.32,0.19,0.28,0.23,0.11,2017,-6,0.08
162.0,Boston College,13216.0,0.17,0.19,50.3,40.1,33.6,78.0,51.73,31.6,2011,0.52,0.4,0.34,0.78,0.52,0.32,0.1,0.24,0.35,2015,-4,0.07
35.0,McGill University,31326.0,0.14,0.23,71.7,69.0,74.9,69.0,51.73,85.9,2011,0.75,0.69,0.75,0.69,0.52,0.86,0.25,0.2,0.43,2020,-9,0.01
