rank,name,overall_score,teaching_score,research_score,citations_score,industry_income_score,international_outlook_score,number_students,student_staff_ratio,intl_students,year
,University of Oxford,96.00,91.8,99.5,99.1,67,96.3,20300,11,0.40,2019
,University of Cambridge,94.80,92.1,98.8,97.1,52.9,94.3,18750,10.9,0.37,2019
,Stanford University,94.70,93.6,96.8,99.9,64.6,79.3,15878,7.4,0.23,2019
,Massachusetts Institute of Technology,94.20,91.9,92.7,99.9,87.6,89,11231,8.7,0.34,2019
,California Institute of Technology,94.10,94.5,97.2,99.2,88.2,62.3,2255,6.5,0.29,2019
,Harvard University,93.60,90.1,98.4,99.6,48.7,79.7,20595,9.1,0.26,2019
,Princeton University,92.30,89.9,93.6,99.4,57.3,80.1,7996,8.2,0.24,2019
,Yale University,91.30,91.6,93.5,97.8,51.5,68.3,12318,5.2,0.20,2019
,Imperial College London,90.30,85.8,87.7,97.8,67.3,97.1,16425,11.6,0.56,2019
,The University of Chicago,90.20,90.2,90.1,99,41.4,70.9,13562,6.1,0.25,2019
,ETH Zurich,89.30,83.3,91.4,93.8,56.1,98.2,18171,12.3,0.39,2019
,Johns Hopkins University,89.00,81.9,90.5,98.5,95.5,71.9,16146,4.6,0.25,2019
,University of Pennsylvania,89.00,87.4,89.2,98.4,70.3,63.6,20443,6.4,0.20,2019
,UCL,87.80,79.1,90.1,95.9,42.4,95.8,31695,10.6,0.51,2019
,"University of California, Berkeley",87.70,78.7,92.3,99.7,49.3,69.8,36468,13.2,0.17,2019
,Columbia University,87.20,85.4,83.1,98.8,44.8,79,26586,6,0.37,2019
,"University of California, Los Angeles",86.40,82.6,87.9,97.8,49.4,62.1,39464,9.2,0.17,2019
,Duke University,85.40,84.1,78.8,98.2,100,61,15037,4.4,0.18,2019
,Cornell University,85.10,79.7,85.4,97.4,36.9,71.8,21904,9.8,0.25,2019
,University of Michigan-Ann Arbor,84.10,80,85.9,96,45.9,58,41831,8.3,0.17,2019
,University of Toronto,84.00,75.8,86.3,92.8,50.3,82.8,72202,19,0.19,2019
,Tsinghua University,82.90,87.7,94.1,74.8,99.8,45.8,36912,11.9,0.11,2019
,National University of Singapore,82.40,77.3,88.8,78.9,67.6,95.5,30727,17.4,0.28,2019
,Carnegie Mellon University,82.00,69,81.2,99.3,48.1,79.4,13033,13.3,0.47,2019
,Northwestern University,81.70,69,83.6,97.8,75.8,63,17600,13,0.19,2019
,London School of Economics and Political Science,81.30,71,83.1,91,34.8,92.5,10030,11.8,0.70,2019
,New York University,81.00,77.7,76.1,96.6,38.9,65,44433,8.9,0.32,2019
,University of Washington,80.40,70.7,79.7,98.9,47.6,59.3,45476,11.3,0.16,2019
,University of Edinburgh,79.80,69.2,73.7,96.8,38.2,93.3,28155,12.7,0.41,2019
,"University of California, San Diego",79.70,65.4,79.2,98.2,96,59.9,31687,12.9,0.20,2019
,Peking University,79.30,88.8,80.4,76.7,48.3,57.5,42547,8.9,0.17,2019
,LMU Munich,78.30,69.9,76.1,90.2,100,65.6,35389,36,0.16,2019
,University of Melbourne,78.30,68,73.4,90.3,74,93.1,45030,26.6,0.42,2019
,Georgia Institute of Technology,77.50,62.5,76.1,95.1,62.2,77.1,21903,21.5,0.27,2019
,École Polytechnique Fédérale de Lausanne,76.90,66.5,66.5,92.8,69.1,98.7,10343,11.4,0.57,2019
,University of Hong Kong,76.30,72.6,78.4,73.7,56.5,99.7,18122,18.1,0.43,2019
,University of British Columbia,76.00,60.8,72.6,92.8,42.9,93.9,53566,18.6,0.30,2019
,King’s College London,75.80,61.1,68.7,95.2,45.9,95.3,24295,12.1,0.42,2019
,University of Texas at Austin,75.40,68.8,74.2,94.8,48.7,38,48561,17.1,0.10,2019
,Karolinska Institute,74.90,56.1,72.1,96.2,68.6,77.5,7898,9.2,0.19,2019
,The Hong Kong University of Science and Technology,74.50,56.8,67.6,93.9,65.8,98,10394,23.6,0.31,2019
,Paris Sciences et Lettres – PSL Research University Paris,74.40,74.3,67.8,82.2,49.8,78.3,20722,11.3,0.26,2019
,The University of Tokyo,74.10,84,87.2,61.3,67.2,35.9,25828,7.6,0.11,2019
,University of Wisconsin-Madison,73.90,70.3,71,89.9,46.8,45.6,39193,10.5,0.12,2019
,McGill University,73.70,64.1,69.4,86.3,42.3,89.4,31060,13,0.28,2019
,Technical University of Munich,73.70,62.9,68.6,88.3,100,70.5,39726,50.6,0.24,2019
,Universität Heidelberg,73.20,68.1,59,95.9,55.6,65.7,20953,16.6,0.17,2019
,KU Leuven,72.60,56.9,70.4,88.9,99.9,70.1,44719,36.5,0.15,2019
,Australian National University,72.40,55.5,70.6,87.3,49.1,95,16840,18.5,0.39,2019
,University of Illinois at Urbana-Champaign,72.30,63.2,73.5,86.7,49.4,53.5,43908,17.9,0.24,2019
,"Nanyang Technological University, Singapore",72.20,55.4,65.8,88.6,83.1,95.4,25738,16.7,0.28,2019
,"University of California, Santa Barbara",71.50,50.9,65,98.8,83.4,67,23457,27.9,0.16,2019
,Brown University,71.40,67.3,57.3,95.4,36.2,60.4,9082,10.7,0.21,2019
,Chinese University of Hong Kong,71.40,59.3,64.9,84.5,54.1,98.6,17883,18.4,0.33,2019
,Washington University in St Louis,70.90,63.1,56.6,99.1,39.5,56.5,13074,7.3,0.20,2019
,University of North Carolina at Chapel Hill,70.00,62.2,61.4,96.8,42.4,36.8,34226,9.4,0.08,2019
,University of Manchester,69.90,57.7,62,87.2,45,90.1,36530,14.5,0.39,2019
,Delft University of Technology,69.20,58.1,71.4,70,99.6,91.6,17880,20,0.29,2019
,"University of California, Davis",68.50,59.3,63.6,85.6,52.7,61.2,37847,13.5,0.13,2019
,The University of Sydney,68.50,50.2,61.4,89.1,68.1,87.8,43333,20.5,0.35,2019
,Wageningen University & Research,68.50,49.2,53.6,96.8,100,81.7,13214,20.9,0.29,2019
,University of Amsterdam,67.90,50.1,61.9,92.3,42.9,74,23778,12.3,0.12,2019
,Seoul National University,67.50,74.6,71.1,64.2,77.2,35.1,26066,12.3,0.12,2019
,Purdue University West Lafayette,67.40,61.6,68.6,71.1,64.6,71.8,39409,17,0.23,2019
,Kyoto University,67.30,75.9,77.5,55,95.6,31.1,22420,8.8,0.08,2019
,University of Southern California,67.00,53.2,56.6,93.8,39.2,66.3,35510,11.6,0.25,2019
,Humboldt University of Berlin,66.90,64.1,65.8,72.6,41.8,67.2,33000,59,0.17,2019
,Leiden University,66.30,46.5,62.4,87.3,74.6,74.1,26321,18,0.13,2019
,The University of Queensland,66.00,47.3,57.4,86.5,70.3,91.7,38187,34.4,0.31,2019
,Erasmus University Rotterdam,65.80,40.6,55.7,97.2,56.8,84.5,22019,19.6,0.22,2019
,University of Minnesota,65.30,56.8,58.7,85.6,79.4,39.4,60620,12.3,0.11,2019
,Ohio State University (Main campus),65.30,56.7,54.9,87.1,52.9,58.3,53540,12.8,0.12,2019
,Sorbonne University,65.10,63.2,53.1,80.6,39,67.3,42681,14.3,0.19,2019
,Boston University,65.00,56.3,44.8,96.8,36.5,62.3,25095,8.4,0.27,2019
,Utrecht University,65.00,43.8,61.2,90.7,62.9,63.1,31551,14.3,0.07,2019
,University of Freiburg,64.70,50.5,53.1,85.8,100,71.6,22005,44.5,0.22,2019
,McMaster University,64.40,44,48.2,94.3,93.5,80.5,24602,27.3,0.16,2019
,University of Bristol,64.30,44.8,48.6,96.1,40.5,86.3,20570,13.2,0.27,2019
,University of Groningen,64.10,42.5,54.4,90.7,79.7,77.5,26183,23.8,0.18,2019
,University of Warwick,64.10,48,51.8,87,41.5,93.3,19650,13.3,0.41,2019
,Penn State (Main campus),63.80,53.2,62.5,81.1,50.8,46.4,45704,15,0.15,2019
,"University of Maryland, College Park",63.70,47.8,57.7,93.2,38.7,41.2,32099,16.2,0.10,2019
,Sungkyunkwan University (SKKU),63.70,58.4,59.1,74.8,96.9,48.8,23359,19.5,0.14,2019
,Emory University,63.60,56,39.7,98.4,43.6,56.4,12647,4.2,0.20,2019
,Monash University,63.60,46.1,53.7,83.8,74.1,88.7,49728,34.6,0.35,2019
,Rice University,63.50,50.9,40.4,97.9,44.6,75.1,6554,8.9,0.28,2019
,RWTH Aachen University,63.30,56.7,60.7,71.3,98.8,56.2,44517,61.8,0.19,2019
,Uppsala University,63.30,44.3,55.7,87.7,77.3,67.4,25061,16.9,0.14,2019
,University of Tübingen,63.20,50,54.4,84.9,67,62.6,28743,39.2,0.14,2019
,Charité - Universitätsmedizin Berlin,63.00,47.6,46.1,93.2,87.8,63.1,6943,17.5,0.19,2019
,University of Montreal,63.00,47.8,50.2,84.6,74.3,85,37311,20.3,0.23,2019
,University of Zurich,63.00,46.5,46.4,89.6,53.4,91.4,26340,14.7,0.20,2019
,University of Science and Technology of China,62.90,62.3,54.7,77.1,89.2,32.2,16152,8.4,0.04,2019
,University of Glasgow,62.80,41.2,48.3,93.6,40.1,92.3,24235,15.3,0.36,2019
,Michigan State University,62.80,56.5,54.2,79.8,37.9,62.9,44951,17,0.17,2019
,"University of California, Irvine",62.70,44.5,47.6,94.6,60.8,69.3,31089,16.7,0.24,2019
,UNSW Sydney,62.70,45,54.1,82.3,52.4,92.6,41358,30.5,0.36,2019
,Lund University,62.50,41.9,53.2,87.4,78,77.3,28454,11.8,0.17,2019
,Dartmouth College,62.40,59.6,38.9,95.9,41.3,40.1,6172,6.7,0.15,2019
,University of Helsinki,62.40,46.2,57.6,87.5,37.4,54.4,22418,16.6,0.06,2019
,Zhejiang University,62.20,69.4,68.4,47.9,100,53.3,36031,10.9,0.18,2019
,Korea Advanced Institute of Science and Technology (KAIST),61.80,61.7,59.3,67.8,99.9,35.7,9587,10.4,0.09,2019
,University of Basel,61.50,43.1,39.4,90.1,99.4,96.1,12852,18,0.27,2019
,Free University of Berlin,61.40,61.3,64.3,57.2,42.4,74,35032,56.4,0.21,2019
,Fudan University,61.40,63.7,57.2,68.9,50.2,42.2,34393,12.2,0.11,2019
,University of Sheffield,61.20,46,46,86.5,43.1,87.2,25575,14.9,0.35,2019
,University of Virginia (Main campus),61.00,53.8,41.1,92.7,44.1,47.7,24295,9.4,0.12,2019
,École Polytechnique,60.80,58.6,46.6,68.2,70.6,94,2908,5.6,0.36,2019
,Georgetown University,60.70,56,36,93.2,64.6,46.9,15801,8.5,0.17,2019
,University of Bern,60.30,45.1,41.7,85.5,83.1,86.5,10967,16.7,0.15,2019
,University of Bonn,60.30,48.4,40.7,89.9,87.4,59.7,37708,70.2,0.13,2019
,City University of Hong Kong,60.30,43.7,46.3,80.6,63.2,99.8,9928,11.2,0.41,2019
,University of Pittsburgh-Pittsburgh campus,60.30,47.8,44.5,95.9,40.4,38.2,26517,5.9,0.11,2019
,University of Colorado Boulder,59.90,45,43.2,96.5,39.2,46.4,31625,15.5,0.12,2019
,Durham University,59.90,44.7,47,82,37.7,90.9,16565,14.8,0.30,2019
,University of Birmingham,59.70,38.9,43.3,91.5,39.8,88.5,28355,15.1,0.28,2019
,University of Copenhagen,59.70,44.2,39.4,90.8,45.8,83.2,32157,4.4,0.16,2019
,University of Southampton,59.60,39.7,42,90.2,40.7,93.9,24080,13.9,0.36,2019
,University of York,59.30,41.2,45.7,86.4,36.2,84.9,15195,14.8,0.25,2019
,Trinity College Dublin,59.20,43.7,47,79.8,43.4,93.3,16293,21.6,0.28,2019
,University of Oslo,59.10,39.8,44.2,91.2,41.8,73.3,20552,13.3,0.17,2019
,Vanderbilt University,59.10,46.5,39.4,96.6,47,41.9,12038,3.1,0.14,2019
,Aarhus University,59.00,37,51.4,84.2,63,75.3,26867,14.8,0.11,2019
,Arizona State University (Tempe),59.00,42.7,47.4,88.7,38.6,58.6,46362,20.8,0.20,2019
,University of Göttingen,59.00,48.8,48.9,81.2,36.1,59.7,30399,29.6,0.12,2019
,University of Mannheim,59.00,42.7,51.3,82.5,62.5,60,10882,74.8,0.17,2019
,Radboud University Nijmegen,59.00,35.2,49.8,88.8,43,76.6,19954,17.5,0.15,2019
,Université Catholique de Louvain,58.90,38.1,51.4,82.1,55.1,79.7,25952,39.6,0.21,2019
,Maastricht University,58.90,38.8,47.1,79.6,79.8,97,16250,15.8,0.52,2019
,Queen Mary University of London,58.80,31.9,38.9,97.6,43,96.1,16435,14,0.44,2019
,Technical University of Berlin,58.70,50,54.1,67.5,94.2,64.4,22472,64.4,0.22,2019
,University of Alberta,58.50,47.4,48.2,73,59.2,86.6,31844,21,0.26,2019
,Case Western Reserve University,58.50,49.2,36.2,93.2,40.8,51.5,10412,7.8,0.23,2019
,Nanjing University,58.40,54.4,47.5,71.7,84,56.1,34580,15.6,0.09,2019
,The University of Western Australia,58.40,33.5,44.5,88.8,55,93.1,18510,21.9,0.26,2019
,University of Adelaide,58.30,32.8,41.2,92.5,61.6,90.9,21339,30.4,0.27,2019
,University of Geneva,58.30,39,44,81.1,65.2,98.5,16530,15.2,0.39,2019
,University of Hamburg,58.30,46.3,47.5,77.9,98.3,58.4,29584,58.2,0.12,2019
,Karlsruhe Institute of Technology,58.30,46.8,47.4,75.7,92.5,67.1,26593,25.8,0.20,2019
,Pompeu Fabra University,58.30,40,39.1,95.7,42.4,64.3,11523,21.3,0.13,2019
,University of Exeter,57.80,34.3,39.7,93.2,36.3,90.3,20285,18,0.28,2019
,Pohang University of Science and Technology (POSTECH),57.70,50.7,47.8,77.4,94.3,34.4,3238,10.7,0.04,2019
,Ghent University,57.60,44.9,47.9,77.6,81.5,58.7,35835,35.2,0.10,2019
,University of Vienna,57.60,53.3,47.6,64.7,35.4,94.4,33185,19.3,0.27,2019
,Autonomous University of Barcelona,57.50,43.9,36.5,92.4,41.3,62.2,32223,12.8,0.16,2019
,University of Cologne,57.30,43.5,41.8,83.7,77.9,61.3,37483,37.9,0.15,2019
,Indiana University,57.30,49.4,45.6,78.6,52.8,52.6,65707,13.8,0.16,2019
,Lancaster University,57.30,36.5,40.3,88,35.6,93.3,12200,12.8,0.39,2019
,University of Nottingham,57.20,42.7,42.8,80,40.8,86.8,29430,14.6,0.30,2019
,Ulm University,57.20,40.6,36.7,92.6,75.8,57.6,10719,28,0.13,2019
,TU Dresden,57.00,46,47.7,74.8,94.5,55.3,33560,35.1,0.14,2019
,Tufts University,56.80,48.8,32,91.2,40.5,55.9,10659,10.1,0.19,2019
,University of Leeds,56.60,40.7,43.5,79.7,39.5,85.5,28675,14.2,0.28,2019
,Sant’Anna School of Advanced Studies – Pisa,56.60,45.3,40.9,82.4,79.5,52.9,737,11.9,0.17,2019
,Stockholm University,56.60,32.3,47.7,87.2,36.5,73.9,31500,23,0.08,2019
,University of Cape Town,56.50,31.7,41.5,87.2,87.6,82.4,22137,12.1,0.18,2019
,University of Florida,56.50,55.3,51.2,66.7,62.6,39.9,46555,17.5,0.10,2019
,University of Aberdeen,56.30,30.5,34.7,94.7,46.5,95,12210,15.1,0.38,2019
,University of Arizona,56.20,43.4,43,85.5,49.4,44.8,39264,13.3,0.09,2019
,Hong Kong Polytechnic University,56.20,42.4,49,68.3,43.4,95.7,21977,27.8,0.25,2019
,University of Würzburg,56.20,38.1,42.6,87.3,59.8,57.9,22264,30.3,0.10,2019
,Scuola Normale Superiore di Pisa,56.00,57.7,37.6,75.7,35.2,51,539,6.7,0.09,2019
,University of Sussex,56.00,33,37.3,90,35.7,92.7,13890,16.5,0.39,2019
,University of Rochester,55.90,45.1,31,90.8,41.5,63.7,9681,4.2,0.29,2019
,Technical University of Denmark,55.90,40.2,38.6,79.1,64.4,92.3,9116,6.5,0.25,2019
,University of St Andrews,55.80,42.3,40.2,76.4,36.4,96.3,8965,12.7,0.47,2019
,Vrije Universiteit Amsterdam,55.70,34.4,41.4,89.5,54.3,64.2,23919,17.8,0.08,2019
,"University of California, Santa Cruz",55.60,33.5,36,99.1,39.5,53.2,17868,23.1,0.05,2019
,Eindhoven University of Technology,55.60,44.6,46.6,66.4,99.6,77.4,8443,19.7,0.19,2019
,University of Leicester,55.60,30.5,33.8,95.2,37.3,91.2,14710,14,0.36,2019
,National Taiwan University (NTU),55.50,54.9,56.8,59.4,63.2,34.6,31783,11.5,0.08,2019
,Newcastle University,55.40,32.9,39.6,86.6,41.6,88.2,21500,14.5,0.29,2019
,Texas A&M University,55.40,51.6,54.6,61.1,47.5,53.4,58567,25.8,0.09,2019
,University of Notre Dame,55.30,50.4,41.9,75.5,37.9,53.5,12035,13.7,0.12,2019
,University of Erlangen-Nuremberg,55.20,41.5,43.5,78.6,86.9,52.4,38368,54.9,0.11,2019
,University of Lausanne,54.90,32.5,44.1,77.5,67.3,92.7,11957,9.6,0.23,2019
,University of Ottawa,54.90,39.1,39.3,81.6,43.2,77,35002,25.6,0.18,2019
,Rutgers University – New Brunswick,54.90,45.4,44.5,77.4,39.8,50.4,44127,11.2,0.16,2019
,University of Alabama at Birmingham,54.80,39.4,32.9,95.7,65.9,36.6,15744,15.3,0.06,2019
,University of Bologna,54.70,51.2,32.6,82.7,43.9,49.2,66998,23.9,0.11,2019
,Aalto University,54.50,40.5,37.7,79.6,49.6,78.4,12421,19,0.23,2019
,George Washington University,54.50,49.9,30.6,85,34.5,53.5,22844,13.2,0.17,2019
,University of Liverpool,54.50,32.2,35.9,87.5,39.4,91.5,21590,13.8,0.35,2019
,University of Münster,54.40,40.7,43.2,81.2,51.6,47.8,42974,43.9,0.08,2019
,"Northeastern University, US",54.40,37,26.5,96.3,37.2,74,19191,13.8,0.33,2019
,University of Twente,54.40,40.8,47,64.5,81.6,89.3,7149,13.5,0.30,2019
,Cardiff University,54.20,33.6,37.1,86.3,37.2,82.7,24245,12.8,0.26,2019
,KTH Royal Institute of Technology,54.20,43.7,44.6,66.4,50.4,86.3,12486,15.4,0.18,2019
,University of Konstanz,54.10,39.4,45.1,74.2,69.6,63.7,11288,52.3,0.12,2019
,Shanghai Jiao Tong University,54.10,60.2,54.8,46.2,78.5,49.9,40711,11,0.09,2019
,University of Duisburg-Essen,54.00,35.3,32.2,91.9,71.2,58.9,42931,54.7,0.18,2019
,University of East Anglia,54.00,28.2,30.9,96.2,35.3,87.4,13985,13.6,0.29,2019
,Western University,54.00,41.5,36.1,78,59.8,77.6,29732,22.9,0.17,2019
,Aalborg University,53.90,30.7,37.7,88.9,47.1,73.9,16021,13.7,0.14,2019
,Paris Diderot University – Paris 7,53.90,46.4,19.5,93.1,34,72,28918,15,0.20,2019
,University of Technology Sydney,53.60,32.2,41.8,76.4,52.2,95.4,25637,43.4,0.36,2019
,University of Bergen,53.30,30.7,30.6,94,36.5,77.9,13116,12.3,0.14,2019
,Korea University,53.20,48.4,50.1,58.1,98.3,50.7,22705,15.6,0.21,2019
,University of Calgary,53.10,34.6,34.4,84.1,55.7,76.6,27489,15.7,0.19,2019
,University of Antwerp,49.5–53.0,35.1,38,75.2,74.5,67.9,15096,29.6,0.16,2019
,University of Auckland,49.5–53.0,30.1,40.7,76.5,61.6,91.7,30041,18.4,0.30,2019
,University of Barcelona,49.5–53.0,37.7,32.3,85.1,40.1,52.6,46002,11.9,0.10,2019
,University of Bath,49.5–53.0,32,31.7,77.8,38.2,89.8,13200,16.6,0.33,2019
,Bielefeld University,49.5–53.0,35.4,40,79.3,53.4,46.4,24255,64.3,0.08,2019
,Brandeis University,49.5–53.0,28.5,23.6,99.9,34.6,52.4,5385,12.5,0.26,2019
,University at Buffalo,49.5–53.0,40.7,34.6,73.1,43.3,63.8,25419,17.1,0.17,2019
,"University of California, Riverside",49.5–53.0,29.5,31.6,92,41,65.6,20864,19.6,0.14,2019
,Chalmers University of Technology,49.5–53.0,41.1,40.7,60.7,71,81.5,9257,12.4,0.17,2019
,Copenhagen Business School,49.5–53.0,24.8,32.3,88,41.3,92.2,17003,30.6,0.25,2019
,University of Dundee,49.5–53.0,23.7,30.5,94.1,46.8,80.3,10960,15.5,0.23,2019
,École des Ponts ParisTech,49.5–53.0,40.1,25.6,76.8,59.8,82.7,1943,13.4,0.47,2019
,École Normale Supérieure de Lyon,49.5–53.0,42.7,41.2,70.3,43.7,64.9,2207,8.2,0.13,2019
,University of Fribourg,49.5–53.0,33.9,34.4,73.3,60.3,87.5,10850,45.6,0.18,2019
,University of Gothenburg,49.5–53.0,25.8,39.8,92,39.4,62.9,18873,9.9,0.12,2019
,University of Hawai’i at Mānoa,49.5–53.0,35.5,37.1,75,50.6,64.4,15750,11,0.11,2019
,Hebrew University of Jerusalem,49.5–53.0,45,44,64.9,40.6,59.4,16492,11.5,0.05,2019
,University of Hohenheim,49.5–53.0,33.3,29.2,86,56.8,54.5,9373,41.8,0.15,2019
,University of Iowa,49.5–53.0,42.9,33.8,81.3,54.6,37.1,27897,12.3,0.13,2019
,James Cook University,49.5–53.0,23.5,27.2,91.9,41.9,75.4,11882,22.3,0.12,2019
,University of Kiel,49.5–53.0,30.9,27,92.8,34,54.1,25957,22.2,0.08,2019
,King Abdulaziz University,49.5–53.0,27.8,16.3,99,77.2,92.9,33111,8,0.21,2019
,Université Libre de Bruxelles,49.5–53.0,29.4,41.8,79.9,43.6,85.9,26936,35.9,0.35,2019
,University of Luxembourg,49.5–53.0,29.5,30.6,87.7,42.8,99.7,4969,16.5,0.57,2019
,Macquarie University,49.5–53.0,33.4,37.3,71.3,46.2,81.6,28729,43.8,0.26,2019
,University of Massachusetts,49.5–53.0,36.6,28.7,89.5,50,58.4,59906,12.8,0.14,2019
,Medical University of Graz,49.5–53.0,30.2,24.4,89,63.3,73.2,3368,10.7,0.23,2019
,Medical University of Vienna,49.5–53.0,32.1,21.9,90.5,49.7,78.8,7086,7.9,0.29,2019
,University of Miami,49.5–53.0,41.6,25.2,86.2,39.3,60.4,15923,5.9,0.16,2019
,University of Otago,49.5–53.0,27.9,30.7,82.6,37.4,89.5,18283,20.1,0.20,2019
,University of Padua,49.5–53.0,39.9,27.7,83.7,37.5,42.4,43289,20.9,0.04,2019
,Paris-Sud University,49.5–53.0,36.5,33.7,87.6,34.3,64.5,29509,16.3,0.17,2019
,University of Passau,49.5–53.0,31.4,35.9,89.1,44.3,57,10465,72.2,0.11,2019
,University of Potsdam,49.5–53.0,37.2,39.2,74.3,43.1,55.3,19294,56.8,0.10,2019
,Queen’s University Belfast,49.5–53.0,27.5,32.6,87.6,38.7,96.3,17655,16.9,0.35,2019
,Queensland University of Technology,49.5–53.0,28.6,37.9,81.3,56.7,79.9,33931,35.3,0.16,2019
,RCSI University of Medicine and Health Sciences,49.5–53.0,30.7,24.5,91.3,45.7,91.5,2202,19.1,0.68,2019
,University of Reading,49.5–53.0,34.3,34.3,75.8,39,91.2,13395,14.3,0.33,2019
,University of South Australia,49.5–53.0,30.5,37.1,68.1,79.7,92.9,17465,26.1,0.44,2019
,University of Tampere,49.5–53.0,28,32.5,91,50.7,43.7,9484,21.8,0.05,2019
,Tel Aviv University,49.5–53.0,43.3,52,64.4,43.5,51.2,22878,22.9,0.05,2019
,Tilburg University,49.5–53.0,38.7,48.1,66.2,54.3,76.6,7666,21.2,0.14,2019
,Ulsan National Institute of Science and Technology (UNIST),49.5–53.0,24.5,34.5,96.3,70.1,49.7,4255,13.5,0.08,2019
,University College Dublin,49.5–53.0,30.7,36.6,76.4,40.6,91.3,22081,23.5,0.27,2019
,University of Utah,49.5–53.0,36.5,33.7,88.9,40.7,33.4,30036,14.1,0.09,2019
,Vita-Salute San Raffaele University,49.5–53.0,36.5,23.8,97.1,35.1,46,2745,7.3,0.05,2019
,University of Waterloo,49.5–53.0,32.2,39.7,69.3,43.3,82.4,32395,23.7,0.18,2019
,William & Mary,49.5–53.0,47.8,19.8,86.7,34.6,34.5,8098,11.8,0.09,2019
,University of the Witwatersrand,49.5–53.0,27.7,40.8,81,100,74.2,28279,26.1,0.08,2019
,University of Wollongong,49.5–53.0,30.3,33.5,75.7,52.8,90.9,18209,31.2,0.26,2019
,Yonsei University (Seoul campus),49.5–53.0,50.8,51.1,50.6,97.2,56.9,17875,14.7,0.22,2019
,Brighton and Sussex Medical School,46.4–49.4,21,19,100,34,74.2,795,11.4,0.15,2019
,University of Canberra,46.4–49.4,20,27.7,95,37.4,68,10098,29.2,0.29,2019
,University of Cincinnati – Uptown,46.4–49.4,37.2,31,82.6,40.5,39.8,28049,20.5,0.09,2019
,Clark University,46.4–49.4,25.1,25.5,89.2,34.3,58.9,3136,11.9,0.25,2019
,Colorado School of Mines,46.4–49.4,32.9,27.8,84.4,50.5,42.7,5556,16.7,0.12,2019
,Dalhousie University,46.4–49.4,25.5,29,79,45.6,83.7,15150,14.7,0.21,2019
,University of Delaware,46.4–49.4,28.5,37.4,77.4,91.5,46.2,20348,16.9,0.10,2019
,University of Essex,46.4–49.4,31.8,31.7,68.3,34.8,96.6,11130,15.7,0.41,2019
,Flinders University,46.4–49.4,25.7,29.6,78.7,37.6,86.7,15939,24.1,0.31,2019
,Florida State University,46.4–49.4,38.4,40,70.9,39.5,43,38661,24.5,0.07,2019
,Goethe University Frankfurt,46.4–49.4,34,29.6,76.5,43.8,59.1,45826,19.9,0.15,2019
,Griffith University,46.4–49.4,24.5,31.3,79.9,42.8,82.9,31574,22.2,0.19,2019
,University of Iceland,46.4–49.4,19.3,29.6,86.9,57.9,62.6,8276,14.1,0.11,2019
,University of Illinois Chicago,46.4–49.4,44.6,30.8,71.4,42.7,55.3,25705,11.2,0.19,2019
,Indian Institute of Science,46.4–49.4,56.7,51.4,41.7,50.7,20.2,4071,9.4,0.01,2019
,Constructor University,46.4–49.4,40.7,33,62.4,60,83.1,1114,16.6,0.69,2019
,Johannes Gutenberg University of Mainz,46.4–49.4,36.7,23,80.3,64,55.8,32359,28,0.11,2019
,Université Laval,46.4–49.4,38.7,29.5,69.9,58.8,68.7,29588,16.9,0.13,2019
,University of Marburg,46.4–49.4,36.1,25.7,81.6,38.8,50.9,25942,35.7,0.10,2019
,University of Navarra,46.4–49.4,34.1,24.2,82,66.6,63.2,10717,14.7,0.20,2019
,North Carolina State University,46.4–49.4,37.3,34.3,69.8,43.4,55.9,30190,12.8,0.14,2019
,Oregon Health and Science University,46.4–49.4,35.1,16.5,99.5,45,25.6,2899,1,0.03,2019
,Osaka University,46.4–49.4,54.7,51.2,35.7,58.4,33.4,23173,7.8,0.10,2019
,University of Oulu,46.4–49.4,32.5,31.3,75.1,42,53.7,9764,23.5,0.07,2019
,Queen’s University,46.4–49.4,39.3,34.4,65.5,44.7,65.3,22884,24.7,0.12,2019
,"Royal Holloway, University of London",46.4–49.4,30.4,26.7,80,37.3,92.9,9100,14.9,0.39,2019
,Ruhr University Bochum,46.4–49.4,38.6,42.9,59.9,56.7,53.8,42425,61.2,0.14,2019
,"St George’s, University of London",46.4–49.4,21.6,21.3,99.1,36.5,73.2,3240,15.4,0.19,2019
,University of São Paulo,46.4–49.4,55.9,53.5,37,39.5,32.7,82962,15.3,0.04,2019
,Sapienza University of Rome,46.4–49.4,38,38.3,70.4,44.2,39.6,68282,21.8,0.06,2019
,Simon Fraser University,46.4–49.4,24.6,33.4,75.4,47,91.2,26313,27.3,0.30,2019
,University of Southern Denmark,46.4–49.4,19.6,26.1,86.5,68.1,79.1,25975,14.3,0.16,2019
,University of South Florida (Tampa),46.4–49.4,30.6,36.4,76.1,87.2,50.7,33413,18.8,0.13,2019
,Stony Brook University,46.4–49.4,34.2,22.4,83.8,35.7,70.2,23722,10.6,0.23,2019
,University of Stuttgart,46.4–49.4,42,47.5,56.1,62.6,53.1,26697,47.1,0.20,2019
,University of Surrey,46.4–49.4,32,32.6,72.2,47.7,93.2,11985,15.7,0.40,2019
,Swansea University,46.4–49.4,22.1,24.8,91.1,36.2,82,14980,16.6,0.23,2019
,Swedish University of Agricultural Sciences,46.4–49.4,32.5,29.1,78.3,95.7,47.2,3745,4.4,0.04,2019
,Syracuse University,46.4–49.4,32,28.3,79.2,40.6,48.3,20277,16,0.20,2019
,Technical University of Darmstadt,46.4–49.4,41.3,43.6,58,87.9,56.4,18221,40.7,0.16,2019
,University of Texas at Dallas,46.4–49.4,23.7,28.6,87.5,41.6,59.5,20787,21.6,0.25,2019
,Tohoku University,46.4–49.4,53,47.7,46.1,71.9,37,17687,5.5,0.11,2019
,Tokyo Institute of Technology,46.4–49.4,54.3,52.7,39.9,68.1,39.4,9612,7.5,0.14,2019
,University of Trento,46.4–49.4,25.4,30.5,85.2,41.3,58.2,12856,20.2,0.08,2019
,TU Wien,46.4–49.4,40.2,36.6,52.7,66.7,82.9,17827,34,0.29,2019
,Virginia Polytechnic Institute and State University,46.4–49.4,34.8,39.8,70.2,48.2,52.4,32296,18.5,0.14,2019
,Vrije Universiteit Brussel,46.4–49.4,35.4,36.1,66.4,57.9,74.1,11101,27.8,0.22,2019
,Wake Forest University,46.4–49.4,41.3,18.4,87.8,44.1,29.3,7588,4,0.07,2019
,Aix-Marseille University,44.0–46.3,40.6,22.4,68.4,37.4,58.7,69147,17.1,0.11,2019
,University of Alaska Fairbanks,44.0–46.3,27.9,24.9,76.9,44.9,53.4,3667,8.4,0.06,2019
,Alfaisal University,44.0–46.3,19.3,23,78.1,53.6,98.7,2407,10.6,0.40,2019
,American University,44.0–46.3,43.1,21.7,76.6,39.4,33.5,10790,10.8,0.13,2019
,Anglia Ruskin University (ARU),44.0–46.3,15.3,12.8,98.7,34.7,79,16500,22.4,0.28,2019
,Auckland University of Technology,44.0–46.3,17.3,16.6,91.4,35.6,96,18160,17.5,0.44,2019
,University of Bayreuth,44.0–46.3,35.1,31.2,65.6,56.8,55.2,12784,36.7,0.08,2019
,"Birkbeck, University of London",44.0–46.3,27.9,31.4,66.9,34.2,87.5,8240,16.2,0.40,2019
,Boston College,44.0–46.3,36.1,25.3,72.3,45.2,57.6,13035,15.9,0.14,2019
,University of Bremen,44.0–46.3,36.2,35.1,60.4,48.5,53.8,19173,31.4,0.11,2019
,University of Canterbury,44.0–46.3,22.4,26.6,74.9,36.7,92.1,12492,17.2,0.22,2019
,University of Colorado Denver/Anschutz Medical Campus,44.0–46.3,33.6,13.9,96.1,34,28.8,17853,5.4,0.07,2019
,University of Connecticut,44.0–46.3,36.7,29.8,67.3,37.1,46.1,30356,14.6,0.08,2019
,Curtin University,44.0–46.3,20.6,25.7,74.8,41.6,94.9,30904,18.3,0.35,2019
,Cyprus University of Technology,44.0–46.3,15.8,14.9,95.5,35.3,70.6,3114,17.7,0.08,2019
,University of Denver,44.0–46.3,40.2,21.5,76.2,35.3,28,9421,13.2,0.10,2019
,Federal University of Toulouse Midi-Pyrénées,44.0–46.3,31.9,30.6,64.5,37.4,72.1,101658,25,0.18,2019
,George Mason University,44.0–46.3,29,25.8,79.3,35.3,44.1,28261,17.7,0.09,2019
,Grenoble Alpes University,44.0–46.3,32.4,27.8,75.1,35.6,59.4,40758,17.5,0.13,2019
,Heriot-Watt University,44.0–46.3,27.1,23,73,41.2,94.1,9160,16.8,0.38,2019
,University of Houston,44.0–46.3,38.8,32.4,61.6,38.3,42.1,42962,43.6,0.10,2019
,Khalifa University,44.0–46.3,25.3,29.1,65.3,100,96.4,3288,8.1,0.28,2019
,La Trobe University,44.0–46.3,25.2,32.5,65.4,54.1,81.7,21203,34.8,0.28,2019
,University of Liège,44.0–46.3,29.8,37,60.1,98.2,69.8,20730,26.5,0.21,2019
,University of Malaya,44.0–46.3,37,27.1,59.1,52.3,85,17095,8.9,0.23,2019
,University of Milan,44.0–46.3,33.4,27,76.5,44,42.1,46843,23,0.06,2019
,Montpellier University,44.0–46.3,36.9,20.8,73,37,60.3,39837,19.9,0.14,2019
,Nagoya University,44.0–46.3,48.1,49,42.4,77.9,31.4,15630,9.2,0.10,2019
,University of Naples Federico II,44.0–46.3,36,22.6,77.7,38,29.9,49789,20.5,0.01,2019
,University of Galway,44.0–46.3,27.5,30.9,71.9,44.9,80.5,13888,26.8,0.18,2019
,University of Newcastle,44.0–46.3,23.8,26.9,74.1,57,82.3,22220,20.9,0.17,2019
,University of New Mexico (Main campus),44.0–46.3,27.8,32,78.7,37.3,32,21506,18.8,0.05,2019
,Oregon State University,44.0–46.3,31.3,30.4,71.2,38.1,51.1,24280,16.2,0.11,2019
,University of Pisa,44.0–46.3,32.2,25.2,79.5,40.8,39.9,32751,22.1,0.05,2019
,Politecnico di Milano,44.0–46.3,33.2,34.7,63.3,68.9,57.4,33663,24.2,0.15,2019
,Reykjavík University,44.0–46.3,13.6,17.6,99.9,36.2,62.7,3110,27.2,0.07,2019
,Stellenbosch University,44.0–46.3,28.5,34.1,65.8,60.4,54,23750,26,0.08,2019
,Sun Yat-sen University,44.0–46.3,42.6,33.6,60.8,55.8,34.3,51061,16.2,0.09,2019
,University of Tartu,44.0–46.3,25.1,26.4,81.1,36.8,51.9,8518,11.3,0.06,2019
,Technion Israel Institute of Technology,44.0–46.3,35.7,33.1,59.3,42.6,64.1,14703,21.8,0.05,2019
,The University of Tennessee-Knoxville,44.0–46.3,33.7,23.2,82.2,41.3,44.7,25720,16.7,0.05,2019
,TU Dortmund University,44.0–46.3,36,40.2,59.6,44.9,43.7,33665,102,0.10,2019
,Tulane University,44.0–46.3,43.2,23.4,73.1,37,41.1,11120,10.5,0.11,2019
,Umeå University,44.0–46.3,24,29.4,80.9,36.9,62.5,16762,11.9,0.11,2019
,University College Cork,44.0–46.3,25.8,28.4,68.9,49.9,80.1,16578,22.2,0.18,2019
,Université de Versailles Saint-Quentin-en-Yvelines,44.0–46.3,18.3,22.9,94.2,35.7,62.2,16817,24.1,0.14,2019
,Victoria University,44.0–46.3,23.4,25,78,41.8,74.8,15153,31.1,0.19,2019
,University of Victoria,44.0–46.3,21.9,28,71.6,43,86.5,19286,23.4,0.21,2019
,Washington State University,44.0–46.3,31.3,28.4,75.2,51.5,48.3,27689,19.3,0.08,2019
,Wayne State University,44.0–46.3,33.7,17.7,82.2,43.9,38.1,22123,11,0.09,2019
,Wuhan University,44.0–46.3,48,34.1,47.1,87.3,40.4,50015,14.2,0.08,2019
,Aberystwyth University,41.7–43.9,26.2,24,67.8,37.9,75,7165,15.7,0.18,2019
,Aston University,41.7–43.9,23,24.3,65.2,36,93.2,9925,21.6,0.29,2019
,Autonomous University of Madrid,41.7–43.9,33.9,28.4,64.8,37.8,51.1,29532,13.4,0.14,2019
,"University of California, Merced",41.7–43.9,16.2,20.5,96.4,37.8,40.1,6680,19.3,0.08,2019
,"City, University of London",41.7–43.9,23.4,26.1,67.5,35.4,94.5,14065,18.6,0.53,2019
,University of Côte d’Azur,41.7–43.9,27.1,16.5,74.5,38.8,82.4,35112,21.8,0.23,2019
,University of Crete,41.7–43.9,18,19.1,87.9,39.8,47.6,14890,27.8,0.04,2019
,University of Cyprus,41.7–43.9,20.7,26.4,68,49,79.8,6861,22.7,0.10,2019
,Deakin University,41.7–43.9,23.3,28.8,67.9,38.3,81.3,37330,30.3,0.19,2019
,Drexel University,41.7–43.9,36.2,19.3,67.9,40.6,50.7,19650,10.5,0.18,2019
,University of Eastern Finland,41.7–43.9,25.8,28,75.4,38.2,50.8,11572,18.7,0.07,2019
,Free University of Bozen-Bolzano,41.7–43.9,19.3,12.6,87.2,34.5,74.5,3445,11.4,0.11,2019
,Hanyang University,41.7–43.9,39.1,40,44.1,86.1,59.8,20010,14.8,0.19,2019
,Hofstra University,41.7–43.9,37.9,12.7,84.7,34,29.4,9813,13.6,0.10,2019
,Huazhong University of Science and Technology,41.7–43.9,37.9,32.9,57.1,75.2,24.6,56282,16.6,0.05,2019
,IMT Atlantique,41.7–43.9,31.9,22.2,59.8,90.4,75.6,1664,8,0.45,2019
,University of Innsbruck,41.7–43.9,26.7,19.9,71.1,43.7,97.4,14524,13,0.39,2019
,Iowa State University,41.7–43.9,28.8,32.2,63.7,49.5,55.5,31931,18.3,0.12,2019
,Jordan University of Science and Technology,41.7–43.9,15.2,7.8,98.3,36.9,63.6,22318,12.1,0.19,2019
,Justus Liebig University Giessen,41.7–43.9,34.9,33,59.3,40.7,53.3,28389,47,0.09,2019
,University of Kansas,41.7–43.9,37.2,24.5,65.6,41.9,33.6,24450,9.9,0.09,2019
,University of Kent,41.7–43.9,23.7,23.4,69.8,34.4,90.8,17370,13.1,0.30,2019
,Kyung Hee University,41.7–43.9,33.9,38.3,50.3,86.9,64.7,22013,16.9,0.23,2019
,Linköping University,41.7–43.9,24.1,19.2,79.1,43.8,64,18221,8.2,0.11,2019
,University of Macau,41.7–43.9,26.2,29.8,60.3,45.4,99.3,9893,15.2,0.36,2019
,Maynooth University,41.7–43.9,20.8,27.7,73.1,37.1,78.9,8768,27.6,0.12,2019
,University of Modena and Reggio Emilia,41.7–43.9,31.3,19.3,78.4,41.3,39.2,16137,22.2,0.06,2019
,Nankai University,41.7–43.9,38.2,20.8,75.1,43.1,32.3,28336,13.7,0.06,2019
,University of Nebraska-Lincoln,41.7–43.9,32.2,26.2,66.5,39.5,54.7,22728,16.6,0.12,2019
,Norwegian University of Science and Technology,41.7–43.9,25.2,28.5,67.8,37.9,60.8,34803,16.2,0.09,2019
,University of Perugia,41.7–43.9,17,20.6,90.8,45.4,44.3,23401,34.4,0.05,2019
,Rensselaer Polytechnic Institute,41.7–43.9,27.9,30.1,67.1,68.3,49.9,7459,15.4,0.19,2019
,Rush University,41.7–43.9,34.6,10.6,90.4,39.5,20,2426,1.4,0.01,2019
,Sabancı University,41.7–43.9,27.3,35.6,56.3,95.5,48.4,3632,22,0.10,2019
,University of Salerno,41.7–43.9,17.5,17.4,93.9,37.7,33.1,23171,24.3,0.02,2019
,University of Siena,41.7–43.9,36.9,20.3,69.7,36.6,42.5,12143,13.8,0.07,2019
,University of Stirling,41.7–43.9,21.4,25,75.9,35.6,78.7,9185,16,0.22,2019
,University of Tasmania,41.7–43.9,24.6,31.3,60.2,50.6,86.2,11920,15,0.26,2019
,Temple University,41.7–43.9,34,16.3,83.2,37.1,37.5,34450,9.1,0.09,2019
,University of Turku,41.7–43.9,25.3,29.3,73.8,36.5,52,12604,16.3,0.06,2019
,United Arab Emirates University,41.7–43.9,23.2,18.9,69.5,47.4,94.3,7494,9.2,0.24,2019
,University of Vermont,41.7–43.9,27.9,19.9,81.4,47.1,28.7,11126,8.7,0.05,2019
,Western Sydney University,41.7–43.9,17.6,27,76.4,39.7,79.8,32461,33.2,0.14,2019
,York University,41.7–43.9,31,41.3,47.9,42.5,75.3,46220,41.5,0.24,2019
,The University of Alabama,37.1–41.6,26.1,21.1,79.2,34.8,29,34539,22.3,0.05,2019
,University of Alabama in Huntsville,37.1–41.6,20.7,21.3,67.1,68.2,44.8,5969,14.1,0.09,2019
,American University of Beirut,37.1–41.6,27.9,14.6,66.2,39.3,88.3,8214,8.6,0.21,2019
,Australian Catholic University,37.1–41.6,18.3,26.9,62,39.4,71.7,23078,42.4,0.11,2019
,Bangor University,37.1–41.6,24.9,21.6,67.7,35.6,81.6,9275,18.9,0.24,2019
,University of Bari Aldo Moro,37.1–41.6,17.3,17,82.1,37.4,32,30273,20.6,0.01,2019
,Bar-Ilan University,37.1–41.6,28.1,34.3,52.3,52.9,53.3,16637,17.7,0.05,2019
,University of Bordeaux,37.1–41.6,31.1,21.6,66.8,36.5,56.9,54484,21.3,0.13,2019
,Brunel University London,37.1–41.6,26.2,26.6,57.3,38.2,94.8,10980,15.9,0.38,2019
,University of Calabria,37.1–41.6,16.4,22,72.9,89.3,37.7,29008,33.3,0.02,2019
,University of Campinas,37.1–41.6,46.8,37.5,33.4,44.6,28.6,27936,14.5,0.04,2019
,Catholic University of the Sacred Heart,37.1–41.6,19.1,20.4,69.3,43.6,44.8,30690,22.2,0.09,2019
,Centrale Nantes,37.1–41.6,32.3,28.5,44.3,80.6,82.8,1656,16,0.43,2019
,CentraleSupélec,37.1–41.6,30.8,18.7,53.9,65.6,83.8,4339,12.1,0.32,2019
,Charles University,37.1–41.6,31.6,24.8,55.9,34.4,57.4,49236,12.9,0.17,2019
,Claude Bernard University Lyon 1,37.1–41.6,23.5,21.9,63.5,38.6,55.7,26034,12.3,0.13,2019
,"Colorado State University, Fort Collins",37.1–41.6,29,25.7,68.1,39.1,38.4,25374,16.5,0.06,2019
,Complutense University of Madrid,37.1–41.6,42.4,28.4,42.7,35.6,44.3,64466,20.1,0.14,2019
,University of Desarrollo,37.1–41.6,12.5,8.2,94.3,35.5,45.6,15925,18,0.02,2019
,Diego Portales University,37.1–41.6,13.2,10.3,90.1,34,51.2,16802,14.6,0.02,2019
,Dublin City University,37.1–41.6,23.5,28.5,52,48.8,78.7,9748,27.3,0.14,2019
,University of Ferrara,37.1–41.6,18.7,20,74.8,38.4,43.7,14464,24.4,0.07,2019
,University of Florence,37.1–41.6,36.3,13.4,68.2,39.9,41.4,35055,20.5,0.07,2019
,Florida International University,37.1–41.6,28.9,21.8,61.8,37,38.3,33394,23.9,0.08,2019
,University of Genoa,37.1–41.6,30.4,20.5,66,42.1,43.2,23547,18.9,0.09,2019
,University of Georgia,37.1–41.6,33.6,32.1,59,36.6,43.9,34707,16.6,0.08,2019
,Georgia State University,37.1–41.6,32,25,62.3,34.4,38.1,33233,16.1,0.05,2019
,Graz University of Technology,37.1–41.6,30.4,17.3,57.3,70.8,77.3,6403,10.2,0.19,2019
,University of Greifswald,37.1–41.6,31.4,20.9,61.1,37.6,47,10414,19.7,0.06,2019
,Gwangju Institute of Science and Technology (GIST),37.1–41.6,41.9,39.4,38.3,69.4,34.2,1964,11.6,0.06,2019
,Hamburg University of Technology,37.1–41.6,35.7,24.1,47.8,78.2,50.8,7452,50.7,0.18,2019
,Harbin Institute of Technology,37.1–41.6,41.5,34,39.5,98.4,35,30116,9.9,0.10,2019
,Hasselt University,37.1–41.6,30.4,28.6,55.3,54.1,67.6,5256,32.4,0.12,2019
,Hokkaido University,37.1–41.6,45,39.7,34.9,59,35.3,18114,7.9,0.10,2019
,Hong Kong Baptist University,37.1–41.6,23.3,14.3,64.2,36.6,98,10872,10.5,0.31,2019
,Indian Institute of Technology Bombay,37.1–41.6,44.3,33,47,71.9,19.6,10001,17.1,0.01,2019
,Indian Institute of Technology Roorkee,37.1–41.6,34.9,29.6,53.4,82.9,16.2,7925,17.4,0.02,2019
,JSS Academy of Higher Education and Research,37.1–41.6,37.1,7.7,80.8,35.1,25.7,5421,8.6,0.08,2019
,University of Jyväskylä,37.1–41.6,27.7,29.3,59.7,36,51.5,10338,15.9,0.05,2019
,University of Kaiserslautern,37.1–41.6,35.8,23.6,49.2,69.6,49.9,14648,53.9,0.16,2019
,University of Kentucky,37.1–41.6,27.4,28.9,55.2,39.1,36.6,27299,14.5,0.05,2019
,Koç University,37.1–41.6,25.6,32.8,55.1,79.4,53.8,5378,15.7,0.08,2019
,University of KwaZulu-Natal,37.1–41.6,24.6,28.7,60.9,38.3,55.9,35451,28.4,0.05,2019
,Kyushu University,37.1–41.6,46.2,39.8,34,77.3,37,18647,8.3,0.12,2019
,Leibniz University Hannover,37.1–41.6,36.4,27,46.5,48,45.7,26318,44.4,0.12,2019
,University of Lille,37.1–41.6,19.8,22.8,64.1,38.6,58.5,66710,28.2,0.12,2019
,Loughborough University,37.1–41.6,31.6,31.3,51.4,38.5,79.6,14225,14.7,0.24,2019
,University of Manitoba,37.1–41.6,26.6,31,63.8,41.6,53,29260,28.4,0.16,2019
,Marche Polytechnic University,37.1–41.6,21.2,18.8,73.6,40.5,30.5,10850,20.9,0.04,2019
,Middlesex University,37.1–41.6,19.2,16.9,77.3,34.2,88.7,15135,18,0.46,2019
,University of Milan-Bicocca,37.1–41.6,23.3,19.8,79,38.1,43.5,26508,30.4,0.06,2019
,University of Montana,37.1–41.6,37.9,20.4,68,34.6,26.6,8957,16.1,0.03,2019
,Murdoch University,37.1–41.6,19.3,24.8,62,42.1,90.8,15723,30.9,0.43,2019
,National Taiwan University of Science and Technology (Taiwan Tech),37.1–41.6,30.5,42.7,37.6,66.2,39.3,8087,18.9,0.13,2019
,National Tsing Hua University,37.1–41.6,31.2,35.6,55.8,50.6,33.2,16037,15.6,0.08,2019
,University of Nebraska Medical Center,37.1–41.6,37.5,11.6,60.6,37.8,43.8,2806,2.3,0.08,2019
,New Mexico Institute of Mining and Technology,37.1–41.6,23.6,10,85.1,57.7,60.6,1791,6.3,0.09,2019
,Northern Arizona University,37.1–41.6,18.6,13.3,87,34.2,30,27449,26.6,0.05,2019
,Northumbria University,37.1–41.6,17.2,17.1,78.7,34.6,70.5,22085,17.9,0.16,2019
,University of Oklahoma,37.1–41.6,34.8,18.4,68.5,38.8,38.7,27352,10.3,0.07,2019
,Örebro University,37.1–41.6,18.5,21,86.3,35.3,38.3,9437,19.4,0.02,2019
,University of Pavia,37.1–41.6,21.9,23.6,73,53.8,46.1,24032,39.2,0.07,2019
,University of Plymouth,37.1–41.6,18.7,19.5,69.7,34.5,69.4,17900,17.5,0.15,2019
,Polytechnic University of Bari,37.1–41.6,15.7,17.9,91.8,36.5,29.4,6107,23.6,0.01,2019
,Polytechnic University of Turin,37.1–41.6,23.7,21.2,66.9,50.5,47.3,31008,30.4,0.14,2019
,University of Porto,37.1–41.6,27.5,27.2,55.7,38.8,50.5,31855,18.9,0.12,2019
,University of Portsmouth,37.1–41.6,16.7,15.3,69.3,34.3,86.1,19305,15.4,0.26,2019
,Qatar University,37.1–41.6,18.4,24.1,62.5,53.1,99.8,14395,17.5,0.43,2019
,RMIT University,37.1–41.6,23.5,23.5,58.5,40.9,89.6,32151,20.2,0.27,2019
,University of Rome II – Tor Vergata,37.1–41.6,22.6,16.6,74.6,36.3,45.3,34899,19.2,0.07,2019
,University of Rome III,37.1–41.6,27.7,23.5,70.3,37.6,39.9,32615,52.7,0.04,2019
,Rovira i Virgili University,37.1–41.6,24.2,20.2,76.2,36,49.1,12709,12.7,0.10,2019
,Royal Veterinary College,37.1–41.6,24.5,17.3,69,40.1,84.7,1965,10.3,0.17,2019
,University of St Gallen,37.1–41.6,32,19.5,57.6,43,96.3,7495,11.7,0.35,2019
,University of Saskatchewan,37.1–41.6,35.7,26,43.6,75,70.7,16884,16.7,0.19,2019
,Sciences Po,37.1–41.6,34.4,25.3,57.1,36.7,72.7,11584,44,0.34,2019
,Semmelweis University,37.1–41.6,24.2,12,66.4,36,77.9,10809,9.6,0.32,2019
,University of Siegen,37.1–41.6,21.1,24.5,63.9,40.3,53.8,19586,43.3,0.11,2019
,SOAS University of London,37.1–41.6,44.4,36.9,27.8,34.1,78.9,4965,11.7,0.54,2019
,University of South Carolina-Columbia,37.1–41.6,32.9,26.5,65.4,35.1,42.8,31547,16.2,0.06,2019
,University of Strasbourg,37.1–41.6,28.1,21.2,64.1,37.8,70.6,45482,18.5,0.20,2019
,University of Strathclyde,37.1–41.6,25.1,30.3,49.7,45.2,85.2,17725,19.4,0.27,2019
,SUNY University at Albany,37.1–41.6,21.7,35.2,65.5,37.5,48.6,15954,16.2,0.10,2019
,Swinburne University of Technology,37.1–41.6,24,26.7,59.3,38.7,77.2,12862,25.3,0.26,2019
,Tampere University of Technology,37.1–41.6,25.9,21,58.2,71.2,55.5,5439,21.4,0.10,2019
,Teikyo University,37.1–41.6,13.7,10.2,93.1,35.9,18.2,23711,18.1,0.02,2019
,Tokyo Medical and Dental University (TMDU),37.1–41.6,41.2,21.1,55.5,61.7,26,2986,3.2,0.08,2019
,Tokyo Metropolitan University,37.1–41.6,21.7,16.3,76.3,37.3,25.3,9185,13.4,0.04,2019
,Tongji University,37.1–41.6,37.5,41.7,31,98.4,50.5,36511,13.5,0.10,2019
,University of Trieste,37.1–41.6,29.6,20.1,71.3,36.1,48.5,16084,22.9,0.09,2019
,University of Tsukuba,37.1–41.6,42.8,34.5,34,45.3,42.4,16717,13.3,0.20,2019
,The University of Tulsa,37.1–41.6,33.4,14.8,60.1,51.3,44.8,4563,11.9,0.23,2019
,University of Turin,37.1–41.6,19.9,24.3,73.4,44.7,43.6,52495,27.9,0.08,2019
,UiT The Arctic University of Norway,37.1–41.6,20.1,15.4,78.5,37.9,62.9,16266,13.4,0.10,2019
,University of Urbino Carlo Bo,37.1–41.6,16.1,12.7,88,36.3,48.3,14386,40.3,0.06,2019
,University of Valencia,37.1–41.6,28,19.6,68,36.3,44.9,50927,16.7,0.11,2019
,Verona University,37.1–41.6,32,18.9,72.3,41.6,41.3,19030,26.1,0.05,2019
,Victoria University of Wellington,37.1–41.6,23.1,30.7,50.1,55.1,88.6,17391,19.1,0.21,2019
,University of Waikato,37.1–41.6,19.8,23.8,65.5,42.2,84.4,9805,17.1,0.18,2019
,University of the West of Scotland,37.1–41.6,13.2,12.2,79.1,37,69.9,11160,20.7,0.18,2019
,University of Wisconsin-Milwaukee,37.1–41.6,19.6,20.9,72.5,35.3,31.8,21251,19.1,0.06,2019
,Amirkabir University of Technology,33.5–37.0,34.5,28.9,39.6,75.1,18.8,11918,21.7,0.02,2019
,University of Aveiro,33.5–37.0,29.2,25.8,43.4,40.3,51,9842,16.5,0.11,2019
,University of the Balearic Islands,33.5–37.0,19.7,12.9,71.6,34.7,45.5,11507,12.7,0.06,2019
,Beihang University,33.5–37.0,33.2,33.8,30.7,99.2,26.6,29520,14.4,0.06,2019
,University of Bergamo,33.5–37.0,20.6,20,61.6,43.6,34.8,17349,56.7,0.06,2019
,Bilkent University,33.5–37.0,22.2,21.7,59.4,39.5,61,10659,15,0.07,2019
,Boğaziçi University,33.5–37.0,21.8,22.5,56.1,60.3,46,12374,25.4,0.07,2019
,Bond University,33.5–37.0,19.4,20,57.1,34.6,88.2,3273,10.7,0.41,2019
,Université Bourgogne Franche-Comté (UBFC),33.5–37.0,22.3,14.1,61.5,38.9,50.4,58837,33.6,0.11,2019
,Bournemouth University,33.5–37.0,28.9,17.6,51.8,35,79.5,12775,16.5,0.19,2019
,University of Brescia,33.5–37.0,14.6,15.8,74,38.4,41.8,14296,26.2,0.07,2019
,Carleton University,33.5–37.0,20.1,28.9,49.6,36.8,68.1,26856,30.3,0.20,2019
,University of Catania,33.5–37.0,27.3,15.8,67.8,35.4,29.1,26267,20.6,0.01,2019
,Central Queensland University,33.5–37.0,20.1,11.6,63.7,36.7,60.6,13770,26.4,0.28,2019
,Charles Darwin University,33.5–37.0,19.5,26.4,49.6,44.4,80.8,6537,25.7,0.34,2019
,Chemnitz University of Technology,33.5–37.0,34.5,25.2,34.1,61.1,52.2,10831,47.3,0.22,2019
,"China Medical University, Taiwan",33.5–37.0,24.4,36,47.5,84.9,32,7730,17,0.10,2019
,Chung-Ang University,33.5–37.0,38.8,36.3,25.4,65.3,49.3,13815,18.9,0.18,2019
,University of Coimbra,33.5–37.0,22.7,26.3,46.3,40.1,56.3,21236,17.4,0.17,2019
,Creighton University,33.5–37.0,40.5,11.4,58,36.2,31.7,8281,11.5,0.10,2019
,East China Normal University,33.5–37.0,25.8,21,48.4,49.8,55.3,25237,11.5,0.17,2019
,Edith Cowan University,33.5–37.0,17.4,20.8,58.9,37.7,81.7,17100,36,0.26,2019
,University of Graz,33.5–37.0,20.2,18.4,51.2,35.1,76.8,20586,22.2,0.14,2019
,University of Guelph,33.5–37.0,25.1,28.7,48.8,49.8,55.2,21644,27.8,0.05,2019
,Hacettepe University,33.5–37.0,32.6,11.4,58.8,35.8,24.4,42827,19.9,0.04,2019
,University of Hull,33.5–37.0,23.1,21.5,55.6,36.1,74.3,13435,16.9,0.18,2019
,Hunan University,33.5–37.0,22.2,21.2,61.2,52,20.4,42692,22.5,0.02,2019
,University of Idaho,33.5–37.0,31.8,20.3,50.7,36,44.2,9675,17.2,0.08,2019
,Indian Institute of Technology Delhi,33.5–37.0,43.3,19.8,48.5,52.6,17.4,8130,14.9,0.01,2019
,Indian Institute of Technology Kanpur,33.5–37.0,37.8,24.6,38,98.2,19,6609,15.2,0.01,2019
,Johannes Kepler University of Linz,33.5–37.0,34.7,17.7,48.5,54.8,62.6,6345,11.1,0.11,2019
,University of Kashan,33.5–37.0,16.1,16.9,74.3,35.1,18.3,7844,25.7,0.04,2019
,Keele University,33.5–37.0,20,22.4,58.9,35.3,73.6,8505,14.7,0.21,2019
,Kent State University,33.5–37.0,21.3,17.5,63.7,34.1,40.8,24469,19.3,0.10,2019
,King Saud University,33.5–37.0,23.7,28.2,39.4,93.3,80.9,38917,11,0.10,2019
,King Saud bin Abdulaziz University for Health Sciences,33.5–37.0,31,7.4,62.1,35.2,65.9,8122,4.4,0.01,2019
,University of La Laguna,33.5–37.0,24.3,11.5,62.3,35.1,46.7,18736,13.1,0.04,2019
,Lappeenranta-Lahti University of Technology LUT,33.5–37.0,26.4,29.9,35.9,52.6,60.4,3670,24.6,0.20,2019
,Lehigh University,33.5–37.0,28.1,19.9,58.4,38.4,42.2,6443,11.2,0.17,2019
,University of Limerick,33.5–37.0,19.2,21.9,52.1,38.3,83.3,13969,21.4,0.17,2019
,Lincoln University,33.5–37.0,23,19.6,43.5,52.4,93.1,2426,13.2,0.38,2019
,University of Lisbon,33.5–37.0,23.1,25.6,52.4,38.8,52.3,50170,18.7,0.11,2019
,Liverpool John Moores University,33.5–37.0,15.2,16.1,66.7,34.7,69.9,18750,17.5,0.13,2019
,Louisiana State University,33.5–37.0,33,22.4,54.6,34,34.5,29533,20.5,0.06,2019
,Makerere University,33.5–37.0,15.8,12.2,69.2,40,59.4,38596,29.2,0.08,2019
,"University of Maryland, Baltimore County",33.5–37.0,23.4,18.1,62.3,35.6,33.8,11647,18.6,0.08,2019
,Massey University,33.5–37.0,20.1,17.2,50.2,40.2,92.8,18944,15.7,0.30,2019
,Memorial University of Newfoundland,33.5–37.0,18.5,18.5,62.8,49.4,71.4,15154,13.8,0.16,2019
,Missouri University of Science and Technology,33.5–37.0,23.7,23.8,54.7,53.8,61,8135,22.7,0.15,2019
,Montana State University,33.5–37.0,17.7,18.5,71.1,48.5,28.3,14192,18.8,0.04,2019
,Nanjing University of Information Science and Technology,33.5–37.0,15.2,13.7,73.1,38,28.6,19265,14.6,0.03,2019
,National and Kapodistrian University of Athens,33.5–37.0,22.4,14,62.3,51.4,51,54364,27.5,0.11,2019
,National Cheng Kung University (NCKU),33.5–37.0,30.9,38.7,26,99.7,33.6,20511,13.7,0.12,2019
,National Chiao Tung University,33.5–37.0,36.4,40.9,27.5,86.3,33.8,12053,16.8,0.12,2019
,National Yang-Ming University,33.5–37.0,41.5,19.4,46.5,38.6,21.1,4255,5.1,0.02,2019
,University of Neuchâtel,33.5–37.0,25,20.4,45.3,35.6,91.3,4352,9,0.22,2019
,New Jersey Institute of Technology,33.5–37.0,18,15.4,64.2,35.9,58.1,12044,19.8,0.19,2019
,Norwegian University of Life Sciences,33.5–37.0,25.5,10.4,63.8,38.8,80.1,5700,6.9,0.23,2019
,NOVA University of Lisbon,33.5–37.0,26.4,24.5,45.6,46.8,59.9,19885,18.6,0.17,2019
,Oklahoma State University,33.5–37.0,26,19.6,60.9,37,42.9,21638,15.6,0.07,2019
,The Open University,33.5–37.0,18.5,16.4,68.5,34.4,54.4,64640,33.9,0.08,2019
,Oxford Brookes University,33.5–37.0,30.4,26.1,44.6,34.4,77.4,14005,16.7,0.28,2019
,University of Palermo,33.5–37.0,17.9,16.6,71.3,35.1,26.3,28801,19.5,0.01,2019
,Panthéon-Sorbonne University – Paris 1,33.5–37.0,48.1,38,9.6,34.4,54,40917,33.7,0.20,2019
,University of Parma,33.5–37.0,17.2,17.6,68.1,40.7,37.7,24346,26.3,0.06,2019
,University of the Philippines,33.5–37.0,21.7,16.4,69.1,35.8,39.5,45410,9.7,0.01,2019
,Universitat Politècnica de Catalunya,33.5–37.0,29.7,17.3,53.7,40.9,56.2,21591,9.1,0.14,2019
,Pontifical Javeriana University,33.5–37.0,14.4,8.6,84,34.1,44.6,29643,16.4,0.01,2019
,Renmin University of China,33.5–37.0,42.5,20.3,44.4,44.9,44.9,25168,11.8,0.06,2019
,Saint Louis University,33.5–37.0,36.6,14.9,60.5,36.3,28.5,11220,7.3,0.07,2019
,University of Salento,33.5–37.0,28,18.6,61.6,37.8,26.4,11927,28.4,0.01,2019
,San Diego State University,33.5–37.0,23.4,23.4,58,34.8,32.1,29974,30.3,0.08,2019
,Savitribai Phule Pune University,33.5–37.0,38.8,15.4,50.7,35.6,17.6,6186,15.3,0.02,2019
,Sejong University,33.5–37.0,24.6,19.7,60,38.1,38.4,11886,16.4,0.09,2019
,Shandong University,33.5–37.0,35.9,31,32.4,68.6,26.3,46351,13.7,0.06,2019
,"Soochow University, China",33.5–37.0,23,19.5,67.5,66.4,27.9,42684,15.2,0.07,2019
,South China University of Technology,33.5–37.0,22.5,27.8,57.5,84.6,28.5,42472,14.5,0.05,2019
,Southeast University,33.5–37.0,29.5,31.4,42.2,95.2,25.9,33063,11.8,0.05,2019
,Southern Cross University,33.5–37.0,23,21.7,52.6,39.9,64.2,8678,24.5,0.21,2019
,Stevens Institute of Technology,33.5–37.0,20.8,15.4,60.7,36.4,65.9,5636,16.2,0.35,2019
,SUNY Binghamton University,33.5–37.0,23,19.9,65,36.8,43.4,17582,23,0.15,2019
,Taipei Medical University,33.5–37.0,26.9,29.2,48.1,96.4,35.1,5895,10.5,0.09,2019
,The University of Texas at San Antonio,33.5–37.0,17.2,19.4,74.8,35.6,35.8,26089,25.1,0.05,2019
,Tianjin University,33.5–37.0,32.8,32.8,33.7,94.5,23.6,33429,12.9,0.05,2019
,University of Toledo,33.5–37.0,36,14.3,48.3,43.8,44.7,18238,15.2,0.11,2019
,Universiti Tunku Abdul Rahman (UTAR),33.5–37.0,13.2,8.9,80.5,35.7,30.4,19179,17.2,0.02,2019
,University of Udine,33.5–37.0,26.1,15.5,68,37.3,38.9,11472,17.1,0.06,2019
,University of Ulsan,33.5–37.0,19.4,21.8,63.3,49.4,21.6,13523,12.3,0.04,2019
,The University of the West Indies,33.5–37.0,15.7,8.7,68.7,34,65,43295,12.5,0.04,2019
,Worcester Polytechnic Institute,33.5–37.0,20.9,17.5,62.4,35,55.1,5517,12.6,0.22,2019
,Xiamen University,33.5–37.0,30.9,22.1,56.6,48.6,30.9,40507,14.9,0.05,2019
,Xi’an Jiaotong University,33.5–37.0,32.3,27.7,41.8,60.8,40.5,33973,10.8,0.05,2019
,University of the Aegean,26.0–33.4,16.8,17,47.9,34.8,36.2,12352,38.7,0.01,2019
,The University of Aizu,26.0–33.4,18.7,11.9,40.3,38.3,67.8,1165,10.5,0.05,2019
,University of Alcalá,26.0–33.4,30.4,14.5,37.5,41,61.6,17711,12.8,0.22,2019
,University of Algarve,26.0–33.4,18.5,12.5,41.1,35.8,58.7,7501,12.4,0.13,2019
,American University in Cairo,26.0–33.4,24.9,23.2,22.2,34.9,66.1,5997,13.7,0.04,2019
,Amrita Vishwa Vidyapeetham,26.0–33.4,22.7,11.1,39.8,48.2,46.8,14395,11.9,0.13,2019
,"University of the Andes, Colombia",26.0–33.4,23.3,13.4,49.2,36.4,51.7,15921,8.7,0.02,2019
,Aristotle University of Thessaloniki,26.0–33.4,17.7,15.7,60.3,40.9,40.3,46597,26.3,0.05,2019
,University of Arkansas,26.0–33.4,25.2,20.7,40.1,39.1,31.2,24545,20.3,0.06,2019
,Athens University of Economics and Business,26.0–33.4,19.7,21.4,40.5,36.9,44.8,9839,46.9,0.04,2019
,Auburn University,26.0–33.4,32.8,20.8,34.8,40.7,36.8,24274,18.2,0.06,2019
,Banaras Hindu University,26.0–33.4,31.1,16.5,43.3,34.2,17.6,12220,9.3,0.03,2019
,University of the Basque Country,26.0–33.4,20.4,16.5,50,36.2,40.1,42581,14.6,0.04,2019
,Baylor University,26.0–33.4,31.1,17.8,41.7,35.1,28.6,16932,16.6,0.05,2019
,Beijing Institute of Technology,26.0–33.4,28.1,28,22.8,96.7,23.5,28910,11.8,0.08,2019
,University of Beira Interior,26.0–33.4,17.1,16.1,50.7,34.4,45.1,6909,15.6,0.10,2019
,Ben-Gurion University of the Negev,26.0–33.4,29.7,28.2,39.2,45,36.6,15133,18.9,0.03,2019
,Benha University,26.0–33.4,14.7,7.7,52.1,35.3,39.9,89763,29,0.05,2019
,Beni-Suef University,26.0–33.4,15,7.1,64.3,34,43.3,66543,26.1,0.01,2019
,University of Bradford,26.0–33.4,19.5,15.6,30.7,36.4,81.3,9240,17,0.28,2019
,University of Brighton,26.0–33.4,16.8,13.6,44.6,34.9,73.9,16905,17.5,0.22,2019
,Ca’ Foscari University of Venice,26.0–33.4,24.7,26.6,37,37.1,44.6,16090,34.3,0.09,2019
,University of Cagliari,26.0–33.4,17.2,13.2,59.8,36,37,27885,24,0.02,2019
,Carlos III University of Madrid,26.0–33.4,26.4,16,37.3,37.8,58.6,16917,11,0.15,2019
,Catholic University of Portugal,26.0–33.4,19.7,8,64.3,36.4,51.9,10904,10.7,0.16,2019
,University of Central Florida,26.0–33.4,27.8,26.8,44.9,43.3,30.9,54697,36.2,0.03,2019
,Central South University,26.0–33.4,27.9,28.3,41.7,92.7,23.4,53069,17.3,0.02,2019
,Chang Gung University,26.0–33.4,20.7,24.9,30.4,80.9,22.6,7527,12.3,0.04,2019
,Chiba University,26.0–33.4,26.6,18.1,32.2,49.8,24.9,13898,10,0.05,2019
,University of Chile,26.0–33.4,24.3,18,34.6,34,50.5,39345,17.1,0.06,2019
,China Agricultural University,26.0–33.4,32.4,25.9,41.5,48.9,21.1,19056,11.5,0.01,2019
,"China University of Geosciences, Beijing",26.0–33.4,27.7,15.7,39.5,48.2,24.7,18114,17.4,0.01,2019
,University of Clermont Auvergne,26.0–33.4,14.8,9.1,60.1,34.9,59.9,34572,18.3,0.13,2019
,COMSATS University Islamabad,26.0–33.4,15.6,9,63.2,34.1,45.5,31413,10.9,0.01,2019
,Concordia University,26.0–33.4,18.9,25.2,40.7,37.1,81.6,32065,30.6,0.28,2019
,University of Costa Rica,26.0–33.4,15.1,7.4,60.7,34,48.5,32276,14.3,0.02,2019
,Coventry University,26.0–33.4,17,11.2,39.5,34.1,85.9,25120,14.4,0.45,2019
,Dalian University of Technology,26.0–33.4,23.6,21.8,36.2,81.3,26,39075,16.2,0.02,2019
,University of Dayton,26.0–33.4,30.5,23.3,24.9,39.6,31.8,10116,13.9,0.13,2019
,University of Delhi,26.0–33.4,39,18.5,29.1,34.1,19.1,22854,23.8,0.01,2019
,De Montfort University,26.0–33.4,16.4,14,42.9,34.2,69.7,17130,19.2,0.25,2019
,University of Deusto,26.0–33.4,29.3,24.8,29.8,38.2,46.9,8665,21.3,0.11,2019
,East China University of Science and Technology,26.0–33.4,21.6,16.8,43.7,51.7,17.1,21602,11.9,0.01,2019
,Eastern Mediterranean University,26.0–33.4,18.2,14.6,47.8,34,82.3,19694,30.6,0.84,2019
,École Centrale de Lyon,26.0–33.4,32,18.4,23.7,64.2,68.7,1938,15.6,0.29,2019
,École normale supérieure Paris-Saclay,26.0–33.4,34.6,23.6,32,46.2,55.5,1830,11.7,0.15,2019
,Edinburgh Napier University,26.0–33.4,15.8,13.1,44.1,36.2,79.2,11155,19.9,0.32,2019
,Embry-Riddle Aeronautical University,26.0–33.4,14.9,8.6,77.6,34.2,29.9,16010,17.3,0.10,2019
,Eötvös Loránd University,26.0–33.4,19.9,18.3,44.5,35.5,52.9,27267,19.4,0.10,2019
,Ewha Womans University,26.0–33.4,29.1,27.4,34.1,69.7,45.2,14893,14.3,0.14,2019
,Federal University of Minas Gerais,26.0–33.4,29.3,16.8,42.5,38.3,25.4,44108,13.3,0.02,2019
,Federal University of Rio de Janeiro,26.0–33.4,33.4,21.4,23.6,35.2,29,55109,14,0.02,2019
,Universidade Federal do Rio Grande do Sul,26.0–33.4,31.7,14.1,40.5,48.1,24.9,47931,17.1,0.02,2019
,Universidade Federal de São Paulo (UNIFESP),26.0–33.4,33.9,19.7,45.8,35,27,13520,8.6,0.01,2019
,Federico Santa María Technical University,26.0–33.4,12.1,10.2,50.4,44.3,54.4,19273,27.9,0.03,2019
,Fordham University,26.0–33.4,41,23.2,34.5,34.7,36.9,12646,12.5,0.15,2019
,Fuzhou University,26.0–33.4,15.4,11.3,53.6,44.8,22.9,34664,16.6,0.01,2019
,Glasgow Caledonian University,26.0–33.4,18,13.1,55.8,34.8,59.2,12985,20.1,0.18,2019
,University of Granada,26.0–33.4,23.5,19,48.3,35,47,52989,14.9,0.10,2019
,University of Greenwich,26.0–33.4,16,13.6,41,34.9,87.9,14580,17.9,0.35,2019
,University of Haifa,26.0–33.4,24.9,30.8,38,36.2,35.5,17848,30.6,0.02,2019
,University of Hertfordshire,26.0–33.4,16.5,12.8,45.1,34.8,79.2,17555,17.6,0.28,2019
,Hiroshima University,26.0–33.4,28.4,20.4,32.5,50.4,29.6,14875,8.6,0.07,2019
,Huazhong Agricultural University,26.0–33.4,20.9,14.9,47.2,45.3,20.2,26178,17.9,0.02,2019
,University of Huddersfield,26.0–33.4,20.7,18,43.1,36,70.5,15055,21.5,0.26,2019
,University of Ibadan,26.0–33.4,25,12.1,44.7,41.2,34.5,25416,15.6,0.01,2019
,Ilmenau University of Technology,26.0–33.4,26.7,11.8,30.7,40.3,58.6,6253,8,0.20,2019
,Indian Institute of Technology Guwahati,26.0–33.4,29.5,19.3,39.7,37.5,15,5592,13.2,0.01,2019
,Indian Institute of Technology Madras,26.0–33.4,41.5,25.4,27,69.1,18.4,9013,15.8,0.01,2019
,University of Indonesia,26.0–33.4,36.2,17.5,18.8,83.1,52.9,41144,10.1,0.08,2019
,University of Ioannina,26.0–33.4,15.9,17.1,63.3,38.7,43.2,22492,44.3,0.03,2019
,ISCTE-University Institute of Lisbon,26.0–33.4,25.5,24.9,25,37.3,49.1,8866,25.2,0.13,2019
,Isfahan University of Technology,26.0–33.4,24.1,22,43.5,85.7,20.6,9816,20.7,0.01,2019
,Istanbul Technical University,26.0–33.4,23.6,27.1,32.9,100,26.1,34594,22.8,0.04,2019
,Jadavpur University,26.0–33.4,36.1,20.9,29.4,39.1,15,11515,17.5,0.01,2019
,Jagiellonian University,26.0–33.4,22.3,15.4,50.7,34.8,35.5,42131,11.5,0.07,2019
,Jaume I University,26.0–33.4,21.6,15,55.5,36.8,41.8,12581,16.5,0.09,2019
,University of Johannesburg,26.0–33.4,19.3,26,36.9,40.2,60.4,25515,24,0.09,2019
,Juntendo University,26.0–33.4,35.6,13.7,28.2,48.4,20.6,4407,3.8,0.02,2019
,Kafrelsheikh University,26.0–33.4,11.2,7.4,63.8,38.2,46.3,66990,40.7,0.01,2019
,Kansas State University,26.0–33.4,24,19.8,47.1,41.3,45.2,21970,14.6,0.09,2019
,Universiti Kebangsaan Malaysia,26.0–33.4,34.3,21.4,18.4,36.2,43.3,18904,11.1,0.14,2019
,Keio University,26.0–33.4,31.6,24.8,34.9,42.3,29.9,34740,10.6,0.07,2019
,Kindai University,26.0–33.4,18.9,10.7,52.2,39.2,21.9,32322,13.5,0.02,2019
,King Fahd University of Petroleum and Minerals,26.0–33.4,28.7,15.4,36.7,65,83.8,6427,6.3,0.18,2019
,Kingston University,26.0–33.4,18,16.7,29,34.4,83.1,16545,20.3,0.36,2019
,Kobe University,26.0–33.4,32.8,19.8,30.2,46.1,26.1,15786,7.7,0.07,2019
,Konkuk University,26.0–33.4,33.3,34.3,24.6,47.9,44.7,14173,26.7,0.14,2019
,University of Las Palmas de Gran Canaria,26.0–33.4,29.4,10.9,35.1,34,34.1,18532,16.4,0.07,2019
,Lebanese American University,26.0–33.4,30.5,9.6,44.4,34,86.9,7734,13.6,0.19,2019
,University of Leoben,26.0–33.4,28.3,11.8,37.8,54.5,70.6,3103,6.1,0.16,2019
,University of Lincoln,26.0–33.4,15.4,13.1,44.1,34.9,68.3,11475,15.8,0.14,2019
,University of Ljubljana,26.0–33.4,23.2,17.4,40.1,38.1,40.2,40834,15.2,0.05,2019
,University of Lorraine,26.0–33.4,20.3,12.8,59.6,39.6,60.1,57103,19,0.15,2019
,Louisiana Tech University,26.0–33.4,17.7,10.5,53,34.5,33.6,11138,27.4,0.04,2019
,Mahidol University,26.0–33.4,29.1,18.2,44.8,74.7,45.6,28611,10.2,0.04,2019
,Manchester Metropolitan University,26.0–33.4,18,13.2,45.3,34.2,62.5,27730,15.4,0.16,2019
,Mansoura University,26.0–33.4,16.8,8.9,59.2,40.5,43.3,136359,25,0.03,2019
,Marquette University,26.0–33.4,36.1,14,32.1,36.2,23.7,10494,12.3,0.05,2019
,Masaryk University,26.0–33.4,22.1,24.7,34.6,35.1,59.2,33243,21.5,0.21,2019
,Mashhad University of Medical Sciences,26.0–33.4,27.3,11.6,48,34,18.1,9015,10.6,0.02,2019
,Middle East Technical University,26.0–33.4,26.4,21,28.3,66.4,29.9,27294,32.2,0.06,2019
,Miguel Hernández University of Elche,26.0–33.4,24.4,12.4,43.2,36.9,31.4,13667,20.8,0.04,2019
,University of Minho,26.0–33.4,21.4,19.2,39.4,57.8,48,18299,18.4,0.10,2019
,Mississippi State University,26.0–33.4,21,16.1,41.8,38,24.2,23609,18.6,0.03,2019
,Monterrey Institute of Technology,26.0–33.4,22,16.1,39.8,73.5,59.9,14215,16.1,0.11,2019
,Nanjing Agricultural University,26.0–33.4,20.6,17,43,45.7,19.8,26198,15.9,0.02,2019
,Nanjing Medical University,26.0–33.4,23.6,24.1,36.4,34.9,19.6,13707,9.1,0.05,2019
,Nanjing Normal University,26.0–33.4,19.7,11.1,47,48.5,20.6,26894,13.2,0.03,2019
,Nanjing Tech University,26.0–33.4,17.5,11.6,48.9,54.3,21.1,31846,14.2,0.01,2019
,Nantes Université,26.0–33.4,19,19.8,56.4,37,49.1,36520,24.5,0.10,2019
,National Autonomous University of Mexico,26.0–33.4,32.6,28.1,19.2,55.7,40.5,162018,13.6,0.06,2019
,National Institute of Applied Sciences of Lyon (INSA Lyon),26.0–33.4,27.6,15,38.1,65.3,76.9,6125,8.8,0.29,2019
,National Institute of Technology Rourkela,26.0–33.4,26.1,13.2,44.2,37.3,16.4,6010,20,0.04,2019
,National Sun Yat-Sen University,26.0–33.4,24.6,28.3,25.9,55.4,30.7,9522,14.9,0.05,2019
,National Taiwan Normal University,26.0–33.4,32,36.3,23,78.3,51.1,10621,12.6,0.26,2019
,"University of Nevada, Las Vegas",26.0–33.4,29.4,21.2,43,34,31.5,25120,26.1,0.05,2019
,New Mexico State University (Main campus),26.0–33.4,21.8,14.3,53.9,38.6,35.5,13329,17.3,0.08,2019
,Nippon Medical School,26.0–33.4,28.5,25,44.3,35.6,26.7,837,6.3,0.01,2019
,University of North Carolina at Greensboro,26.0–33.4,21.2,20.6,39,34.9,19.5,18593,24.9,0.03,2019
,Northeast Normal University,26.0–33.4,27,10.1,50.9,35.8,17.2,25325,16.2,0.02,2019
,Northwestern Polytechnical University,26.0–33.4,26.2,30.1,27.8,78.9,20.2,27423,13.6,0.03,2019
,Nottingham Trent University,26.0–33.4,16.4,12.5,52.1,34.2,63.4,23460,16,0.19,2019
,Old Dominion University,26.0–33.4,22.8,19.2,57.1,34,29.9,19064,19.3,0.03,2019
,Open University of Catalonia,26.0–33.4,12.8,12.5,71.3,34.9,39.8,20133,54.6,0.03,2019
,Otto von Guericke University of Magdeburg,26.0–33.4,24.3,13.7,45.9,42.6,56.8,14427,12.1,0.16,2019
,University of Oviedo,26.0–33.4,25.5,14.7,50.8,38,34.1,18689,10.8,0.03,2019
,Palacký University Olomouc,26.0–33.4,18.9,11.8,42.5,34.8,57.1,17968,11.5,0.12,2019
,Panjab University,26.0–33.4,26.9,11,54.5,34,16,18360,21.5,0.01,2019
,University of Pécs,26.0–33.4,18.8,16.7,37.6,39,55.3,17456,13.3,0.18,2019
,Polytechnic Institute of Porto,26.0–33.4,12.2,7.8,64.9,34.1,31.6,18215,17,0.06,2019
,Polytechnic University of Valencia,26.0–33.4,25.4,12,45.2,44.5,47.5,21945,9.4,0.13,2019
,Pontificia Universidad Católica de Chile,26.0–33.4,25.5,24,44,39,56.9,27485,15.2,0.07,2019
,Pontifical Catholic University of Rio de Janeiro (PUC-Rio),26.0–33.4,27,21.8,30.6,98.2,43.5,15415,18.7,0.06,2019
,Portland State University,26.0–33.4,19.8,21.7,42.8,34.6,31.8,20666,18.4,0.09,2019
,University of Pretoria,26.0–33.4,23.8,28.7,35.7,59.4,51,35687,23.2,0.08,2019
,Pusan National University,26.0–33.4,27.8,28.2,28.4,63.2,35.3,24409,18.4,0.11,2019
,Université du Québec,26.0–33.4,22.6,21.3,39.4,41.8,65.6,54198,20.2,0.10,2019
,University of Regina,26.0–33.4,15.3,14.8,45.8,36,54.1,12585,22.5,0.15,2019
,University of Rennes 1,26.0–33.4,19.1,15.4,49.8,36.4,55.1,27685,17.4,0.11,2019
,Rikkyo University,26.0–33.4,14.4,8.6,60.7,34.3,38.9,20542,24.7,0.03,2019
,Rochester Institute of Technology,26.0–33.4,19.6,17.2,42.9,36.1,39.9,14200,16.2,0.18,2019
,Roskilde University,26.0–33.4,19.4,31,44.4,37.5,49.3,6109,16.1,0.10,2019
,Universiti Sains Malaysia,26.0–33.4,35.6,22.4,18.8,43.2,50.7,21394,11.2,0.13,2019
,University of Salamanca,26.0–33.4,27.8,15.2,33.6,35.6,49.5,29243,17.7,0.15,2019
,University of Salford,26.0–33.4,18.1,15.4,34.5,34.5,71.4,15945,18.8,0.25,2019
,University of San Diego,26.0–33.4,37.4,18.1,38.1,39.5,25,7671,13,0.08,2019
,University of Santiago de Compostela,26.0–33.4,26.8,16,50.5,39,44.3,26118,15.2,0.08,2019
,University of Sassari,26.0–33.4,20.7,15.1,51.6,35.6,36.2,12227,21.2,0.01,2019
,University of Seville,26.0–33.4,27,18.8,38.7,36.6,38.4,55395,19.4,0.07,2019
,Shenzhen University,26.0–33.4,15.8,17.7,62.6,49.9,33.7,34095,17.2,0.01,2019
,Université de Sherbrooke,26.0–33.4,27.8,13.4,51.5,36.6,57.6,15148,12.7,0.08,2019
,Sichuan University,26.0–33.4,32.7,27.4,32,76.9,19.8,59998,13.8,0.03,2019
,Sogang University,26.0–33.4,23.2,29.2,22.9,47.7,30.7,9636,22.2,0.08,2019
,University of South Alabama,26.0–33.4,31.4,10,44.2,35.8,25.1,14391,15,0.06,2019
,University of South Dakota,26.0–33.4,30.4,14.5,55.8,38.6,24.4,15570,35.3,0.03,2019
,University of Southern Queensland,26.0–33.4,19.7,18.2,35.7,35.8,71.4,11815,26.4,0.16,2019
,University of Split,26.0–33.4,13.8,13.8,60.4,40.5,43.3,20093,28.3,0.02,2019
,Suez Canal University,26.0–33.4,17.6,7.6,69,35.3,45.5,39113,12.5,0.01,2019
,University of the Sunshine Coast,26.0–33.4,15.9,22,42.3,36.3,66.3,8915,29.2,0.16,2019
,University of Szeged,26.0–33.4,19.8,11.1,41.2,37.3,52.5,20388,13.1,0.14,2019
,Tallinn University of Technology,26.0–33.4,16.8,14.2,37.6,45.5,58.7,10431,20.8,0.15,2019
,Technical University of Madrid,26.0–33.4,31.1,13.9,37.9,42.6,47.5,39269,13.2,0.13,2019
,University of Technology of Compiègne,26.0–33.4,24.2,9.9,50.1,41.9,82.7,4254,15.9,0.24,2019
,University of Tehran,26.0–33.4,33.8,22.5,35,34,22.4,55645,25.7,0.02,2019
,Tehran University of Medical Sciences,26.0–33.4,48.1,15.8,30.1,37.9,21.1,12230,7.2,0.06,2019
,Universiti Teknologi Malaysia,26.0–33.4,35.9,24.4,23.3,44.8,57.1,17726,10.9,0.17,2019
,Universiti Teknologi Petronas,26.0–33.4,25.2,30.7,26.7,78.7,64.9,6448,16.5,0.21,2019
,University of Texas at Arlington,26.0–33.4,19.3,17.6,48,39.3,45.6,27061,23.8,0.15,2019
,University of Texas at El Paso,26.0–33.4,19.6,21.4,41.8,34,37.9,16744,23.6,0.08,2019
,Texas Tech University,26.0–33.4,30.5,20.7,42.3,36.7,44.6,32486,22.2,0.09,2019
,University of Trás-os-Montes and Alto Douro,26.0–33.4,22.3,20.8,34.1,34,37.3,6770,12.4,0.04,2019
,Ulster University,26.0–33.4,19.8,18.2,39.5,35.2,75.3,17920,18.9,0.08,2019
,University of Vigo,26.0–33.4,26,14.8,35.3,39,41.7,19699,17,0.06,2019
,University of Warsaw,26.0–33.4,25.7,19.9,44.7,34.2,44.9,49752,14,0.09,2019
,Waseda University,26.0–33.4,30.7,21.7,31.2,38,36.3,49761,16,0.10,2019
,University of the West of England,26.0–33.4,15.7,14.8,42.7,34.5,62.3,20895,18,0.20,2019
,University of the Western Cape,26.0–33.4,17.3,19.3,42.9,34.3,61,21246,32.4,0.08,2019
,Western Washington University,26.0–33.4,14.7,10.2,61.1,34,22.2,13726,17.7,0.01,2019
,University of Westminster,26.0–33.4,18.2,15.4,36.2,34.4,84.9,16965,18,0.47,2019
,West Virginia University,26.0–33.4,18.9,10.2,53.8,34,39.4,23689,16.8,0.08,2019
,University of Windsor,26.0–33.4,32.6,18.9,34.4,37.4,69.1,13427,24.8,0.18,2019
,University of Wolverhampton,26.0–33.4,15,13,41.8,34.1,65.4,15470,20.4,0.21,2019
,Yeungnam University,26.0–33.4,17.7,12.5,44.1,40.3,35.7,20389,14.5,0.05,2019
,Yokohama City University,26.0–33.4,24.5,8.3,63.1,39.2,19.6,4910,3.7,0.02,2019
,University of Zaragoza,26.0–33.4,27.9,12.4,47.7,38.1,37,28008,10.3,0.04,2019
,Acharya Nagarjuna University,19.0–25.9,39,8.5,13.4,40.7,22.2,4730,13.4,0.05,2019
,University of A Coruña,19.0–25.9,22.8,12.4,26.1,35.6,30.9,15159,11.4,0.02,2019
,"Adam Mickiewicz University, Poznań",19.0–25.9,16.8,12.5,26.1,34.8,31.7,37630,14,0.02,2019
,AGH University of Science and Technology,19.0–25.9,16.6,13.1,26.6,36.7,20.4,31252,14.1,0.02,2019
,Aichi Medical University,19.0–25.9,24.6,10.5,26,37.8,17.1,1272,2.9,0.01,2019
,Ajou University,19.0–25.9,24.3,18,28.4,50.7,26.1,11349,10,0.05,2019
,Alexandria University,19.0–25.9,15.3,10.3,27.4,40.7,44.4,175270,25,0.03,2019
,Al-Farabi Kazakh National University,19.0–25.9,24.3,9.4,15.4,42.7,59.7,16931,4.6,0.14,2019
,University of Alicante,19.0–25.9,23.6,13.6,28.4,36.5,39.9,27639,19,0.09,2019
,Aligarh Muslim University,19.0–25.9,30.9,9.2,37.4,34,24.4,17884,14.3,0.02,2019
,University of Almería,19.0–25.9,17.3,12.5,24,36,35.9,12883,19.2,0.07,2019
,American University of Sharjah,19.0–25.9,18,13.6,20.2,36.4,95.9,5769,14.2,0.84,2019
,Anadolu University,19.0–25.9,11.6,23.9,17.5,100,16.4,1413003,865.8,0.01,2019
,"Asia University, Taiwan",19.0–25.9,14.5,22.5,19.4,77.3,26.3,12320,26,0.03,2019
,Atılım University,19.0–25.9,14.3,9.3,38.7,35.6,33,7624,13.7,0.07,2019
,Austral University of Chile,19.0–25.9,14.4,11.4,23,46.7,50,14873,16.7,0.02,2019
,Universidad Autónoma de Querétaro,19.0–25.9,29.4,7.6,17.3,44.1,22,21812,36.8,0.01,2019
,Babeş-Bolyai University,19.0–25.9,19.6,13.6,35.7,34.4,54.9,36888,24.5,0.02,2019
,Bandung Institute of Technology (ITB),19.0–25.9,20.1,15.5,13.5,92.4,38.3,18643,11.8,0.02,2019
,University of Bedfordshire,19.0–25.9,16.3,12.8,25.8,34.6,73.5,10685,18.7,0.32,2019
,Beijing Jiaotong University,19.0–25.9,22.9,21.7,15.4,66.6,26.4,25110,13.4,0.07,2019
,University of Belgrade,19.0–25.9,19.7,18.1,30.1,40.1,36.8,99760,21.1,0.05,2019
,University of Brasília,19.0–25.9,22.3,13,25.8,37.6,30.3,52039,18.4,0.02,2019
,Brno University of Technology,19.0–25.9,17.3,14.7,24.9,41.3,49.4,21522,20.8,0.21,2019
,University of Bucharest,19.0–25.9,12.8,25.1,16.1,34,40.3,31388,24.2,0.02,2019
,Budapest University of Technology and Economics,19.0–25.9,15.1,14.2,26.5,43.9,34,19499,17.6,0.07,2019
,University of Burgos,19.0–25.9,19.4,11.3,25.1,36.9,33.2,7394,13.4,0.03,2019
,Cairo University,19.0–25.9,19.3,12.1,35,35.2,34.8,233999,42.1,0.02,2019
,"California Polytechnic State University, San Luis Obispo",19.0–25.9,15.8,11,40.4,37.1,34.9,19461,20.1,0.02,2019
,Capital Medical University,19.0–25.9,29.5,19.7,21.5,34.8,23.2,12826,7.1,0.05,2019
,University of Castilla-La Mancha,19.0–25.9,20.3,11.7,31.1,35.9,35.2,23309,13.6,0.06,2019
,University of Central Lancashire,19.0–25.9,15.3,12.7,39.7,34.4,62.2,18390,16.4,0.18,2019
,University of Cergy-Pontoise,19.0–25.9,14.7,12.7,18.8,34.5,60.2,17161,19.1,0.15,2019
,"University of Chemistry and Technology, Prague",19.0–25.9,23.4,13.6,18.4,40.1,50.3,4312,10,0.20,2019
,Chiang Mai University,19.0–25.9,19.8,13.6,19.1,49.2,33,36635,16.2,0.01,2019
,"China University of Geosciences, Wuhan",19.0–25.9,21,15.3,39.2,49.4,24.1,28652,17.2,0.03,2019
,China University of Mining and Technology,19.0–25.9,19.7,15,36.5,53.6,16.9,45518,18.8,0.02,2019
,"China University of Petroleum, Beijing",19.0–25.9,23.8,24.1,24.9,89.5,20,15127,18.9,0.04,2019
,China Pharmaceutical University,19.0–25.9,19.1,11.7,33.3,44.2,16.3,15646,17,0.02,2019
,Chongqing University,19.0–25.9,19.7,18.2,28.1,57.8,21.6,47031,17,0.04,2019
,Chonnam National University,19.0–25.9,21.2,19.9,30.2,38.7,25.3,23261,17.1,0.05,2019
,Chulalongkorn University,19.0–25.9,28.9,20.5,20.4,61.4,38.4,36781,12.3,0.02,2019
,Chung Yuan Christian University,19.0–25.9,14.3,24.4,13.6,48.7,33.7,16034,33,0.11,2019
,Comenius University in Bratislava,19.0–25.9,21.9,12.1,22.8,36.4,49.6,21376,10.4,0.12,2019
,Czech University of Life Sciences Prague (CZU),19.0–25.9,15.9,12.2,16.8,45.9,70.4,17094,20.5,0.19,2019
,Czech Technical University in Prague,19.0–25.9,18.9,17.8,28.3,41.9,49.7,20387,13.1,0.18,2019
,University of Debrecen,19.0–25.9,19.1,8.4,24.5,41.7,51.6,26752,17,0.16,2019
,De La Salle University,19.0–25.9,16.7,10.8,28.4,34,33.7,17679,19.3,0.03,2019
,University of Derby,19.0–25.9,15,9.8,35,34.6,55.9,12500,15,0.13,2019
,Dublin Institute of Technology,19.0–25.9,14.3,11.9,34.9,35,73.4,15288,21,0.20,2019
,East Carolina University,19.0–25.9,20.9,11.5,27.9,38.9,27.7,25297,14.1,0.02,2019
,University of East London,19.0–25.9,20.8,13.8,26.2,34,78.7,10640,16.9,0.32,2019
,Edge Hill University,19.0–25.9,14.3,9.5,34.4,34,35.6,12025,14.7,0.05,2019
,Erciyes University,19.0–25.9,16.4,14.7,22.1,85.8,21.7,38308,26.7,0.03,2019
,Universidade Estadual Paulista (Unesp),19.0–25.9,37.1,19.9,14.7,35.4,25.1,30718,9.7,0.04,2019
,University of Évora,19.0–25.9,18.1,13.8,32.2,35.5,53.5,7254,13.9,0.12,2019
,Universidade Federal do ABC (UFABC),19.0–25.9,14.8,12.3,26.8,39.3,33.6,14320,20.9,0.01,2019
,Universidade Federal da Bahia,19.0–25.9,21.8,12.4,20.3,34.3,24,32614,12.7,0.01,2019
,Federal University of Pelotas,19.0–25.9,22.1,10.4,42,34,20.6,18700,14,0.01,2019
,Universidade Federal de Santa Catarina,19.0–25.9,27.1,12,36.1,35.6,28.1,37964,16.7,0.03,2019
,Federal University of São Carlos,19.0–25.9,26.3,13.1,15.3,40.4,23.4,18258,14.6,0.02,2019
,Ferdowsi University of Mashhad,19.0–25.9,25.1,17.2,22.3,40.2,20.7,23334,28.4,0.05,2019
,Ferhat Abbas Sétif University 1,19.0–25.9,23.3,7,24.1,34,42.1,32283,21.9,0.01,2019
,Florida Atlantic University,19.0–25.9,17.5,14.6,35.9,39.4,43.9,23449,18.7,0.11,2019
,Florida Institute of Technology,19.0–25.9,24.6,13.5,28.6,36.8,58.6,5483,13.8,0.36,2019
,Fu Jen Catholic University,19.0–25.9,16.8,13.1,29.7,45.4,26.6,23161,18.9,0.08,2019
,Gebze Technical University,19.0–25.9,24.1,11.9,26.8,35.8,28.1,6620,25.4,0.02,2019
,University of Ghana,19.0–25.9,14.5,13.6,23.8,42.2,48.8,37010,24.6,0.02,2019
,Hamamatsu University School of Medicine,19.0–25.9,28,12.6,21.8,41.6,17.4,1205,3.8,0.01,2019
,Hyogo College of Medicine,19.0–25.9,28.7,11.9,36.2,34,15.9,878,1.9,0.01,2019
,Indian Institute of Technology (Indian School of Mines) Dhanbad,19.0–25.9,24.8,14.1,39.3,49.6,13.7,7370,23,0.01,2019
,Inha University,19.0–25.9,23,21,23.5,61,29.4,19384,23.7,0.05,2019
,Iran University of Medical Sciences,19.0–25.9,33.3,9.3,26.6,40.8,18.8,8600,8.4,0.03,2019
,University of Isfahan,19.0–25.9,24.4,21.2,10.4,44.4,16.8,12900,19.8,0.01,2019
,Istanbul University,19.0–25.9,22.1,16.6,19.1,51.3,27.3,93109,44.7,0.08,2019
,Iuliu Haţieganu University of Medicine and Pharmacy Cluj-Napoca,19.0–25.9,20.7,8.4,32.5,34,62,7121,6.9,0.33,2019
,University of Jaén,19.0–25.9,18.4,13,36.1,35.2,34.9,15728,19.2,0.08,2019
,Jamia Millia Islamia,19.0–25.9,35.1,8.6,31.1,35,23.9,11902,10.9,0.02,2019
,Jeonbuk National University,19.0–25.9,21,20.1,23.6,38.4,28.8,21221,20.6,0.04,2019
,Jiangsu University,19.0–25.9,19.4,11.4,26.9,56.7,35.1,34251,9.5,0.04,2019
,Jilin University,19.0–25.9,26.1,16.2,25.7,40.8,28,69305,10.7,0.03,2019
,Jinan University,19.0–25.9,20.2,13.7,33.1,39.3,50.9,35904,14.4,0.28,2019
,The University of Jordan,19.0–25.9,21.8,9.6,13.2,38.5,65.1,31305,16.7,0.15,2019
,Kagawa University,19.0–25.9,20.4,11.5,29.8,38.7,28.1,6426,9.5,0.02,2019
,Kanazawa University,19.0–25.9,26.3,17.9,27.5,36.2,23,10430,10.4,0.05,2019
,Kansai Medical University,19.0–25.9,28.6,7.9,30.3,34.5,16.9,845,1.2,0.02,2019
,Kaohsiung Medical University,19.0–25.9,19.5,21,26.8,49.3,26.4,6896,12,0.07,2019
,King Mongkut’s University of Technology Thonburi,19.0–25.9,15.8,14.5,25.3,73.2,29.6,16410,22.3,0.01,2019
,K.N. Toosi University of Technology,19.0–25.9,22.2,18.8,25.9,49.3,18.3,6646,21.6,0.01,2019
,Kochi University,19.0–25.9,19.1,10.8,25.5,38.7,25.5,5563,8.2,0.02,2019
,Kumamoto University,19.0–25.9,25.6,13.7,22.5,43.3,27.2,10237,7.7,0.07,2019
,Kuwait University,19.0–25.9,17.7,9.4,26,36.9,71.9,37207,22,0.14,2019
,Kyungpook National University,19.0–25.9,23.9,25.6,25.1,42.2,26.7,24981,20.4,0.06,2019
,Kyushu Institute of Technology (Kyutech),19.0–25.9,19.3,12.3,23.1,48,26.3,5723,16.4,0.04,2019
,University of Latvia,19.0–25.9,15.9,11.1,24,36.2,40.5,15197,13.6,0.05,2019
,Leeds Beckett University,19.0–25.9,14.3,12.5,37,34.4,48.8,20100,20,0.13,2019
,University of Maribor,19.0–25.9,18.2,16.1,37.1,39.1,36.6,12571,14.4,0.05,2019
,University of Marrakech Cadi Ayyad,19.0–25.9,15.8,7.8,28.6,36.3,42,85610,55.6,0.01,2019
,University of Mazandaran,19.0–25.9,28.5,11.3,36.3,37,16.3,13164,36.2,0.02,2019
,Mohammed V University of Rabat,19.0–25.9,24.9,8.9,28.6,40.8,28.8,75254,33.1,0.04,2019
,University of Murcia,19.0–25.9,27.4,13.2,32.2,35.3,37.6,30233,18.1,0.07,2019
,Nagasaki University,19.0–25.9,24.8,13.8,21.2,40.2,27.2,9144,6.9,0.04,2019
,Nagoya City University,19.0–25.9,22.1,13,26.4,45.5,19.8,4385,7.5,0.03,2019
,National Central University,19.0–25.9,24.6,22.7,21.6,64.9,37.8,11277,9.7,0.10,2019
,National Chengchi University,19.0–25.9,24.3,29.5,9.5,48.9,45.2,14670,17.8,0.16,2019
,National Chung Hsing University,19.0–25.9,19.8,15.1,20.2,45,22.1,15163,15.5,0.04,2019
,National University of Cuyo,19.0–25.9,17.1,7,29.3,34,41.5,45269,10.1,0.08,2019
,National Dong Hwa University,19.0–25.9,15.7,25,24.8,41.9,35.8,10154,17.9,0.09,2019
,"National Institute of Technology, Tiruchirappalli",19.0–25.9,23.5,15.8,29.7,35.7,21.2,5981,18.5,0.07,2019
,National University of San Martín,19.0–25.9,15.9,8.5,33,34.6,37.7,14981,15.6,0.05,2019
,National University of Sciences and Technology,19.0–25.9,20.7,10,34.4,34.1,37.5,10446,7.6,0.03,2019
,National Taipei University,19.0–25.9,19.8,22.8,23.6,35.4,22.4,8580,16.9,0.04,2019
,National Taipei University of Technology,19.0–25.9,19.6,19.2,22.9,87.5,25.8,10092,16.3,0.08,2019
,National Taiwan Ocean University,19.0–25.9,18,22.3,16,51.8,24.8,8707,21.9,0.07,2019
,Niigata University,19.0–25.9,23.6,12.2,31.5,39.5,24,12430,7.9,0.04,2019
,Normandy University,19.0–25.9,15.6,12.3,40.8,35.8,52.4,66189,20.7,0.11,2019
,"Northeastern University, China",19.0–25.9,21.7,22.8,12.8,98.5,29,33718,14.4,0.04,2019
,University of Northern British Columbia (UNBC),19.0–25.9,17.9,16.8,28.5,34.4,37.1,2684,14.2,0.09,2019
,Northwest University,19.0–25.9,18.6,13.1,33.7,42,18.5,23155,14.4,0.03,2019
,NorthWest A&F University,19.0–25.9,19,12,29.5,41.8,21.8,29666,15.5,0.01,2019
,Oakland University,19.0–25.9,21,12.7,23.4,34.9,26.8,15927,19.3,0.03,2019
,Ocean University of China,19.0–25.9,20.3,14.8,23.3,47,21.8,32161,17.6,0.03,2019
,Okayama University,19.0–25.9,25.9,16.3,26.7,49.4,23.2,13189,7.9,0.04,2019
,Osaka City University,19.0–25.9,25.1,14,28,40,24.3,8325,8.8,0.04,2019
,Osmania University,19.0–25.9,37.2,9.4,15.2,34.2,15.7,12017,16.3,0.03,2019
,University of Ostrava,19.0–25.9,14.6,12.7,26.4,34.1,40.5,9382,20.4,0.07,2019
,Pablo de Olavide University,19.0–25.9,24,13.2,32.9,34.5,50,12025,15.2,0.17,2019
,Paris Nanterre University,19.0–25.9,23.2,14.5,15.1,34.3,48,32735,35,0.17,2019
,University of Patras,19.0–25.9,16.4,12.5,41.7,39.4,36.2,26098,29.9,0.04,2019
,Pontifical Catholic University of Peru,19.0–25.9,19.5,7.9,43.7,34.3,48.9,22322,7,0.03,2019
,Universiti Putra Malaysia,19.0–25.9,26.9,18.5,18.1,38.1,64.1,23853,10.2,0.20,2019
,University Rey Juan Carlos,19.0–25.9,18.2,11.2,35.1,36.4,47.3,36643,26.6,0.14,2019
,Riga Technical University,19.0–25.9,17.9,15.6,30.4,50.7,36.2,10564,26.6,0.10,2019
,Robert Gordon University,19.0–25.9,15,10.5,21,34.8,72.4,9405,18.1,0.23,2019
,University of Roehampton,19.0–25.9,17.9,19.8,23.4,34.1,74.9,7690,17.1,0.29,2019
,Saitama University,19.0–25.9,18.3,12.6,22.8,35.2,29.4,8602,13.7,0.05,2019
,University of Science and Technology Beijing,19.0–25.9,24.3,23,23.4,54,18.8,24090,14.9,0.04,2019
,University of Seoul,19.0–25.9,23.3,20.9,25,40.3,27.8,8857,16.8,0.05,2019
,University of Sfax,19.0–25.9,24.8,10,20.2,34,39.3,33185,14.4,0.01,2019
,Shahid Beheshti University,19.0–25.9,19.1,18.6,29.9,48.9,17.4,18263,21.3,0.01,2019
,Shahid Beheshti University of Medical Sciences,19.0–25.9,40.8,12,19.7,38.4,15.5,12604,9,0.01,2019
,Shanghai University,19.0–25.9,19.4,24.2,29.2,68.2,30.6,36382,13.4,0.06,2019
,Shantou University,19.0–25.9,20.4,12.2,37.2,37.5,40.9,9981,11,0.01,2019
,University of Sharjah,19.0–25.9,16,10.3,24.4,38.1,99.1,13957,23.1,0.63,2019
,Sheffield Hallam University,19.0–25.9,16.7,12.6,32.2,34.4,51.8,24925,16.6,0.14,2019
,Shinshu University,19.0–25.9,21,14.4,26.9,41.5,23.6,10700,9.9,0.03,2019
,Sidi Mohamed Ben Abdellah University,19.0–25.9,22.2,7.2,40.8,34.1,24.7,94163,63.2,0.02,2019
,Southern Medical University,19.0–25.9,26.5,11.2,19.8,39,21.6,18658,6.5,0.05,2019
,University of South Wales,19.0–25.9,14.9,9.5,28.5,34.5,62.2,16500,17.5,0.20,2019
,Staffordshire University,19.0–25.9,16.3,9.3,38.4,34.2,50.8,9455,15.3,0.14,2019
,Sultan Qaboos University,19.0–25.9,22.6,10.5,16.8,40.8,72,7624,8.9,0.03,2019
,Suranaree University of Technology,19.0–25.9,19.7,11.3,35.1,40.5,32.1,15068,31.9,0.01,2019
,University of Talca,19.0–25.9,13,10.8,25.2,34,50.5,10628,23.6,0.01,2019
,Tanta University,19.0–25.9,32.8,7.2,26.1,34.1,40.4,138971,28.2,0.02,2019
,Teesside University,19.0–25.9,15.4,10,39.9,34.3,52.6,11580,18,0.12,2019
,Universiti Tenaga Nasional (UNITEN),19.0–25.9,15.7,13.1,24.6,81,35.1,7893,17.7,0.07,2019
,Texas State University,19.0–25.9,17.4,11.7,24.4,34.4,30.5,31120,19.7,0.01,2019
,Thapar Institute of Engineering and Technology,19.0–25.9,19.9,9.1,34,35.7,18.5,7503,15.5,0.01,2019
,Tokushima University,19.0–25.9,25.3,18.8,15.6,58.6,21.2,7566,8.8,0.02,2019
,Tokyo University of Agriculture and Technology,19.0–25.9,26.1,23.6,20.2,46.6,23.9,5795,14.9,0.06,2019
,Tokyo University of Science,19.0–25.9,21,24.5,23.3,41.2,19.4,19162,24.8,0.02,2019
,Toyohashi University of Technology (TUT),19.0–25.9,20.4,17.6,17.7,47.2,25.3,2350,9.9,0.07,2019
,Tshwane University of Technology,19.0–25.9,13.1,9.8,36.9,38.2,40.2,42846,32.3,0.02,2019
,Universiti Utara Malaysia,19.0–25.9,27.6,20.2,3.7,36.9,53.2,13171,12.1,0.23,2019
,Vilnius University,19.0–25.9,18.5,13.8,32.3,42.7,50,16773,11.6,0.08,2019
,VIT University,19.0–25.9,18.4,10.8,28.7,36.8,23.4,30941,17.9,0.03,2019
,Warsaw University of Technology,19.0–25.9,18.2,10.6,38.1,39.5,24.6,31672,13.4,0.05,2019
,Wuhan University of Technology,19.0–25.9,17,12.1,31.6,54.4,21.4,50924,14,0.03,2019
,Xiangtan University,19.0–25.9,13.3,11.2,46.8,38.2,17.8,30928,21.2,0.01,2019
,Xidian University,19.0–25.9,20.3,16.1,24.4,75.3,19.3,33258,17.4,0.02,2019
,Yamagata University,19.0–25.9,21.1,11.5,20.9,52.8,21.1,8955,8.6,0.01,2019
,University of Yamanashi,19.0–25.9,24.2,10.7,23.8,36.5,20.8,4725,6.4,0.04,2019
,Yangzhou University,19.0–25.9,14.1,9.4,37,40.6,19.4,36362,16,0.03,2019
,Yokohama National University,19.0–25.9,22.9,17.8,15,49.3,24.9,9972,12.6,0.07,2019
,University of Zagreb,19.0–25.9,17.5,12.7,23,37,29.6,66967,18.7,0.01,2019
,University of Abou Bekr Belkaïd Tlemcen,9.8–18.9,30.4,9.2,5.2,34.1,39.7,44100,24.3,0.01,2019
,Ain Shams University,9.8–18.9,17.6,8.7,17.4,35.5,36.1,171700,17.4,0.03,2019
,Akdeniz University,9.8–18.9,13.6,14.3,16.5,96.5,19.6,50491,32,0.03,2019
,Akita University,9.8–18.9,19.5,9.5,9.4,40.3,21.2,5074,9.2,0.04,2019
,Al-Azhar University,9.8–18.9,13.3,8.4,12.6,34.1,46.7,318158,41.9,0.05,2019
,Alexandru Ioan Cuza University,9.8–18.9,15.3,11.4,12.9,34,36.1,23255,19.1,0.06,2019
,Alzahra University,9.8–18.9,17,9.2,20.1,35.5,14.1,10590,24.4,0.01,2019
,Amity University,9.8–18.9,14.9,8.5,15.6,35.4,19,27278,14,0.05,2019
,Andhra University,9.8–18.9,37.4,9.9,5,42.5,17,9752,16.8,0.04,2019
,Universidad Andrés Bello (UNAB),9.8–18.9,11.8,7.4,27.8,34.2,48.5,44436,23.5,0.01,2019
,Ankara University,9.8–18.9,18.1,9.6,11.6,34.6,21.7,69324,18,0.04,2019
,Annamalai University,9.8–18.9,26,8.1,16.7,34.4,15.4,27369,14.1,0.02,2019
,Aoyama Gakuin University,9.8–18.9,18.1,7.3,24.6,34.3,25.1,19520,8.2,0.03,2019
,Universidad Autónoma de Nuevo León (UANL),9.8–18.9,12.3,7.5,10.1,35,29.4,102466,27.2,0.01,2019
,Autonomous University of Baja California,9.8–18.9,12.4,8.4,6.8,34.8,29.7,59812,20.4,0.02,2019
,Autonomous University of San Luis Potosi,9.8–18.9,18.1,7.2,10.7,34.6,31.7,31102,9.3,0.01,2019
,Badji Mokhtar University – Annaba,9.8–18.9,13.4,9.3,13,34.1,32.7,40514,33.6,0.01,2019
,Bahçeşehir University,9.8–18.9,15.3,12.3,18.5,41.1,40.6,14159,34.2,0.12,2019
,University of Bío-Bío,9.8–18.9,12.8,7.9,5.9,36.5,43.8,12893,24.7,0.01,2019
,University of Birjand,9.8–18.9,15.2,7.9,7.7,34.2,15.3,11347,28.7,0.01,2019
,Birmingham City University,9.8–18.9,14.7,9.9,18.5,34.3,57.9,19620,18.8,0.22,2019
,Bucharest University of Economic Studies,9.8–18.9,14.7,8.2,14.6,34,31.1,21447,11.8,0.03,2019
,Canterbury Christ Church University,9.8–18.9,15.6,11.3,13.2,34,42.5,11730,18.6,0.12,2019
,Catholic University of the North,9.8–18.9,13.5,11,16.6,34.5,52.1,11669,20.5,0.02,2019
,Chaoyang University of Technology,9.8–18.9,12,10.8,4.7,41.4,22.5,17017,43.3,0.08,2019
,University of Chester,9.8–18.9,16.3,11.9,20.7,35.1,43.2,10305,17.5,0.10,2019
,Chiba Institute of Technology,9.8–18.9,13.6,8.8,6.3,36.4,16,9774,30.7,0.01,2019
,Chubu University,9.8–18.9,12.5,9.5,14.3,36.3,25.7,12661,24.8,0.01,2019
,Chungnam National University,9.8–18.9,21.7,19.9,11.6,40.5,22.7,22773,21.7,0.04,2019
,Chuo University,9.8–18.9,26.1,9.8,14.1,36.4,21.5,26698,37.9,0.04,2019
,University of Concepción,9.8–18.9,14.8,13.3,18.2,55.1,48.5,27077,17.5,0.01,2019
,Corvinus University of Budapest,9.8–18.9,15.5,11.2,20.3,34.2,42.8,10404,24.7,0.14,2019
,Cukurova University,9.8–18.9,14.4,12.4,11.2,87.6,19.1,41446,18.7,0.04,2019
,Del Rosario University,9.8–18.9,15.6,8.9,18.1,34.2,45.6,9568,12.5,0.01,2019
,Democritus University of Thrace,9.8–18.9,13.6,8.1,28,34.9,30.3,29386,46.9,0.03,2019
,Dokuz Eylül University,9.8–18.9,14.7,8.9,16.4,40.3,17.6,63639,19.2,0.02,2019
,Doshisha University,9.8–18.9,14.5,9.2,6.4,35.1,26.8,28311,18.9,0.04,2019
,Prague University of Economics and Business,9.8–18.9,16.8,12.7,6.5,34.4,44.3,14945,29.2,0.22,2019
,Ehime University,9.8–18.9,21,13.8,17.7,41.7,25.5,9419,12.8,0.03,2019
,The University of Electro-Communications,9.8–18.9,18.4,18.6,13.2,40.3,28,4806,15.7,0.06,2019
,University of Engineering & Technology (UET) Lahore,9.8–18.9,14.4,7.7,13.8,34.2,43.8,12467,13.9,0.02,2019
,Universidade Estadual de Maringá,9.8–18.9,20.7,10,6.4,34.4,16,20522,11.4,0.01,2019
,Universidade Federal do Ceará (UFC),9.8–18.9,22.4,9.9,21.4,36,24.1,31719,14.6,0.01,2019
,Federal University of Itajubá,9.8–18.9,15.7,8.6,10.2,36.6,21.4,8997,18.2,0.01,2019
,Federal University of Lavras,9.8–18.9,25.2,13.3,7.8,37.6,17.9,15389,22.1,0.01,2019
,Federal University of Pernambuco,9.8–18.9,23.6,8.9,14.1,36.7,21.4,38264,14.7,0.01,2019
,Federal University of Uberlândia,9.8–18.9,23.7,9.2,9.7,34.3,16.7,20461,11.5,%,2019
,Federal University of Viçosa,9.8–18.9,27.5,13.4,10.6,45.8,19.4,17340,14.6,0.02,2019
,Feng Chia University,9.8–18.9,15.3,16.7,16.6,39.5,36.8,19811,23.3,0.15,2019
,University of Fukui,9.8–18.9,20.3,11,7.2,39.6,20.2,4999,9.2,0.04,2019
,Universitas Gadjah Mada,9.8–18.9,19.6,10.1,12.8,61.2,32.9,41201,10.5,0.01,2019
,Gazi University,9.8–18.9,19.1,10.7,12.9,38.4,16.2,79733,31.5,0.03,2019
,University of Gdańsk,9.8–18.9,14.9,10,20.2,34.1,28.2,29683,17.6,0.02,2019
,Gdańsk University of Technology,9.8–18.9,13.9,10.5,29.1,37.7,20,23017,18.7,0.02,2019
,Gifu University,9.8–18.9,22.4,10.9,15.3,36.7,22.2,7161,7.9,0.04,2019
,GITAM University,9.8–18.9,14.9,7.4,8.7,34.8,18.6,16223,14.7,0.02,2019
,Government College University Lahore,9.8–18.9,16.6,9.7,4.3,34.1,40.3,8841,33.5,0.01,2019
,Grigore T. Popa University of Medicine and Pharmacy,9.8–18.9,17.1,7.6,10.6,34.2,46,9602,11.4,0.29,2019
,University of Guanajuato,9.8–18.9,15,7.8,14.3,34,32.9,24798,16.6,0.01,2019
,Guangxi University,9.8–18.9,14.5,9.6,11.5,42.6,20.6,34199,15.8,0.05,2019
,Gunma University,9.8–18.9,26,13.6,14.3,36.8,18.8,6362,7.3,0.03,2019
,Hallym University,9.8–18.9,18.2,14.8,14.6,35.2,20.3,8372,9.8,0.04,2019
,Harbin Engineering University,9.8–18.9,20.7,19,11.5,80.5,16.1,24124,14.1,0.02,2019
,The Hashemite University,9.8–18.9,12.4,9.7,6.1,34,47,16879,16.8,0.04,2019
,Université Hassan II de Casablanca,9.8–18.9,14.7,6.9,19.5,34.4,38,100095,30.7,0.02,2019
,Helwan University,9.8–18.9,15.7,7.5,17.7,34.3,40.2,154964,36,0.01,2019
,Hosei University,9.8–18.9,15.6,9.1,23.8,34.9,23.6,30364,41,0.02,2019
,Huaqiao University,9.8–18.9,12.8,9.4,20.5,38.1,45.1,29637,17.8,0.11,2019
,University of Hyogo,9.8–18.9,16.1,12.9,10.2,44.6,17.5,6607,14,0.02,2019
,Ibaraki University,9.8–18.9,16.9,9.3,9,37.4,22.4,8153,12,0.03,2019
,Imam Abdulrahman Bin Faisal University,9.8–18.9,19.3,7.2,7,34.5,72,28627,10.6,0.03,2019
,Incheon National University,9.8–18.9,16.4,12.9,21.3,36.2,31.6,13807,23,0.02,2019
,IPB University,9.8–18.9,17.7,8.9,10.9,65.4,33.7,23044,13.1,0.01,2019
,I-Shou University,9.8–18.9,13.2,15.4,13.6,47.3,27.7,16425,31.1,0.09,2019
,Ivane Javakhishvili Tbilisi State University,9.8–18.9,15.2,9,2.9,34.4,44.6,20225,24.8,0.02,2019
,Ivan Franko National University of Lviv,9.8–18.9,19.7,7.6,3.2,34,36.4,18210,9.6,0.01,2019
,Iwate University,9.8–18.9,18.3,9.8,15,43,21.6,5626,14.7,0.03,2019
,Izmir Institute of Technology,9.8–18.9,15.8,10.3,25.3,41.9,30.2,5035,22.7,0.03,2019
,Kagoshima University,9.8–18.9,20.9,11.5,16.8,41.9,21.4,10498,10.2,0.03,2019
,Kanagawa University,9.8–18.9,13.9,7.2,11.9,34,28,18541,13.8,0.03,2019
,Kansai University,9.8–18.9,23.4,7.9,5.2,35.1,22.7,30401,12,0.03,2019
,Kasetsart University,9.8–18.9,17.2,11.4,10.3,56.5,36.1,68213,22.9,0.01,2019
,Kaunas University of Technology,9.8–18.9,15.6,11.1,4.1,37.5,24.9,10146,14,0.05,2019
,Kharazmi University,9.8–18.9,19,9,19.1,35.4,15.9,13129,20.7,0.01,2019
,Khon Kaen University,9.8–18.9,21.5,11,17.2,49.8,31.5,36280,18.5,0.02,2019
,KIIT University,9.8–18.9,15.3,7.5,24.4,34.3,15.1,19633,14,0.02,2019
,Kogakuin University,9.8–18.9,15.5,9.3,9.1,40.7,17.8,6531,17,0.01,2019
,Kookmin University,9.8–18.9,17.5,9.6,17,36.9,27.5,17299,11.1,0.09,2019
,Kwansei Gakuin University,9.8–18.9,14.1,8.3,10.7,34.7,30.4,23965,21.1,0.03,2019
,Kyoto Institute of Technology,9.8–18.9,20.2,15.1,11.2,41.7,21,4060,13.2,0.05,2019
,University of Lahore,9.8–18.9,13.3,8.7,27.1,34.1,33.9,24674,14.3,0.02,2019
,University of León,9.8–18.9,17.4,10.1,23.6,35.7,34.1,12303,14.6,0.05,2019
,L.N. Gumilyov Eurasian National University,9.8–18.9,21.7,7.6,12.6,34,48.1,16155,4.9,0.03,2019
,University of Łódź,9.8–18.9,15.9,10,13.1,34.1,22.9,33758,15.2,0.04,2019
,Lodz University of Technology,9.8–18.9,15.9,10.6,15.9,36.8,21.6,17115,13.1,0.03,2019
,London South Bank University,9.8–18.9,14.5,10,15.8,34.5,71.3,11965,17.1,0.34,2019
,Londrina State University,9.8–18.9,21.3,19.5,14,34,17.5,23392,13.7,0.01,2019
,Lviv Polytechnic National University,9.8–18.9,17.7,8.7,20.9,34.5,24.1,22520,11,0.01,2019
,Universiti Malaysia Sarawak (UNIMAS),9.8–18.9,15.6,8.6,8.6,34.3,37.7,15426,19.2,0.05,2019
,Manipal Academy of Higher Education,9.8–18.9,20.2,9.5,6.5,34.1,26.6,25145,9.7,0.08,2019
,Marmara University,9.8–18.9,13.5,7.3,18.4,34,22.2,72603,35.7,0.04,2019
,Meiji University,9.8–18.9,14.7,11.3,13.8,72.7,24.1,32270,29.8,0.04,2019
,Meijo University,9.8–18.9,14.7,9.6,8.8,35.2,23.5,15422,32.6,0.02,2019
,Menoufia University,9.8–18.9,13.4,7.4,15.5,36.6,36,82327,38.7,0.01,2019
,Universidad Michoacana de San Nicolás de Hidalgo,9.8–18.9,17,8.9,11,35,29.8,39392,29,0.01,2019
,Ming Chuan University,9.8–18.9,12.2,10.3,6.9,34.8,29.1,18800,22.7,0.11,2019
,Minia University,9.8–18.9,14.3,7,13.2,34.1,44.6,58870,15.9,0.01,2019
,University of Miyazaki,9.8–18.9,20.4,9.4,19.5,35.9,21.4,5507,8.3,0.02,2019
,University of Monastir,9.8–18.9,19.8,8.6,12.6,34,41.8,21267,11.3,0.01,2019
,Muroran Institute of Technology,9.8–18.9,14.2,9.3,22.4,38.2,28.5,3320,18,0.04,2019
,University of Mysore,9.8–18.9,33,9.1,4.7,34.3,27.5,7944,20.3,0.08,2019
,Nagaoka University of Technology,9.8–18.9,21.7,13.5,12.2,39.8,32.4,2388,10.3,0.12,2019
,Nagoya Institute of Technology,9.8–18.9,18.1,14,14.7,53.4,22,5637,16.1,0.04,2019
,University of Nairobi,9.8–18.9,13.7,10.4,16.8,35.1,46.8,72466,40.4,0.01,2019
,Nara Medical University,9.8–18.9,24.4,10.8,17.5,39.8,15,1202,3.6,0.01,2019
,Naresuan University,9.8–18.9,16.1,7.3,13.3,35,33.6,23232,15.8,0.01,2019
,National Changhua University of Education,9.8–18.9,17.2,18,11.5,37.4,22.9,8124,21.4,0.08,2019
,National Chiayi University,9.8–18.9,13.8,12.6,6,64,17.2,12537,26,0.04,2019
,National Chung Cheng University,9.8–18.9,16.9,18,13.3,40.6,19.7,14278,19.9,0.04,2019
,National University of Colombia,9.8–18.9,19.3,14.7,13,34.2,36.2,51844,22,0.01,2019
,National University of Córdoba,9.8–18.9,19.4,9.4,21,34.7,32.8,64491,11.5,0.02,2019
,National University of Kaohsiung,9.8–18.9,11.8,15.2,7.9,37.5,24.2,5599,23.5,0.04,2019
,National University of La Plata,9.8–18.9,16.1,10.4,13.4,36,35.3,118688,23.9,0.05,2019
,National University of the South,9.8–18.9,26.3,10,7.9,34,24.9,20325,6.9,0.01,2019
,Nicolaus Copernicus University in Toruń,9.8–18.9,17.9,9.8,22.4,35,24.6,23670,12,0.02,2019
,University of Nigeria Nsukka,9.8–18.9,22.3,8.4,3.6,35,21.7,32429,14.2,0.01,2019
,North China Electric Power University,9.8–18.9,15.5,14.9,18.1,34,15.4,30412,16.7,0.01,2019
,Ochanomizu University,9.8–18.9,26.5,11.7,12.6,36.2,24.1,2947,14.2,0.05,2019
,Oita University,9.8–18.9,18.7,8.9,13.2,36.7,17.6,5682,9.4,0.01,2019
,Ondokuz Mayis University,9.8–18.9,14.1,8.3,4.9,37.5,20.3,33790,30.5,0.06,2019
,Osaka Prefecture University,9.8–18.9,20.8,14,19,42.5,20.8,7794,10,0.04,2019
,University of Pardubice,9.8–18.9,16.5,13.6,10.8,34.7,25.8,7807,14.5,0.06,2019
,Pontifical Catholic University of Valparaíso,9.8–18.9,15.3,14.3,13.8,46.9,48.7,15165,23.1,0.01,2019
,Universidad Pontificia Bolivariana (UPB),9.8–18.9,16,8,4.8,36.3,35.1,13748,11.3,0.01,2019
,Pontifícia Universidade Católica do Paraná,9.8–18.9,15.4,9.4,16.1,36.1,24.7,25198,25.8,0.01,2019
,Prince of Songkla University,9.8–18.9,15.1,9,21.5,36.2,31.7,41469,18,0.02,2019
,Ritsumeikan University,9.8–18.9,17.2,11.2,14,34.9,31.6,32739,17,0.05,2019
,University of the Ryukyus,9.8–18.9,18.3,11.1,11.4,42.3,25.4,8184,10.9,0.02,2019
,Saga University,9.8–18.9,20.7,11.8,17.6,48.2,23.1,6994,9.9,0.02,2019
,"University of Santiago, Chile (USACH)",9.8–18.9,15.1,11.4,12.1,34.1,46.2,24606,25.9,0.02,2019
,Sathyabama Institute of Science and Technology,9.8–18.9,15.9,8.4,3.4,34.5,15,15886,19.5,0.01,2019
,University of Sciences and Technology Houari Boumediene,9.8–18.9,15.6,7.9,8.9,34,35.2,35418,19,0.01,2019
,Seoul National University of Science and Technology (SeoulTech),9.8–18.9,22.2,15.6,15,39.2,19.8,12407,17.3,0.03,2019
,Shanghai Maritime University,9.8–18.9,13.5,9.3,23.4,46.6,33.2,23281,18,0.03,2019
,Shibaura Institute of Technology,9.8–18.9,17.4,12.5,8,38.3,34.8,7287,23.9,0.13,2019
,Shimane University,9.8–18.9,22.6,10.9,12,37.5,19.3,6125,7.9,0.02,2019
,Shizuoka University,9.8–18.9,17.1,12.9,13.9,38.4,25.4,9932,13.7,0.03,2019
,University of Shizuoka,9.8–18.9,20,11.9,13.3,37.4,20.6,2937,11.4,0.04,2019
,University of Silesia in Katowice,9.8–18.9,17.4,8.5,18.7,34.1,23,25546,13.5,0.03,2019
,Slovak University of Technology in Bratislava,9.8–18.9,20.3,11.1,9.9,36.5,26.5,14579,13,0.02,2019
,Sofia University,9.8–18.9,18.4,9.5,12.6,35.2,42.1,23029,14.4,0.05,2019
,University of Sonora,9.8–18.9,12.8,7.2,6.9,34,27.5,29921,20.9,0.01,2019
,Sophia University,9.8–18.9,18.4,11.3,11.6,35.3,39.3,13281,24.5,0.09,2019
,University of South Africa,9.8–18.9,20.2,15.8,9.9,34.9,35,163520,106.7,0.08,2019
,University of South China,9.8–18.9,21.6,6.9,8.1,35.5,14.9,21927,3.6,0.01,2019
,University of Southern Mississippi,9.8–18.9,19.8,11.3,22,38.3,26.4,13562,18.5,0.04,2019
,Southwest Jiaotong University,9.8–18.9,16.7,15.4,12.8,37.7,23.3,36351,16,0.02,2019
,SRM Institute of Science and Technology,9.8–18.9,14.2,7.8,14,34.2,16.4,47375,16.4,0.02,2019
,Tamkang University,9.8–18.9,14.9,12.2,11.2,35.7,27.5,27041,23.9,0.07,2019
,University of Tarapacá,9.8–18.9,11.4,11.6,11.4,34,48.4,8857,25,0.02,2019
,Taras Shevchenko National University of Kyiv,9.8–18.9,24.8,9.9,9.5,34.7,33,22400,8.8,0.04,2019
,Technical University of Košice,9.8–18.9,19.6,11.5,13.7,42.9,22.7,9013,11.6,0.05,2019
,Technical University of Liberec,9.8–18.9,17.9,11.7,5.3,39.6,34.6,5706,11,0.11,2019
,Universidade Tecnológica Federal do Paraná (UTFPR),9.8–18.9,14.3,8.6,7.2,36.8,18.1,33025,13.2,0.01,2019
,Institut Teknologi Sepuluh Nopember,9.8–18.9,16.1,9.2,20.6,52.5,29.6,16712,13.2,0.03,2019
,Thammasat University,9.8–18.9,18.4,14.2,11.4,54.5,35,33023,12.2,0.01,2019
,TOBB University of Economics and Technology,9.8–18.9,15.2,10.9,27.1,34.7,25.4,5474,16.5,0.01,2019
,Tokai University,9.8–18.9,17.8,9.1,18,36,22.1,30070,12.9,0.02,2019
,Tokyo University of Agriculture,9.8–18.9,16.5,9.6,9.9,36.1,18.1,12145,34.9,0.02,2019
,Tokyo City University,9.8–18.9,15.4,9.4,9.4,42.4,18.4,7760,15.9,0.01,2019
,Tokyo Denki University,9.8–18.9,14.2,8.7,2.3,37.8,17.6,9315,25.2,0.02,2019
,Tokyo University of Marine Science and Technology,9.8–18.9,22.7,14,9.5,50.3,31.1,2686,11,0.07,2019
,Tomas Bata University in Zlín,9.8–18.9,14.8,15.8,14.4,35.7,37.4,8804,20.2,0.10,2019
,Tottori University,9.8–18.9,21.9,10.1,11.5,36,18.8,6094,8.2,0.02,2019
,University of Toyama,9.8–18.9,20.2,12.5,15.4,44.1,26.7,9289,12,0.03,2019
,Toyo University,9.8–18.9,14.2,9,6.5,34.8,32.1,30484,31,0.04,2019
,University of Tunis El Manar,9.8–18.9,27.1,9.2,13.8,34,38.8,34455,10.3,0.01,2019
,Unisinos University,9.8–18.9,20.8,14.2,14.7,34.9,19.3,13475,21.1,0.01,2019
,Utsunomiya University,9.8–18.9,16.7,10,5.4,35.9,23.9,4989,13.8,0.05,2019
,University of Valparaíso,9.8–18.9,13.5,9.2,17.1,34.3,47,16535,17.9,0.03,2019
,"University of Veterinary and Animal Sciences, Lahore",9.8–18.9,14.4,9.3,6.3,36.3,33.9,5255,28.9,0.01,2019
,V.N. Karazin Kharkiv National University,9.8–18.9,19,9,3.1,34.3,52.5,16069,10.1,0.29,2019
,VSB - Technical University of Ostrava,9.8–18.9,20.8,11.2,13.5,40.3,33.4,14835,17.3,0.10,2019
,University of West Bohemia,9.8–18.9,17.2,13.5,16,38.4,28.1,11984,17.5,0.04,2019
,West University of Timişoara,9.8–18.9,16,10.7,20.1,34.3,31.8,14189,18.3,0.04,2019
,Wrocław University of Science and Technology,9.8–18.9,14.8,10.7,26.4,37.8,19.9,34819,18.5,0.02,2019
,Yamaguchi University,9.8–18.9,21.1,10,11.5,43,23.5,10569,10.8,0.04,2019
,Yanshan University,9.8–18.9,15.5,10.9,9.1,52.5,15,32183,16.3,0.01,2019
,Yarmouk University,9.8–18.9,20,8.1,6.9,35.4,49.4,35320,34.5,0.09,2019
,Yeditepe University,9.8–18.9,14.6,9.8,10.1,49.7,22.1,19705,18.6,0.02,2019
,Yuan Ze University,9.8–18.9,16.3,14.3,16.5,49.2,27.4,8186,19.2,0.09,2019
,Zagazig University,9.8–18.9,12.9,7.2,18.7,34,38.4,135036,20.6,0.02,2019