rank,name,overall_score,teaching_score,research_score,citations_score,industry_income_score,international_outlook_score,number_students,student_staff_ratio,intl_students,year
1,California Institute of Technology,95.2,95.6,97.6,99.8,97.8,64,2243,6.9,0.27,2016
2,University of Oxford,94.2,86.5,98.9,98.8,73.1,94.4,19919,11.6,0.34,2016
3,Stanford University,93.9,92.5,96.2,99.9,63.3,76.3,15596,7.8,0.22,2016
4,University of Cambridge,92.8,88.2,96.7,97,55,91.5,18812,11.8,0.34,2016
5,Massachusetts Institute of Technology,92,89.4,88.6,99.7,95.4,84,11074,9,0.33,2016
6,Harvard University,91.6,83.6,99,99.8,45.2,77.2,20152,8.9,0.25,2016
7,Princeton University,90.1,85.1,91.9,99.3,52.1,78.5,7929,8.4,0.27,2016
8,Imperial College London,89.1,83.3,88.5,96.7,53.7,96,15060,11.7,0.51,2016
9,ETH Zurich – Swiss Federal Institute of Technology Zurich,88.3,77,95,91.1,80,97.9,18178,14.7,0.37,2016
10,University of Chicago,87.9,85.7,88.9,99.2,36.6,65,14221,6.9,0.21,2016
11,Johns Hopkins University,87.6,77.6,90.4,98.2,100,70,15128,3.6,0.23,2016
12,Yale University,87.4,86.5,87.8,97.2,43.3,64.3,11751,4.4,0.20,2016
13,"University of California, Berkeley",87.2,80.4,91.1,99.7,47.9,61.9,36186,16.4,0.15,2016
14,University College London,87.1,78.1,91,94.2,40.5,94.4,26607,10.7,0.46,2016
15,Columbia University,86.1,85.9,82.2,98.1,-,73.5,25055,5.9,0.28,2016
16,"University of California, Los Angeles",85.8,80.8,88.6,98.5,47.9,56.4,38206,10.3,0.15,2016
17,University of Pennsylvania,85.2,82,86.9,98.6,47.9,49.5,20376,6.5,0.20,2016
18,Cornell University,84,77.9,86.1,97.2,33.7,63.9,21424,10.2,0.19,2016
19,University of Toronto,83.9,75.9,89.3,90.9,49.1,77.8,66198,19.5,0.15,2016
20,Duke University,82.7,76,78,99,100,56.5,15172,4.8,0.17,2016
21,University of Michigan,82.4,76.8,85.2,94.4,56.3,53.7,41786,9,0.16,2016
22,Carnegie Mellon University,82.3,67.4,88.8,99.1,57.5,57.1,11885,13.1,0.35,2016
23,London School of Economics and Political Science,81.3,69.8,80.6,94.3,32.2,93.6,,,,2016
24,University of Edinburgh,80.3,68.6,77.2,96.3,36.1,89.8,25774,14.1,0.36,2016
25,Northwestern University,79.5,69.8,78.4,96.5,81.2,53.9,18334,13.8,0.15,2016
26,National University of Singapore,79.2,71.7,84.5,79.4,49.8,96.2,31592,15.5,0.34,2016
27,King’s College London,78.2,64.5,75.8,93.8,40.1,93.8,21394,11.4,0.37,2016
28,Karolinska Institute,77.5,60.6,81.1,92.2,75.8,73.1,7774,11.5,0.22,2016
29,LMU Munich,77.3,70.5,77.4,85.7,100,62.8,35691,15.5,0.13,2016
30,New York University,77.2,74.7,72.3,95.3,30.4,49.3,42056,6.8,0.19,2016
31,École Polytechnique Fédérale de Lausanne,76.1,61.3,67.5,94.6,65.4,98.6,9666,10.5,0.54,2016
32,University of Washington,75.6,67.1,70,98.6,43.1,51.2,44020,11.8,0.13,2016
33,University of Melbourne,75.4,62,75.5,86.6,64.6,87.1,40128,23.7,0.35,2016
34,University of British Columbia,75.3,60.2,73.2,91.5,42.6,90.5,50152,17.6,0.25,2016
35,KU Leuven,74.8,59.9,76.9,87.3,100,68.6,42503,41.9,0.18,2016
36,University of Illinois at Urbana-Champaign,74.5,64.5,81.2,86.8,52.8,45.8,42727,18.7,0.20,2016
37,Heidelberg University,74.4,68.8,69.6,88.2,68.2,62.8,28881,24.5,0.17,2016
38,McGill University,72.6,66.1,72.1,78.9,40.3,85.5,31326,13.7,0.23,2016
,"University of California, San Diego",72.2,56.9,69.8,98.7,56.7,42.9,27233,6.5,0.11,2016
,"University of California, Santa Barbara",72.2,52.6,66,99.2,90.4,61.5,22020,27.3,0.11,2016
41,Georgia Institute of Technology,72.1,57.8,72.7,86,73.7,71.5,19967,20.1,0.26,2016
42,Peking University,72,77.8,72.4,69.1,100,49.2,40148,8.3,0.14,2016
43,University of Tokyo,71.1,81.4,83,60.9,50.8,30.3,26199,5.7,0.10,2016
,"University of California, Davis",71,60.1,72.7,84.3,57.3,58.4,35364,13.9,0.13,2016
,University of Hong Kong,71,64.6,72.8,70.1,53.7,99.5,19835,17.6,0.38,2016
46,University of Texas at Austin,70.3,59.3,69.7,92.2,63.1,31.7,49427,17.4,0.09,2016
,Tsinghua University,70,73.3,83,58.8,100,39.5,39763,13.7,0.10,2016
,Wageningen University and Research Center,70,52.6,66.9,87.8,100,70.3,9248,17,0.21,2016
49,Humboldt University of Berlin,69.9,63.7,77,73.6,36.1,62.6,29987,52.5,0.16,2016
50,University of Wisconsin-Madison,69.7,65.1,68.2,86.6,48.5,33,39655,10.8,0.11,2016
51,Brown University,69.6,62.8,55.7,96.4,31.4,57.8,8653,10.1,0.19,2016
52,Australian National University,69.5,54.7,77.3,72.3,48,93.3,14604,19.2,0.35,2016
53,Technical University of Munich,69.4,61,66,80.1,99.2,63.8,35565,31.5,0.20,2016
54,École Normale Supérieure,69,70.6,47.7,87.1,37.1,85.5,2400,7.9,0.20,2016
55,Nanyang Technological University,68.2,48.4,61.3,85.6,99.9,94.6,25028,16.2,0.33,2016
,University of Manchester,68.1,58.4,66,77.3,42,87,34938,15.3,0.34,2016
,University of Sydney,68.1,54.3,68.1,77.5,72.4,84.4,41868,20.2,0.28,2016
58,University of Amsterdam,67.8,52.2,64.7,87.4,62.8,66.5,24570,14.4,0.11,2016
59,Hong Kong University of Science and Technology,67.2,49.4,66.1,82.6,68.1,80.5,11385,23.8,0.36,2016
,The University of Queensland,67,49.2,62.8,82.4,76.7,89.3,34718,32.7,0.27,2016
,Washington University in St Louis,67,54.3,55.6,99.2,33.5,44.9,12528,5.7,0.17,2016
62,Utrecht University,66.6,48.1,64.3,88.1,89.1,55.8,30779,15.4,0.07,2016
63,University of North Carolina at Chapel Hill,66.4,58,54.5,95.9,39.4,39,26518,7.3,0.08,2016
64,Boston University,66.1,57.8,49.5,97.7,30.3,51,24789,8.6,0.17,2016
,Delft University of Technology,65.9,55,73.8,61.5,100,84,15920,19.4,0.25,2016
,University of Minnesota,65.9,53.5,61,88,98.5,35.3,46825,18,0.13,2016
67,Leiden University,65.7,50.5,63.1,85.2,49.8,64.3,21222,17.1,0.10,2016
68,University of Southern California,65.5,49.3,58.9,93,38,56.3,36534,12.9,0.20,2016
69,University of Bristol,64.3,47.6,51.6,91.2,40,82.4,17906,14,0.25,2016
70,Durham University,63.6,47.9,51.9,87.7,34.4,86.4,15489,15.7,0.24,2016
71,Erasmus University Rotterdam,63.5,37.2,55.2,95.6,54.6,76.1,20580,18.9,0.18,2016
72,Free University of Berlin,63.2,57.9,72.2,60.2,35.1,69.2,33062,39.3,0.20,2016
73,Monash University,62.5,48.1,58.5,73.3,79.7,87.6,50882,40.5,0.36,2016
74,University of Groningen,62.4,43.3,56.9,84,92.4,63.9,24556,25.6,0.12,2016
75,Pennsylvania State University,62.3,50.4,61.9,80.5,56.2,40.8,44501,12.4,0.12,2016
,University of Glasgow,61.9,41.6,48.3,92.3,31.6,85.8,22616,16,0.29,2016
,University of Helsinki,61.9,48.4,60.4,82.1,31.6,51.8,23505,15.1,0.06,2016
78,University of Tübingen,61.7,47,59.8,79.3,59.2,58.2,28327,38.9,0.12,2016
79,University of Pittsburgh,61.5,50.6,50.3,92.3,39.3,33.9,26485,5.8,0.10,2016
80,University of Warwick,61.3,47.4,53.1,78.2,37.7,90.3,18529,16.6,0.37,2016
81,Uppsala University,61.2,44.1,61,80.9,39.5,59.6,25266,18.2,0.12,2016
,University of Copenhagen,61,49.8,42.7,86.2,45,83.3,27545,4.1,0.19,2016
,University of New South Wales,61,40.7,53.9,82.1,50,89.5,38309,25.9,0.33,2016
84,University of Freiburg,60.7,47.4,51.1,80.5,100,60.3,26467,31.2,0.16,2016
85,Seoul National University,60.5,66.5,70.5,50,85.4,30.9,26389,13.9,0.10,2016
86,University of St Andrews,60.4,49.7,47.3,78.8,30.6,92.3,8338,12.7,0.47,2016
87,Vanderbilt University,60.1,47.8,44.2,95.7,63.2,29.1,12161,3.6,0.10,2016
,Kyoto University,59.9,70.6,69.3,46.6,79,26.1,22809,5.6,0.07,2016
,Maastricht University,59.9,37.5,47.7,82.7,95.4,95.5,15626,18.9,0.48,2016
,Emory University,59.7,48.3,37.1,96.7,48.9,51,12338,4.5,0.18,2016
,Lund University,59.7,39.7,53.6,81.3,70.4,74.1,28251,11.5,0.15,2016
,Ohio State University,59.7,51.6,46.6,83.2,53.1,53,51462,13.4,0.12,2016
93,University of Exeter,59.5,39.4,40,94.3,31.9,87.3,17755,18.8,0.28,2016
,University of Bonn,58.8,45.1,47.5,85.3,-,63.6,32474,70.4,0.13,2016
,Georgetown University,58.8,54.4,39.3,82.5,80.7,52.7,15408,8.5,0.14,2016
,McMaster University,58.8,39.8,44.8,84.9,88,76.1,23823,19.3,0.15,2016
97,University of Sheffield,58.6,42.4,48.8,80.1,43.4,81.9,23311,15.5,0.31,2016
98,Queen Mary University of London,58.5,34.1,41.3,93.3,36.8,93.5,14260,14,0.40,2016
,University of Göttingen,58,49.3,54.5,72.7,31.8,56.4,25581,25.6,0.12,2016
,Michigan State University,58,47.3,52.6,76.8,32.2,56.4,44750,15.7,0.15,2016
,University of Basel,57.9,39.5,33.1,88.3,99.9,94.7,12551,17.3,0.24,2016
,École Polytechnique,57.9,53.5,44.6,64.7,82.3,92.8,2429,4.8,0.30,2016
,Rice University,57.9,37.9,35.1,99.7,41.7,66.6,6333,9,0.26,2016
,Dartmouth College,57.8,50.7,35.8,93.3,40.8,38.3,6178,6.6,0.16,2016
,University of Zurich,57.8,49.5,31.5,85.4,44,90.4,26583,6.5,0.19,2016
,Aarhus University,57.7,36.9,50.7,79.8,68.3,76.8,23895,13.6,0.14,2016
,"University of California, Irvine",57.7,39.9,41.8,91.6,48.9,59.2,26614,16.1,0.16,2016
,University of Mannheim,57.7,34.5,47.7,86.9,85.3,64.6,11761,85.8,0.15,2016
108,University of Notre Dame,57.6,47.6,48.1,81.7,33.7,47.6,11829,13.8,0.10,2016
109,University of Western Australia,57.5,33.4,46.1,83.6,64.5,92.6,20851,20.7,0.27,2016
,RWTH Aachen University,57.2,49.4,56.3,63.2,98.1,54.1,37917,27.6,0.16,2016
,University of Southampton,57.2,39.8,43.6,82,37.5,88.4,20925,13.5,0.29,2016
112,Scuola Normale Superiore di Pisa,57.1,54.2,53.1,67.2,52,46.3,462,16.5,0.05,2016
,University of Montreal,57,46.3,45.5,69.6,92.6,84.2,38264,20.3,0.25,2016
,Pierre and Marie Curie University,57,52.8,32.7,82.9,37.4,74.1,27862,8.7,0.18,2016
,Purdue University,57,50.2,57.7,63.2,-,66.4,39256,18.1,0.22,2016
116,Pohang University of Science and Technology,56.9,49.1,47.1,76.7,100,33.7,3055,10.1,0.04,2016
117,"University of Maryland, College Park",56.7,45,42.1,88.2,32.3,43.5,31331,8.4,0.09,2016
118,Ghent University,56.6,42.1,54.5,71.2,88.3,54.2,32166,34.1,0.09,2016
119,University of Birmingham,56.2,39.4,41.8,82.7,34.7,82,25295,16.4,0.23,2016
,University of Bern,56.1,40,42.5,76.6,82.9,83.7,14708,22.5,0.14,2016
,University of Cape Town,56.1,34.9,38.7,85.6,92.7,80.2,20040,12.1,0.18,2016
,University of Florida,56.1,51.8,56.8,67.7,-,33.3,50095,18.7,0.09,2016
,University of Erlangen-Nuremberg,56,51.7,39.7,75.2,99.4,47,36146,53.9,0.09,2016
,"Rutgers, the State University of New Jersey",56,43.9,55.7,75.4,35.9,34.7,37032,17.3,0.08,2016
,University of Münster,55.9,40.3,44.1,85.6,58.2,46.3,39838,46.1,0.08,2016
,Radboud University Nijmegen,55.9,34.3,48.5,84.9,39.2,60.9,17713,13,0.10,2016
,University of Colorado Boulder,55.8,39.7,37.6,96.4,35.7,36.6,29325,16.1,0.08,2016
,Tufts University,55.8,45.2,33.3,90.1,60.7,49.4,10410,10,0.14,2016
129,"Royal Holloway, University of London",55.7,35.1,33.2,91.2,34.4,92.7,8747,15.9,0.37,2016
130,Lancaster University,55.6,34,41.4,85.3,33.6,87,11512,14.9,0.33,2016
,University of Geneva,55.4,34.9,40.5,78.5,72.4,98.5,15668,15,0.39,2016
,University of York,55.4,41.9,46.3,73.1,31.1,83.5,,,,2016
,Case Western Reserve University,55.3,46.1,33.2,92,34.1,40.5,9259,6.4,0.17,2016
,University of Leeds,55.3,43.7,39,79.2,36.7,77.4,27703,14.7,0.21,2016
135,University of Oslo,55.1,43.3,44.7,75.5,38.3,68.2,27139,18.8,0.18,2016
136,Stockholm University,54.8,34.1,51.2,82.5,31.1,48.5,31715,23.7,0.08,2016
137,University of Alberta,54.7,46.4,48.1,63.6,47.4,80.7,36299,21.6,0.23,2016
,Chinese University of Hong Kong,54.5,41.5,48.5,68.4,37.5,81.1,17916,10.2,0.22,2016
,Karlsruhe Institute of Technology,54.5,37.7,47.5,73.8,99.5,56.7,25294,24.6,0.16,2016
140,University of Sussex,54.4,33.4,37.2,86.1,30.6,88.3,12001,17.4,0.35,2016
141,University of Massachusetts,54.3,40.2,36.3,88.1,52.2,48.9,56959,13,0.11,2016
142,University of Vienna,54.2,40.8,50.5,63.6,30.2,92.6,34651,20.5,0.25,2016
143,University of Nottingham,54.1,40.3,39,77.5,39.8,80.6,30144,15,0.27,2016
,"University of California, Santa Cruz",53.9,31.1,34.2,99.9,36.1,45.6,17404,22.7,0.01,2016
,University of Lausanne,53.9,30.9,45.6,76.2,56,89.2,11964,13.1,0.22,2016
146,Autonomous University of Barcelona,53.8,40.3,40,83.8,34.9,50.3,30538,12.3,0.10,2016
147,University of Virginia,53.3,38.8,37.5,87.3,37.9,43.4,23845,10.2,0.12,2016
148,Korea Advanced Institute of Science and Technology (KAIST),53,43.3,40.5,75.9,100,33.9,9027,10,0.09,2016
,University of Adelaide,52.9,32.8,43.2,72.4,79.3,85.1,20771,30.1,0.26,2016
,University of East Anglia,52.9,31.9,28.7,92.7,28.5,83.5,14992,14.7,0.28,2016
,University of Twente,52.9,34.1,45.6,68.8,91.2,80.1,6631,12,0.26,2016
153,Sungkyunkwan University (SKKU),52.8,51.4,53.5,53.8,97.5,36.7,24365,20.3,0.09,2016
154,VU University Amsterdam,52.5,28.4,37.1,90.7,60.1,54.9,23280,16.3,0.06,2016
155,KTH Royal Institute of Technology,52.4,39,44.3,63.9,78.1,84.4,12062,14.6,0.21,2016
156,University of Cologne,52.3,42.2,38,75,68.5,53.1,43280,43.4,0.11,2016
157,University of Liverpool,52.2,32.8,30.9,85.9,36.6,85.4,18815,13.6,0.30,2016
,TU Dresden,52.1,41.4,45.8,66.1,99.7,47.7,35487,37.4,0.12,2016
,University of Rochester,52.1,39.7,27.9,89,37,55.8,9390,4.5,0.26,2016
160,Trinity College Dublin,52,41.9,30.8,75.8,28,90.5,15521,18,0.25,2016
,Lomonosov Moscow State University,51.9,75.4,66.7,8.6,95.7,57.8,30822,7.7,0.20,2016
,University of Miami,51.9,41.7,22.3,90.1,35.5,64,15286,5.7,0.14,2016
163,University of Arizona,51.7,38.7,41.8,79.5,32.4,38.6,36429,12.7,0.08,2016
,Pompeu Fabra University,51.2,32.9,28,90.7,37.2,63.3,10901,18.3,0.13,2016
,University of Reading,51.2,39.3,37.3,69.9,34.2,85.1,12050,14.8,0.28,2016
,Yeshiva University,51.2,44.8,23.7,92.8,-,28.5,6753,5.5,0.07,2016
,"University of California, Riverside",51.1,27.5,33.3,91.2,42.5,59.5,20626,22,0.12,2016
,University of Leicester,51.1,32.1,27.8,86,31.7,86.6,14541,13.4,0.35,2016
,National Taiwan University,51.1,54.1,58,47.3,49.6,27.7,31891,11.9,0.07,2016
,Technical University of Denmark,51.1,37.3,29.9,77.8,50,85.1,9990,5,0.18,2016
,Université Catholique de Louvain,51.1,38.7,40.6,68.4,51,74.2,28856,42,0.19,2016
,University of Aberdeen,51,29.7,31.4,82.6,43.1,91.4,12938,15.8,0.33,2016
,University of Auckland,51,31.4,39.5,69.8,78,90.5,29787,18.9,0.28,2016
174,University of Barcelona,50.9,38.5,37.4,78.9,31.1,49.2,47491,12.2,0.10,2016
175,University of Konstanz,50.8,38.5,46.7,61.9,92.4,58.3,10930,59.1,0.12,2016
,Eindhoven University of Technology,50.6,34.3,41,70.7,57.3,71.3,8176,16,0.14,2016
,University College Dublin,50.6,35,38.5,70.8,33.5,86.3,22193,24.5,0.23,2016
178,Hebrew University of Jerusalem,50.5,45.8,41.4,64.6,31.9,55.6,17612,10.7,0.05,2016
179,University of Waterloo,50.3,35.4,43.9,66.5,39.5,74.4,30726,24.2,0.14,2016
,University of Gothenburg,50.2,28.5,39.8,81.8,30.3,58.3,26420,16.4,0.12,2016
,Scuola Superiore Sant’Anna,50.2,42.5,23.2,84.5,71.2,45.2,769,8.5,0.17,2016
,University of Bergen,50.1,32.5,31.5,82.4,36.2,70,11623,11.1,0.12,2016
,Cardiff University,50.1,30.9,31.6,82,34.6,78.1,23347,13.1,0.23,2016
,University of Utah,50.1,35.6,35.3,83.7,57.4,30.1,25674,16.9,0.09,2016
,Brandeis University,49.9,28.3,25.7,97.3,38.6,47,5495,12.6,0.22,2016
,University of Dundee,49.9,25.6,26.9,90.2,49.5,78.5,11628,15.3,0.25,2016
,University of Würzburg,49.9,34.6,35.8,79.1,47.9,50.9,26576,38.4,0.08,2016
188,Paris-Sud University,49.8,38.7,29,79.8,28.8,64.2,27603,15,0.17,2016
189,Arizona State University,49.7,32.4,38.1,84.6,32,31.9,83236,29.9,0.09,2016
,University of Antwerp,49.6,31.6,40.8,71.7,60.3,64.8,12346,30.3,0.16,2016
,Boston College,49.6,34.1,29.3,83.3,46.8,60,13216,17.4,0.19,2016
192,Ulm University,49.5,35.2,23.9,86.4,58.4,58.2,9187,11.2,0.10,2016
,University of Luxembourg,49.4,25,26.7,84.8,38.1,99.8,5144,15.9,0.52,2016
,Texas A&M University,49.4,49.4,52.4,47.1,46.4,47.8,50657,21.4,0.09,2016
195,Charité - Universitätsmedizin Berlin,49.3,37.3,22.2,83.8,68.4,61.1,6853,6.6,0.16,2016
,Newcastle University,49.2,30.9,27.5,81.5,34.7,84.3,20174,15.2,0.29,2016
,"St George’s, University of London",49.2,25.6,18.1,100,37.7,69.5,2958,13.4,0.17,2016
198,University of Trento,49.1,30.8,27.4,87.7,47.1,55.9,16841,43.2,0.08,2016
199,Paris Diderot University – Paris 7,48.9,30.5,22.9,91,29,64.9,27756,14.8,0.17,2016
200,Queen’s University Belfast,48.8,34.1,33.3,68.9,35.7,93.4,17940,17.9,0.30,2016
,Aalborg University,-,25.1,28.4,73.8,43.7,71,17422,15.9,0.15,2016
,"Birkbeck, University of London",-,33.5,35.1,66.3,28.5,89.9,9454,17.2,0.38,2016
,University of Bologna,-,39.3,29.5,73,34.5,39.9,85532,22.9,0.07,2016
,University at Buffalo,-,36.5,37.9,62,43.8,60.6,25668,19,0.19,2016
,University of Calgary,-,33.9,36.7,67.8,52,70.1,28341,16.5,0.17,2016
,Chalmers University of Technology,-,36.6,35.3,52.2,79.5,77.6,8605,11.6,0.15,2016
,City University of Hong Kong,-,32.1,26.7,76.8,50.1,81.6,10015,7.1,0.28,2016
,Copenhagen Business School,-,19.3,26.5,79.4,35.3,88.5,18293,42.7,0.19,2016
,Dalhousie University,-,30.4,29.4,65.2,50.3,78.3,15064,14.4,0.18,2016
,University of Duisburg-Essen,-,32.3,27,81.3,82.3,48.5,36051,46.6,0.11,2016
,École Normale Supérieure de Lyon,-,41.6,30,69,31.7,65.6,2218,8,0.14,2016
,Florida State University,-,38.5,40.1,64.7,32,41.6,41226,31.8,0.07,2016
,University of Fribourg,-,32.3,32.9,64.1,60.8,87.4,10416,46.9,0.19,2016
,Fudan University,-,44.7,30.4,61.1,28,38.6,32175,12.2,0.11,2016
,George Washington University,-,44.7,23.5,65.7,29.5,48.1,20541,12,0.16,2016
,Goethe University Frankfurt,-,35.8,28.6,79.3,38.1,60.2,31861,9.3,0.15,2016
,University of Hawai’i at Mānoa,-,32,35.5,67.7,44.7,63.4,,,,2016
,Hong Kong Polytechnic University,-,29.3,35.2,63.3,45.1,79,22064,25.9,0.26,2016
,University of Illinois at Chicago,-,40.9,29.2,63.2,38,58.1,24313,9.2,0.17,2016
,Indiana University,-,43,27.3,74.8,-,41.2,62468,13.6,0.13,2016
,University of Iowa,-,41,26.7,73.5,54.1,32.3,27526,11.6,0.11,2016
,Johannes Gutenberg University of Mainz,-,34.9,21.7,72.6,70.7,53.3,35609,32.6,0.10,2016
,Joseph Fourier University,-,34.2,21.6,83.2,31.6,58.6,16130,12.1,0.13,2016
,University of Kiel,-,32.3,20.5,89.5,-,49.4,24444,23.8,0.08,2016
,Laval University,-,37.5,31.7,62.2,57.5,63.8,27227,16.2,0.12,2016
,Medical University of Vienna,-,26.6,14.6,89.1,33.9,81.7,7426,2.9,0.28,2016
,Northeastern University,-,35.5,20.6,84,32.9,58.7,18539,15.1,0.26,2016
,Oregon Health and Science University,-,27.8,15.7,96,44.6,21.4,2838,1.1,0.03,2016
,University of Otago,-,30.7,30.5,74.9,31.5,89.9,18600,20.3,0.21,2016
,University of Ottawa,-,37.1,36.7,61.5,41.5,69.9,36733,26.3,0.15,2016
,Paris Descartes University,-,24.6,28.8,83.3,29,49.1,34691,26.9,0.15,2016
,Peter the Great St Petersburg Polytechnic University,-,30.8,17.8,97.4,42.5,29.6,17155,7.2,0.08,2016
,Polytechnic University of Milan,-,30.1,31.7,76.3,66.3,48.8,30025,22.2,0.12,2016
,Royal Veterinary College,-,26,27.8,74.9,45.5,81.7,1819,10.9,0.18,2016
,Rush University,-,37.7,17.4,88.9,45.4,21.8,1855,2.1,0.05,2016
,Sapienza University of Rome,-,38,37.3,61.5,32.6,34.7,120986,32.3,0.07,2016
,University of Science and Technology of China,-,46.7,36.6,67.2,80.3,21.4,14290,7.9,0.02,2016
,University of South Florida,-,24.8,35.7,73.4,99.8,45.1,31424,21.5,0.10,2016
,Stony Brook University,-,32.6,22,83,33.4,53.2,21908,10.9,0.24,2016
,University of Stuttgart,-,40,44.5,55.7,99.8,52.7,24099,45.4,0.20,2016
,Swedish University of Agricultural Sciences,-,31.5,32.8,68.1,99.9,40.1,3879,4.6,,2016
,Technical University of Darmstadt,-,37.1,43.2,51.1,99.1,54.4,20300,53.6,0.18,2016
,University of Technology Sydney,-,27,35.1,66.9,42.3,90.1,24519,44.1,0.31,2016
,Tel Aviv University,-,41,50.5,49.2,42.9,47.5,23977,24.4,0.04,2016
,University of Texas at Dallas,-,24.3,26.7,86.8,41.8,52.3,16306,22.8,0.23,2016
,Tilburg University,-,34.1,47.1,51.5,57.4,71.6,7576,22.4,0.10,2016
,Tohoku University,-,45.3,42.7,49.4,74.7,29.3,17200,5,0.07,2016
,Tokyo Institute of Technology,-,45.6,47.6,42.2,70.9,31.9,9586,7.3,0.13,2016
,University of Victoria,-,20.6,30,79,36.6,70.2,17581,21.5,0.11,2016
,Wake Forest University,-,34.6,19.5,94.8,42.5,24.2,7326,4.6,0.05,2016
,University of Western Ontario,-,38.6,32.4,59,59.7,73.6,27387,20.7,0.16,2016
,William & Mary,-,38.5,17.5,85,29.1,26.6,7867,11.8,0.07,2016
,University of the Witwatersrand,-,26.2,31.5,76,99.7,68.4,23321,18.6,0.09,2016
,Aalto University,-,31.1,32.8,62.1,61.6,65.4,16099,24.2,0.17,2016
,Aix-Marseille University,-,36.7,22.1,64.9,33.1,63,71749,45.5,0.13,2016
,University of Bath,-,28.9,27.9,56.7,36.3,84.8,12830,18.8,0.30,2016
,Bayreuth University,-,32.2,31.2,60.1,56.4,52.6,12520,35.5,0.08,2016
,Bielefeld University,-,35.2,46.2,49.9,60.9,45.4,21428,67.8,0.08,2016
,University of Bordeaux,-,25.3,22,71.7,30.6,54.6,51239,19.4,0.12,2016
,Charles Darwin University,-,17.8,22.6,85.9,43.2,63.7,5570,25.4,0.15,2016
,Colorado School of Mines,-,28.5,30.3,71.8,83.7,35.5,5287,18.2,0.12,2016
,Colorado State University,-,31.6,33,59.3,41,34.5,26769,19,0.05,2016
,University of Delaware,-,23.7,34,70,98.7,41.6,19262,15.9,0.10,2016
,Flinders University,-,21.4,25.7,69.5,41.7,64.7,15655,22.6,0.15,2016
,University of Georgia,-,41.1,30.5,52.2,30.9,39.2,33119,19.9,0.07,2016
,Griffith University,-,22.5,25.2,66.3,34.6,81.7,30251,22,0.21,2016
,University of Iceland,-,16.2,16.2,91.4,28,61,13960,25.9,0.08,2016
,Indian Institute of Science,-,42.7,47.2,42.4,52.4,16.4,3318,8.2,0.01,2016
,Iowa State University,-,31.2,29.4,61.5,54,35.4,29991,17.4,0.11,2016
,James Cook University,-,19,22.8,81.4,40.7,70.4,11713,21.9,0.11,2016
,Justus Liebig University Giessen,-,32.9,33.9,52.9,46.4,46.8,25682,53.9,0.09,2016
,King Abdulaziz University,-,23.9,11.8,76.6,73.1,93,35889,8.4,0.21,2016
,Koç University,-,21.2,27.1,74.9,82.4,53.5,4488,14.6,0.08,2016
,Korea University,-,43.9,43.4,41.8,99.8,40.2,24043,15.8,0.14,2016
,University of Liège,-,29.1,36.6,46.5,98.9,69.7,20951,25.9,0.23,2016
,Linköping University,-,24.2,18.9,76.8,42.1,57.7,17866,7.7,0.10,2016
,Nanjing University,-,37.2,32.2,54.2,58.6,50.4,29743,13.3,0.10,2016
,National Tsing Hua University,-,37.7,36.6,53,49.5,23.2,10221,13.5,0.05,2016
,"National University of Ireland, Galway",-,27.3,25.4,68.5,41.9,76.5,14067,26.8,0.14,2016
,University of Newcastle,-,27.4,26.5,67.2,64.4,75.9,23508,21.9,0.18,2016
,North Carolina State University,-,36.1,30.5,60,40.7,49,30533,13.6,0.11,2016
,Oregon State University,-,30.6,28.5,63.8,32.1,42.8,22578,16.8,0.09,2016
,Osaka University,-,46.8,45.2,37.4,76.1,26.6,23144,7.8,0.09,2016
,Queen’s University,-,35.8,35.8,54.4,54.2,61.6,20488,22.1,0.10,2016
,Queensland University of Technology,-,28.8,35.6,56,73.7,76,33391,35.8,0.17,2016
,Rensselaer Polytechnic Institute,-,30.4,31.5,65.1,79.6,40.3,6671,15,0.16,2016
,Royal College of Surgeons in Ireland,-,29.9,20.1,65.3,33.9,90.1,2473,15.6,0.63,2016
,Ruhr University Bochum,-,32.8,30,54.4,66.6,51.7,38675,46.3,0.13,2016
,Saint Louis University,-,36.9,10.9,85,29.9,26.6,11919,5.8,0.08,2016
,University of São Paulo,-,59.1,57.1,20.4,30.5,25.3,81402,14.6,0.04,2016
,Simon Fraser University,-,23.2,29.2,72.8,42.3,61.4,26640,28.3,0.19,2016
,University of Surrey,-,31.7,28.9,51.2,34.9,90.4,12063,16.6,0.38,2016
,Syracuse University,-,31.4,20.8,77.1,36.3,38.3,19660,15.9,0.15,2016
,University of Tasmania,-,21.8,25.7,68,42.7,79.1,18340,23.8,0.21,2016
,"University of Tennessee, Knoxville",-,29.5,23.2,81.4,41.3,39.3,24716,17,0.05,2016
,Tomsk Polytechnic University,-,31.6,15.1,82.4,60.2,32.7,11902,6.9,0.17,2016
,Tulane University,-,39.1,19.3,67.8,32.4,35.3,11381,8.4,0.08,2016
,Umeå University,-,20.8,25,74.5,31.1,56.1,16667,11.9,0.07,2016
,Vienna University of Technology,-,34.1,32,54.6,86.5,77.3,26419,52,0.27,2016
,Virginia Polytechnic Institute and State University,-,34.9,38.2,54.2,43.3,29.5,30850,18.6,0.10,2016
,University of Wollongong,-,25.8,28.4,59.3,57.9,86.8,16489,25.4,0.24,2016
,Zhejiang University,-,44.3,46,36.1,96.2,19.6,47508,15.9,0.05,2016
,Aberystwyth University,-,21.6,18.9,67.2,31.3,72.2,9252,19.2,0.18,2016
,University of Alaska Fairbanks,-,25.1,23.1,63,51.2,53.5,3837,8.2,0.07,2016
,Autonomous University of Madrid,-,35.6,30.9,46.9,33,48.6,28296,13,0.15,2016
,Bangor University,-,22.6,22.1,65.4,31,81.3,9567,19.5,0.22,2016
,University of Bremen,-,30.9,32.7,50,46,50,18590,25.6,0.11,2016
,University of Cincinnati,-,31.3,20.4,72.1,35.3,28.3,36108,15.7,0.06,2016
,University of Connecticut,-,35.9,25.6,57,30.9,43.1,25742,13,0.11,2016
,Deakin University,-,22.4,21.9,66.8,30,76.9,32713,30.4,0.17,2016
,University of Essex,-,33.9,33.3,38.6,28.9,93.7,12695,19.8,0.39,2016
,George Mason University,-,29.6,21.2,64.9,29.1,36.9,26622,17,0.07,2016
,University of Greifswald,-,30.1,23.5,61.3,32.6,41.7,10931,24,0.06,2016
,Gwangju Institute of Science and Technology,-,35.2,42,43.7,45.2,36.2,1394,9.6,0.08,2016
,University of Hohenheim,-,30.9,33.8,51.5,52.8,50.3,9163,41.2,0.13,2016
,University of Innsbruck,-,23.6,16.9,67.3,39.9,95.7,18209,16.9,0.39,2016
,Kazan Federal University,-,21.9,12.3,87.5,42.4,25.5,23321,12.2,0.06,2016
,University of Kent,-,24.6,19.1,60.9,28.8,87.2,17638,14.4,0.27,2016
,Leibniz University of Hanover,-,36.5,36.9,39,69.6,43.2,22401,62.7,0.12,2016
,Macquarie University,-,28.5,27.2,52.3,33.1,90,27930,20,0.44,2016
,Medical College of Wisconsin,-,25.4,12.1,85.2,31.8,30.4,1211,0.6,0.05,2016
,University of Milan,-,30.5,24.2,64.8,40.9,37.7,58618,24.3,0.05,2016
,University of Milan-Bicocca,-,24.3,25.5,65.8,46.6,34.3,33370,72.5,0.05,2016
,Montpellier University,-,38.7,16.7,59.5,31.9,54.4,36731,18.4,0.14,2016
,Nagoya University,-,40.8,38.9,40.1,91.4,27.4,15529,7.9,0.10,2016
,University of Naples Federico II,-,24.7,14.8,81.3,47.4,21.1,83653,64.2,0.01,2016
,National Chiao Tung University,-,32.9,45.4,34.2,96.9,32,12646,16.6,0.05,2016
,National Research Nuclear University MePhI,-,43.9,24.1,52.8,28.1,27.5,7801,7.3,0.07,2016
,National Taiwan University of Science and Technology (Taiwan Tech),-,31.7,43.1,39.1,92.2,30.5,7446,17.4,0.11,2016
,University of Navarra,-,31.9,20.8,57.5,63.5,52.6,11259,10.6,0.16,2016
,University of Nebraska-Lincoln,-,30.1,30.2,53.5,35.6,45.8,21789,16.4,0.09,2016
,Örebro University,-,18.3,10.4,87.8,29.8,39.4,8788,15.8,0.02,2016
,University of Oregon,-,21.2,22.7,72.6,30.8,33.5,24418,20.2,0.11,2016
,University of Padua,-,25.7,22.6,74.6,32.6,37.9,62577,18.3,0.04,2016
,University of Pavia,-,25,22.5,65.1,69.4,40.5,22958,40.6,0.06,2016
,Plymouth University,-,19.3,18,75.2,28.5,64,24121,25.9,0.13,2016
,Shanghai Jiao Tong University,-,37.8,45.2,34,92.9,27.5,38191,12.8,0.06,2016
,University of Southern Denmark,-,19.2,14.7,79.7,28,71.8,22210,12.7,0.16,2016
,Stellenbosch University,-,28.2,35,46.9,100,49.8,21849,23,0.08,2016
,University of Strasbourg,-,25.5,23.4,64.4,32.8,71.6,46208,17.8,0.21,2016
,Technical University of Dortmund,-,34.2,29.8,55.3,48.6,40.8,29143,88.9,0.10,2016
,Technion Israel Institute of Technology,-,30.8,33.3,52.1,28.8,61.9,13855,19.4,0.04,2016
,Toulouse 1 Capitole University,-,18.6,35.7,56.3,32.5,66.7,19011,43.8,0.19,2016
,University of Trieste,-,26.5,18.5,74.1,32.3,47.3,18135,25.8,0.09,2016
,University of Turin,-,27.4,22.3,67.5,54.2,38.8,67552,66,0.06,2016
,University of Turku,-,27.1,21.2,65.8,31.2,66.2,12326,14.6,0.05,2016
,Vrije Universiteit Brussel,-,28.7,24.5,56.8,77.1,64.5,9020,17.1,0.16,2016
,VŠB - Technical University of Ostrava,-,18.8,15.7,85.5,32.1,22.3,14991,23.9,0.05,2016
,Yonsei University,-,37.2,34.1,39.4,75.9,41.5,24774,11.6,0.14,2016
,York University,-,30.2,30.8,49.1,33.2,58.2,48007,39.4,0.09,2016
,Bilkent University,-,22.6,17.5,64.1,30.2,47.5,,,,2016
,"Binghamton University, State University of New York",-,22.7,17.4,62,34,53.6,15799,23.3,0.14,2016
,University of Crete,-,18.6,19.2,73.6,34.5,47,14650,26.9,0.05,2016
,University of Cyprus,-,18,28.5,56.7,30,74.7,6880,22.9,0.08,2016
,Drexel University,-,31.2,14.6,57.7,36.3,46.3,20713,10.8,0.18,2016
,University of Eastern Finland,-,24.8,20.7,65.1,33.3,46.1,10798,17.3,0.06,2016
,University of Florence,-,21.7,20.4,72.1,35.9,38.5,54290,17.2,0.07,2016
,University of St Gallen,-,25.8,11.2,53.5,41.8,97.6,6848,10.8,0.34,2016
,Graz University of Technology,-,26,15.8,52.9,77.2,69.3,7542,12.5,0.16,2016
,University of Guelph,-,28,34.2,44.4,47.4,53.6,21643,28.3,0.04,2016
,Hanyang University,-,33.9,32.6,31.1,87.9,54.3,16729,10.4,0.19,2016
,Hong Kong Baptist University,-,22.6,12.1,67.9,28.8,75,10441,11,0.25,2016
,University of Houston,-,34.9,26.5,52,42.3,33.9,40325,43.7,0.09,2016
,Indian Institute of Technology Bombay,-,37.8,28.6,48.5,42.3,17.7,8327,14.9,0.01,2016
,Instituto Superior Técnico Lisboa,-,22.2,25,59.8,38.8,43.7,11778,16.9,0.09,2016
,University of Jyväskylä,-,28.2,25.5,55.5,34.2,47.1,9703,15.2,0.05,2016
,La Trobe University,-,27,28.5,45.4,43.7,78,22037,29,0.27,2016
,Loughborough University,-,31.2,32.2,41.3,36.6,72.9,13951,15.9,0.22,2016
,University of Manitoba,-,27.1,26.9,49.7,41.8,57.8,28576,27.8,0.11,2016
,University of Missouri,-,31.2,21,60.2,31.1,31,29885,14.1,0.05,2016
,University of Modena and Reggio Emilia,-,18.7,15.6,72.9,32.3,34.2,19693,25.3,0.06,2016
,University of Montana,-,30.8,13.6,65.5,31,21.5,12470,15.2,0.03,2016
,"National University of Ireland, Maynooth",-,24.6,22.8,50.2,36.6,75.6,7653,28,0.11,2016
,University of Nebraska Medical Center,-,37,13.3,64.4,33.6,37.7,2857,2.6,0.08,2016
,University of New Mexico,-,25.6,15.4,74.5,37,28.6,,,,2016
,Norwegian University of Science and Technology,-,16.3,25.8,59.8,51.8,59.9,17381,13.9,0.09,2016
,University of Oulu,-,23.1,15.9,62.3,30.9,56.9,14056,8.5,0.06,2016
,Panthéon-Sorbonne University – Paris 1,-,53.2,47.6,6.8,28.3,47.6,42215,34.3,0.20,2016
,Polytechnic University of Turin,-,23.7,18.6,65.9,42.5,50.6,27709,19.6,0.16,2016
,University of Rome III,-,23.1,21,64.8,37.5,35.9,36353,61.2,0.05,2016
,Sabancı University,-,22.3,32.3,52.8,70,42.7,2739,15.9,0.06,2016
,San Diego State University,-,20.3,27,62.7,29.3,25.9,27420,31.7,0.05,2016
,University of South Australia,-,26.4,26.7,41.2,85.9,89,18971,26.2,0.32,2016
,University of South Carolina,-,31.1,21.5,58.7,30.3,24.5,29336,16.3,0.01,2016
,University of South Dakota,-,29.3,12.1,70.4,28,17.1,8003,17.1,0.02,2016
,State University of Campinas,-,44.6,42.3,22.6,49.4,21.1,27095,15.3,0.03,2016
,University of Stirling,-,22.6,23.5,59.1,30.4,77.7,7828,15.9,0.22,2016
,Sun Yat-sen University,-,31.9,24.6,45.7,79.4,37,51351,16.6,0.08,2016
,Swansea University,-,22.2,23.8,58.2,32.7,72.4,12801,17.1,0.20,2016
,Swinburne University of Technology,-,21.5,20.2,53.4,32.2,84.8,20314,36.5,0.33,2016
,University of Tartu,-,23.8,22.8,64.2,31.5,46.1,10269,13,0.03,2016
,Temple University,-,34,18.2,58.3,41.6,28.6,33268,13.3,0.05,2016
,University of Texas at San Antonio,-,18.1,16.6,74.9,28.6,29.6,27520,26.9,0.06,2016
,UiT The Arctic University of Norway,-,26.5,18.7,58.8,36.8,66.1,10398,12.2,0.10,2016
,Université Libre de Bruxelles,-,26.1,28.3,47.9,39.1,84.5,23819,26.1,0.32,2016
,Lille 2 University – Health and Law,-,15.1,9.5,81.7,31.5,39.4,26894,38.5,0.08,2016
,University College Cork,-,28.6,23.8,48.4,47.1,75.5,15805,22.3,0.15,2016
,Verona University,-,23.6,13.1,76.1,36.6,38.3,25250,19.7,0.07,2016
,Victoria University of Wellington,-,26,28.7,44.3,45.6,88.8,17142,21.1,0.21,2016
,Washington State University,-,29,28.2,49.6,57.1,39.6,24550,18.3,0.07,2016
,Wayne State University,-,31.9,14.2,65.3,41.7,29.6,23065,10.7,0.07,2016
,American University,-,42.2,16.5,41.1,35.9,28.9,11604,12,0.12,2016
,Aston University,-,18.4,20.4,51.9,34.6,92.5,,,,2016
,University of Aveiro,-,24.8,26.5,43.6,40.1,45.9,10791,17.8,0.10,2016
,University of Bari Aldo Moro,-,28.7,21.6,48.8,45.4,31.7,51560,65.1,0.02,2016
,Bar-Ilan University,-,22.6,21.3,42.3,28.9,49.4,17503,16,0.05,2016
,Bournemouth University,-,32,12.6,35.2,28.8,70.6,14907,25.9,0.18,2016
,University of Brescia,-,15.6,14.8,72.3,35.8,36.6,14076,25,0.07,2016
,Brno University of Technology,-,18,14.7,55.8,33.7,35.8,23694,21.3,0.15,2016
,Brunel University London,-,24.8,23.3,39.5,34.7,91.8,12613,17.6,0.38,2016
,Ca’ Foscari University of Venice,-,23.9,27.8,48.9,32.3,38.1,19267,38.3,0.07,2016
,University of Cagliari,-,19.4,13.2,56.8,33.6,32.6,30638,51,0.01,2016
,University of Canterbury,-,23.5,22.5,38.9,52.1,91,12187,16.5,0.20,2016
,Catholic University of the Sacred Heart,-,18.6,11.3,55.4,38.7,39,30304,18.9,0.10,2016
,Charles University in Prague,-,31.5,21.5,41,28.2,52.8,51438,13,0.15,2016
,"China Medical University, Taiwan",-,24,29.4,45,60.4,25.7,7983,15.4,0.08,2016
,City University London,-,23.5,21.2,43.5,28.9,89.6,13053,17.8,0.50,2016
,Claude Bernard University Lyon 1,-,21.3,13.2,66.5,34.5,50.5,35308,16.1,0.11,2016
,University of Coimbra,-,28.3,26.5,42.4,34.8,46.2,22795,19,0.11,2016
,Complutense University of Madrid,-,33.2,27.6,31.2,30.9,39.1,86519,17.5,0.13,2016
,Concordia University,-,19.3,23.4,36.4,30.9,77.4,31017,30.3,0.27,2016
,Curtin University,-,20.1,20.2,44.6,37.8,93.1,30333,17.1,0.38,2016
,Dublin City University,-,26.1,25.2,36.3,51.7,76.7,8546,22.9,0.17,2016
,East China University of Science and Technology,-,24.1,17.1,46.4,64.7,21.7,27140,15.5,0.05,2016
,Ewha Womans University,-,23.9,18.3,50.4,57.6,34.3,17625,14.4,0.06,2016
,Federico Santa María Technical University,-,17.2,10.1,70.5,35.1,54.1,11718,34,0.02,2016
,University of Ferrara,-,17.7,17.2,63.3,35.9,41.8,18882,30.2,0.07,2016
,Florida International University,-,25.7,18.1,49.4,32.7,32.8,32566,25.9,0.07,2016
,University of Genoa,-,27.2,14.2,59.3,42.3,38.8,37373,29.5,0.09,2016
,Georgia State University,-,26.3,19.5,52.9,28.7,29.5,28534,20.4,0.05,2016
,University of Graz,-,24.9,16.3,53.3,29.3,68.9,20584,26.8,0.12,2016
,Heriot-Watt University,-,23.4,22.4,36.4,45.6,90.1,8773,17.8,0.43,2016
,Hokkaido University,-,40.3,32.8,29.3,53.7,27.9,18162,8.2,0.09,2016
,Howard University,-,38.8,11,44.5,-,30.3,10297,6.8,0.05,2016
,University of Hull,-,22.4,16.1,41.1,31.8,73.2,15141,18.7,0.20,2016
,University of Idaho,-,28.3,19.4,40.8,32.4,32,11641,21.5,0.06,2016
,Indian Institute of Technology Delhi,-,35.8,25.8,33.4,62.8,15.5,8371,17.3,0.01,2016
,Indian Institute of Technology Kharagpur,-,33.2,30.5,41.4,31.7,13.3,9928,17.5,0.00,2016
,Indian Institute of Technology Madras,-,34.6,20.7,31.4,88.9,16.1,8234,15.9,0.01,2016
,University of Ioannina,-,14.5,17.7,56.4,32.9,36.9,20825,36.3,0.04,2016
,Iran University of Science and Technology,-,25.9,26,42.3,61.2,12.2,10311,23.9,0.00,2016
,Johannes Kepler University of Linz,-,19.2,13.8,51.6,37.4,58.5,19646,29.1,0.10,2016
,University of Kaiserslautern,-,29.6,22.6,47.5,80.2,44.1,14184,54.4,0.14,2016
,Keele University,-,20,17.6,53,29.3,72.7,8397,15.7,0.20,2016
,University of KwaZulu-Natal,-,20.3,25.7,41.5,38.2,58.6,30572,24.9,0.06,2016
,Kyung Hee University,-,26.1,27.6,39.2,89.4,46.4,24356,17.4,0.14,2016
,Kyushu University,-,36.5,27.5,31.8,83.2,26.4,18925,6.7,0.08,2016
,Lehigh University,-,23.9,15,58.2,38.9,36,6300,11.3,0.15,2016
,Louisiana State University,-,26.8,27.7,37.8,-,26.1,28116,20.1,0.06,2016
,University of Macau,-,18.5,17,49.7,34.9,98.4,8521,14.9,0.31,2016
,Makerere University,-,15.1,10.6,70.7,28,58,37340,29.4,0.09,2016
,Marche Polytechnic University,-,15.2,11,80.2,28,27.3,16589,23,0.04,2016
,"University of Maryland, Baltimore County",-,21.3,18.2,61.3,31.7,28.2,13908,18.1,0.07,2016
,Murdoch University,-,18.7,19.6,51.2,36.5,88.3,16606,32.8,0.43,2016
,University of Nantes,-,19.6,12.2,69.4,-,35.1,33866,22.2,0.11,2016
,National and Kapodistrian University of Athens,-,26.7,16.3,45.8,-,39,63052,32.3,0.09,2016
,National Autonomous University of Mexico,-,42.7,40.2,14.8,63.7,35.9,137378,11.6,0.05,2016
,National Cheng Kung University,-,29.8,40.2,27.2,100,27.7,21234,14.4,0.11,2016
,National Institute of Applied Sciences of Lyon (INSA Lyon),-,27,10.6,41.8,40.3,63.6,6137,8.2,0.31,2016
,National Yang-Ming University,-,41.5,18.5,33.3,30.2,15.8,4496,5.4,0.02,2016
,University of Neuchâtel,-,24.2,14.7,48.2,-,91.4,4358,8.5,0.22,2016
,New University of Lisbon,-,26.9,21.9,38.3,41.3,44.5,18867,17.9,0.07,2016
,University of Nice Sophia Antipolis,-,21.4,16.1,53.7,28.5,79.5,27304,20.3,0.22,2016
,Novosibirsk State University,-,41.4,30.8,26.2,38.2,32.4,7131,7.1,0.13,2016
,The Open University,-,21,13.8,60.3,28.4,51.5,76683,35.9,0.09,2016
,Oxford Brookes University,-,25.7,18.8,42.7,28.4,68.9,14238,18.5,0.25,2016
,University of Palermo,-,15.3,9.1,77.4,28,23.6,43875,22.4,0.01,2016
,University of Parma,-,17.7,16.6,56.4,37.1,36.8,26937,29.1,0.07,2016
,University of Pisa,-,21.6,18.9,64.5,31.4,31.1,47247,18,0.04,2016
,Polytechnic University of Catalonia,-,25.2,14.8,44.7,40.9,63.9,22893,11.7,0.28,2016
,Pontifical Catholic University of Chile,-,28.2,21.3,37,28,52.4,25075,15.3,0.07,2016
,University of Porto,-,32,28.2,37.2,38.7,45.4,32720,18.8,0.09,2016
,University of Portsmouth,-,17.2,10.9,58.2,28.9,79.3,20161,19.1,0.23,2016
,RMIT University,-,24.7,17.7,44.6,37,82.1,29501,18.1,0.25,2016
,University of Rome II – Tor Vergata,-,23.5,17.2,64.5,34.7,36.5,33504,26.5,0.06,2016
,University of Rovira i Virgili,-,20.8,14.8,66.9,30.9,41.5,12533,12.8,0.09,2016
,Saint Petersburg State University,-,47.9,31.4,14.5,29.5,33,20836,5.2,0.07,2016
,University of Salento,-,29.6,13.2,53,36.2,24.5,19959,58.4,0.01,2016
,University of San Francisco,-,34.2,12.9,43.8,28.6,40.1,10788,17,0.17,2016
,University of Saskatchewan,-,30.8,22.4,39.7,62.9,52.9,19028,16.3,0.14,2016
,Sharif University of Technology,-,26.6,30.1,33.7,87.8,15.9,10977,18.7,0.00,2016
,University of Siena,-,23.7,17.8,45.2,33.2,39,18846,23.6,0.05,2016
,Southern Cross University,-,18.9,18.3,53.3,37.7,52.7,9026,32.8,0.15,2016
,State University of New York Albany,-,25.6,35.3,35.5,28,31.4,15387,18.5,0.08,2016
,University of Strathclyde,-,25.9,28,31.8,44.1,71,15705,20.2,0.20,2016
,University of Tampere,-,23.5,13.7,63.7,40,41.9,10045,9.5,0.04,2016
,Tampere University of Technology,-,23.1,17.2,45.5,67.5,54,6147,15.5,0.13,2016
,Tokyo Medical and Dental University (TMDU),-,39.3,18.3,36.6,59.5,23.1,2872,3.3,0.07,2016
,Tokyo Metropolitan University,-,21.6,11.4,72.2,30.9,19.9,9303,9.9,0.04,2016
,University of Tsukuba,-,40,30,33.7,42.9,34.4,15930,12.6,0.16,2016
,University of Ulsan,-,19.5,20.5,54,64.7,18.6,14037,13.3,0.03,2016
,Ulster University,-,19.1,13.2,44.1,29.2,79,19622,15.8,0.15,2016
,Université du Québec à Montréal,-,26.8,24.5,41.6,29.2,42.9,27046,24.7,0.09,2016
,Universiti Teknologi Malaysia,-,26.3,14.6,44.7,31.1,51.7,16270,9,0.13,2016
,University of Urbino Carlo Bo,-,17.2,8.7,66.8,31.2,35,13435,37.4,0.07,2016
,University of Valencia,-,22.7,16.9,49.6,31.3,40.5,58413,15.4,0.09,2016
,University of Waikato,-,19.3,18.2,53.7,30.7,87,10159,17,0.25,2016
,Western Sydney University,-,20.1,24.6,52.3,30.7,54,30704,32.2,0.09,2016
,Wuhan University,-,38.2,26.8,18,97.8,36.7,46227,14.4,0.07,2016
,Xiamen University,-,26.7,15.6,47,-,25,32921,12.3,0.05,2016
,American University of Beirut,-,27.7,11.2,31.9,-,93,7695,8.9,0.25,2016
,Amirkabir University of Technology,-,24.5,25.7,34.8,55.7,7.7,14080,25.6,0.01,2016
,"University of the Andes, Colombia",-,21.2,13.8,31.2,28,51.7,15773,16.9,0.02,2016
,University of Arkansas,-,25.5,17.4,30.3,36.9,25.9,22819,21.2,0.05,2016
,Auburn University,-,30.2,19.4,21,37.2,27.9,22386,17.6,0.04,2016
,Babeş-Bolyai University,-,27.9,12.5,32.1,28.6,35.4,37915,23.5,0.02,2016
,University of the Basque Country,-,18.2,11.9,43.1,30.3,34.9,46373,15.3,0.05,2016
,Bauman Moscow State Technical University,-,44,23.7,3.1,68.1,15.6,18808,4,0.04,2016
,Ben-Gurion University of the Negev,-,25.1,21.3,30.1,28.7,52.9,16695,12.6,0.02,2016
,Blaise Pascal University,-,20.2,2.9,46.9,-,66.6,15619,7.1,0.17,2016
,Boğaziçi University,-,21.2,17.2,45.4,35.5,38.3,11506,25,0.07,2016
,University of Burgundy,-,21.4,8.8,46.3,-,50.9,26612,20.8,0.11,2016
,University of Canberra,-,18.4,19.3,29.8,36.2,54.6,11221,28.6,0.24,2016
,Carleton University,-,19.9,24,32,30.4,61.3,25036,29.8,0.18,2016
,University of Catania,-,19.2,15.9,52.9,29.5,25.3,55859,49.7,0.01,2016
,Central Queensland University,-,20.9,11.4,43.7,32.5,50.8,11452,29.6,0.27,2016
,University of Chile,-,28.3,19.6,30.5,-,44.1,29207,14.2,0.03,2016
,China Agricultural University,-,35.8,24.9,22.6,52.3,17.6,19342,12,0.01,2016
,Chung-Ang University,-,29.9,27.6,17.4,61.3,43.7,13015,17.4,0.17,2016
,Czech Technical University in Prague,-,20.6,9.3,46.5,28.2,25,22751,12,,2016
,De Montfort University,-,16.8,10.1,40.1,28.5,58.4,16812,19.1,0.21,2016
,East China Normal University,-,24.6,14.7,43.3,42,30.6,29623,14,0.11,2016
,Edith Cowan University,-,18.9,16.1,35,34.5,68.7,27491,16.1,0.16,2016
,Federal University of Rio de Janeiro,-,32.4,19.7,18.3,42.9,25.1,52878,12.8,0.02,2016
,University of Granada,-,24.3,14.7,45.8,29.4,36.4,53476,16,0.06,2016
,University of Haifa,-,25.5,29.5,26.2,30.3,34.7,17758,30.8,0.01,2016
,Harbin Institute of Technology,-,29.4,27.3,15.7,99.8,25.6,31658,10.8,0.07,2016
,University of Hertfordshire,-,15.5,9.5,50.5,29.3,78.9,19665,19.4,0.27,2016
,Hiroshima University,-,27.8,18.9,41.7,42.2,22.2,14686,8.2,0.05,2016
,Huazhong University of Science and Technology,-,29.3,22.7,31.6,71.8,17.3,57242,17.7,0.04,2016
,Indian Institute of Technology Guwahati,-,24.3,20.7,42.6,32.3,12.9,4710,14.2,0.01,2016
,Indian Institute of Technology Kanpur,-,33.1,15,31.5,28,16.4,6167,12.2,0.00,2016
,Indian Institute of Technology Roorkee,-,29.7,17.5,37.2,81.4,13.9,8061,18.7,0.01,2016
,Isfahan University of Technology,-,18.1,23,39.5,99.5,17.2,10964,26.5,0.01,2016
,Istanbul Technical University,-,19.2,25.8,26.5,72.1,22.9,34550,16,0.05,2016
,Jadavpur University,-,32.8,22.2,31.8,33.8,7.7,10697,16.1,0.00,2016
,Kanazawa University,-,24.7,14.8,35.5,30.4,18.4,10546,10.4,0.05,2016
,Kansas State University,-,22.9,17.5,39.3,43.1,41.7,21379,15.1,0.10,2016
,Keio University,-,25,17.5,28.5,41.4,22.7,33751,11.9,0.05,2016
,Kent State University,-,18.4,14.2,53.8,28.5,32.4,23122,19,0.08,2016
,King Fahd University of Petroleum and Minerals,-,25.4,16.1,24.4,81.2,84.5,6898,7.1,0.20,2016
,King Saud University,-,20,17.5,22.3,57.4,75.5,40666,13.4,0.07,2016
,University of La Laguna,-,16.9,10,44.8,28.5,44.7,22422,14.9,0.05,2016
,Lappeenranta University of Technology,-,27.1,27.5,20.8,80.3,53,3486,23.9,0.19,2016
,University of Limerick,-,19.8,16.3,36.6,34,76.5,12212,19.8,0.13,2016
,University of Lisbon,-,25.9,18.3,32.4,35.4,46.6,47849,17.5,0.09,2016
,Liverpool John Moores University,-,16.4,11.6,45.9,28.8,62.1,18513,19.8,0.13,2016
,Mahidol University,-,26.8,15.1,28.3,71.6,44.1,27402,7.5,0.03,2016
,Manchester Metropolitan University,-,22.7,10.6,30.8,28.3,57.8,28037,18.2,0.14,2016
,University of Maribor,-,17.1,11.5,42.1,38.7,33.6,14531,17.3,0.04,2016
,Masaryk University,-,21.2,22.9,27.8,28.5,48.9,40898,26.6,0.17,2016
,Massey University,-,23.1,17.1,31.9,35.8,80.5,19101,16.8,0.15,2016
,Memorial University of Newfoundland,-,18.1,15.8,35.6,48.3,53.3,15464,14.6,0.10,2016
,Middle East Technical University,-,29.9,17.3,28.8,60,26.7,25779,22.2,0.07,2016
,University of Minho,-,23.9,20.1,35.3,51.6,43.6,19090,18.8,0.09,2016
,Missouri University of Science and Technology,-,23.5,18.4,28.7,52.8,40.6,7647,15.5,0.12,2016
,Montana State University,-,17.7,21.8,48,43,23.5,12331,17.8,0.04,2016
,Monterrey Institute of Technology and Higher Education,-,23.9,12.7,23.4,75.8,59.6,14353,20.5,0.12,2016
,National Central University,-,26.3,23.2,17.5,75.3,27.1,10915,9.8,0.06,2016
,National Sun Yat-Sen University,-,26.1,33,25.8,44.3,19.7,9336,19.6,0.04,2016
,National Taiwan Normal University,-,26.2,31.3,16.2,81.9,38.1,11072,13,0.19,2016
,National Technical University of Athens,-,20.2,15,36.2,40.3,31.3,14780,26.9,0.07,2016
,New Jersey Institute of Technology,-,18.9,16.6,32.2,32.2,48.5,10646,26.2,0.17,2016
,New Mexico State University,-,19.5,19.2,47.2,34.6,30.5,15035,18.8,0.07,2016
,University of North Carolina at Greensboro,-,18.2,15.3,43.1,28.9,17.4,16446,19.2,0.02,2016
,Oklahoma State University,-,27.5,22.7,33.1,33.7,25.6,21270,21.4,0.07,2016
,Osaka City University,-,26.3,13.4,34.4,40.7,21.3,8604,10.1,0.04,2016
,Otto von Guericke University of Magdeburg,-,22.9,14.4,39.7,37.7,43.9,14104,13.1,0.13,2016
,University of Oviedo,-,19.5,10.8,41.9,34.1,36.2,24210,13.7,0.05,2016
,Palacký University in Olomouc,-,19.2,11.8,42.9,28.7,48.8,18540,11.4,0.09,2016
,Panjab University,-,24.6,8.8,41,28.1,14.1,16691,23.9,0.01,2016
,Paris Dauphine University,-,21.9,11.1,27.6,30.6,69.3,9565,15.4,0.28,2016
,Pontifical Catholic University of Rio de Janeiro (PUC-Rio),-,24.5,24.1,23.1,100,31.3,14300,21.2,0.03,2016
,Portland State University,-,16.8,14.4,43.3,44.6,31.6,20398,22.2,0.08,2016
,University of Pretoria,-,25.6,21.2,17.5,52.4,46,37314,20,0.08,2016
,Pusan National University,-,27.5,24.7,20.4,66.8,32.9,24929,19.7,0.12,2016
,Quaid-i-azam University,-,17.9,9.9,45.6,-,35.4,12688,25.7,0.00,2016
,University of Regina,-,15.6,15.8,34.2,34.4,47.7,11550,22.8,0.12,2016
,Renmin University of China,-,34.7,13.7,30.7,42.5,40.1,24954,12.7,0.06,2016
,University of Rennes 1,-,17.8,10.3,44.7,31.7,53,22186,13.9,0.12,2016
,University of Salamanca,-,26.1,16.9,25.9,31.6,40.8,31035,17.9,0.12,2016
,University of Santiago de Compostela,-,22.9,14.1,46.9,32.3,37.1,29085,15.3,0.06,2016
,Semmelweis University,-,19.6,10.6,41.5,30.7,81.7,12920,10.9,0.25,2016
,University of Seville,-,21.5,14.9,32.6,36.7,32,64931,17.5,0.07,2016
,Université de Sherbrooke,-,25.6,9.5,41.3,29.6,39.8,13438,5.4,0.05,2016
,Soochow University,-,19.2,13.7,45.8,75.3,16,36465,12.9,0.02,2016
,South China University of Technology,-,19.5,22.1,28.1,86.8,17.5,41438,17.7,0.03,2016
,Tallinn University of Technology,-,16.3,15,38.7,44.8,37.9,14061,28.6,0.05,2016
,Tehran University of Medical Sciences,-,51.8,20,9.3,30,14.1,13912,9,0.01,2016
,University of Texas at Arlington,-,20.1,10.1,50.9,33.4,50.3,29396,10.5,0.10,2016
,Tianjin University,-,36.5,34.4,12.2,100,14.7,29693,12.2,0.01,2016
,Tokyo University of Agriculture and Technology,-,34.9,24.1,16.9,39.9,19.4,5865,14.4,0.05,2016
,University of Toledo,-,31.6,13.4,29.9,32.9,37.7,19465,17.5,0.09,2016
,Tongji University,-,28.9,29.2,13.1,63.5,37.2,37394,13.5,0.10,2016
,University of Tulsa,-,29.7,12.9,24.6,71.7,43.8,4597,12.5,0.25,2016
,United Arab Emirates University,-,18.8,14.8,21.7,30.1,95,9221,12.5,0.26,2016
,University of Warsaw,-,26.1,15.8,42.2,28.5,41.6,49292,14.1,0.07,2016
,University of Wisconsin-Milwaukee,-,17.3,13.8,45.5,29,26,22542,18.4,0.05,2016
,Xi’an Jiaotong University,-,28.7,22.5,25.5,70.4,25.8,29863,12.3,0.04,2016
,University of Zaragoza,-,20.1,12.7,49.5,36.7,33.5,31046,11.8,0.05,2016
,University of A Coruña,-,18.3,10,16.6,38.2,23.4,17062,13,0.02,2016
,Adam Mickiewicz University,-,20,11,15.3,28.7,25.7,40633,15.6,0.01,2016
,AGH University of Science and Technology,-,14.2,3.7,35.7,-,17.9,35569,17,0.01,2016
,Ajou University,-,19.5,11.9,23.9,45.7,20,12706,11.3,0.02,2016
,University of Alcalá,-,17.6,11.2,28.3,43.3,50,30812,25.1,0.18,2016
,Alexandria University,-,20.3,8.2,14.1,29.7,33.7,127431,23.3,0.01,2016
,Alexandru Ioan Cuza University,-,24.9,13.6,7,28.2,46.9,25724,33,0.05,2016
,Aligarh Muslim University,-,28.3,10,20.9,29.6,18.7,11197,10.5,0.02,2016
,American University of Sharjah,-,12.4,10.6,13.3,33.3,95.6,5226,14.1,0.82,2016
,Amrita University,-,20.4,5.8,20.7,28,29.6,17273,6.6,0.08,2016
,Anadolu University,-,12.2,22.6,10.9,100,14.3,379231,162.6,0.01,2016
,Andhra University,-,34.8,6.9,1.2,31.3,7.2,10407,20.2,0.03,2016
,University of Antioquia,-,18.1,21.1,14.8,43.6,42,38872,23,0.01,2016
,Aristotle University of Thessaloniki,-,22.6,15,29.5,33.6,36.6,46288,22.2,0.09,2016
,"Asia University, Taiwan",-,14.4,15.9,30.5,38.4,18.3,12119,26.3,0.03,2016
,Athens University of Economics and Business,-,13.4,18.8,31.2,66.5,39.2,13167,57.5,0.06,2016
,Auckland University of Technology,-,17.3,9.8,21.7,28.5,95.6,18981,18.1,0.38,2016
,Austral University of Chile,-,16.7,9.7,14.2,41.1,45.2,13794,17.8,0.01,2016
,Beijing Institute of Technology,-,25.9,21.7,9.1,87.6,16.9,,,,2016
,Belarusian State University,-,20.2,8.7,6,28,48.2,29303,10.6,0.06,2016
,University of Belgrade,-,20.4,13.2,14,45.6,30.5,96968,28.3,0.05,2016
,"Birla Institute of Technology and Science, Pilani",-,18.3,8.3,17.4,29.6,13.7,11837,19.5,0.00,2016
,University of Bradford,-,18.7,15.9,22.7,32.7,79.1,11065,20.5,0.32,2016
,University of Brasília,-,21.9,7.4,10.4,-,24.1,45880,14.5,0.02,2016
,University of Brighton,-,16.7,10.7,20.1,29.4,62.8,16924,19.5,0.19,2016
,University of Bucharest,-,34.3,11.5,9.9,29.5,21.3,31806,24.9,0.02,2016
,Budapest University of Technology and Economics,-,17.1,13.7,21.6,39.7,30.4,22447,22.1,0.04,2016
,Cairo University,-,18.9,11.1,11.9,30.3,31,231941,39.1,0.03,2016
,University of Calcutta,-,34.7,8.7,19.8,29.2,13.1,18511,32.5,0.00,2016
,"California State University, Long Beach",-,11.6,10.4,23.3,-,18.9,29594,32.3,0.05,2016
,Capital Medical University,-,26.3,14.9,16.3,28.8,18.8,11506,7.1,0.03,2016
,University of Castilla-La Mancha,-,18.4,10.3,30.5,29.7,28.6,26381,14.3,0.03,2016
,University of Central Lancashire,-,15.7,9.4,28.2,28.9,54.1,18542,17.5,0.17,2016
,University of Cergy-Pontoise,-,18.7,6.3,13.2,28.6,49.1,17000,9.2,0.11,2016
,Chang Gung University,-,19.3,24.7,27.6,31.9,15.7,7506,12.6,0.00,2016
,Carlos III University of Madrid,-,23.2,17.4,24.8,34.8,44.7,15730,11.4,0.09,2016
,"University of Chemistry and Technology, Prague",-,21.6,12,17.4,38.9,46.3,4699,11,0.19,2016
,Chiang Mai University,-,17.8,9.4,30,32.3,34.9,35617,16.5,0.01,2016
,Chiba University,-,26.9,16.8,24.8,55.3,21,14554,12.3,0.05,2016
,China University of Geosciences (Wuhan),-,21.1,21.4,21.5,64.5,16.1,29483,20.7,0.03,2016
,China University of Petroleum (Beijing),-,23.6,26.6,4,100,15.9,14579,19.4,0.06,2016
,Chonbuk National University,-,19.7,14.7,24.5,33.3,27.2,23270,15,0.03,2016
,Chongqing University,-,19.5,15.5,8.7,73.8,15.5,43955,16,0.03,2016
,Chonnam National University,-,17.5,11.7,29.1,31.4,20.4,35779,18.5,0.03,2016
,Chulalongkorn University,-,23.8,14.1,16.7,37.8,32.8,38719,14.5,0.02,2016
,Chung Yuan Christian University,-,15.9,22.1,17.4,41.9,18.7,15020,30.2,0.03,2016
,Chungnam National University,-,23.2,17.7,13.2,39.9,19.8,18361,17.2,0.03,2016
,Clemson University,-,21.4,19.7,27,35.8,34.6,19198,17.1,0.08,2016
,Comenius University in Bratislava,-,23,10.3,19.6,28,46.9,20879,9.7,0.10,2016
,Coventry University,-,17.1,7.7,18.4,29.1,69.6,21934,14.8,0.35,2016
,Dalian University of Technology,-,22.6,19,23.5,93.3,20.7,34326,15.2,0.02,2016
,University of Debrecen,-,17.3,11.4,20.9,-,49,29714,20.3,0.13,2016
,University of Delhi,-,29.8,10.8,19.1,28.2,15.4,32567,22.9,0.01,2016
,University of Dhaka,-,21.7,7.2,9.6,-,37.2,62716,6.9,0.05,2016
,Dublin Institute of Technology,-,16.1,8.8,20.7,28.1,70.5,13839,18.9,0.25,2016
,Ehime University,-,19.2,11.3,17.5,37.8,20.9,8394,9.9,0.01,2016
,University of Electronic Science and Technology of China,-,20.5,12.9,8.8,28,13.4,21689,9.8,0.00,2016
,Eötvös Loránd University,-,21.3,12.1,30.6,29.3,43,28698,22.4,0.04,2016
,Erciyes University,-,15.5,10.9,18,30.3,17.2,28079,28,0.02,2016
,Federal University of Bahia,-,18.2,8.1,14.3,-,19.7,39861,17.9,0.01,2016
,Federal University of Minas Gerais,-,27.9,15.4,23.1,30.7,21.6,42612,13.5,0.01,2016
,Federal University of Paraná (UFPR),-,24.6,9.6,7,-,15.5,21850,11.2,0.01,2016
,Federal University of Rio Grande do Sul,-,32.6,13.7,16.8,-,18.9,38743,14.8,0.01,2016
,Federal University of Santa Catarina,-,26,12.2,14.2,42.9,21,26078,12.6,0.01,2016
,Federal University of São Carlos,-,29,10.8,11.5,-,16.8,18587,16.9,0.00,2016
,Federal University of Viçosa,-,39.7,14.5,3.9,59,15,13163,11.4,0.03,2016
,Federal University of Lavras,-,25.8,16.4,3,-,14.5,10350,20.9,0.02,2016
,Feng Chia University,-,14.6,13.7,34.4,33.9,21.1,20213,23.9,0.07,2016
,Florida Institute of Technology,-,20.4,13.5,24.6,33.4,62.4,4408,13.7,0.26,2016
,Fu Jen Catholic University,-,14.4,9.8,18.2,47,19.1,25951,22.8,0.04,2016
,Gdańsk University of Technology,-,15.5,9.5,15.2,36.8,16.1,25217,23.3,0.01,2016
,University of Ghana,-,15.6,15.6,19.5,-,48.4,37274,37.5,0.02,2016
,Gifu University,-,25.4,16.9,14.7,32.8,18.5,7318,12.4,0.04,2016
,Glasgow Caledonian University,-,17.1,10.4,24.2,29.9,55,13527,21.6,0.16,2016
,University of Greenwich,-,15.7,9.5,17.7,30,81.8,18096,24.6,0.32,2016
,Hacettepe University,-,21,11.8,19.7,28.2,19.6,39606,20.4,0.04,2016
,University of Huddersfield,-,17.4,5.4,16.5,28,55.2,15436,18.1,0.25,2016
,Hunan University,-,18.3,15,21.2,46.7,14.8,42756,24.7,0.02,2016
,University of Ibadan,-,22.7,11.1,4.6,29.2,26.1,26247,17.1,0.01,2016
,University of Indonesia,-,18.1,8,13.9,40,37.2,43565,15.8,0.00,2016
,Inha University,-,20.7,20,22.5,64.7,23.5,20353,24.1,0.03,2016
,I-Shou University,-,12.8,11.5,13.3,41,24.8,16263,29.9,0.10,2016
,Istanbul University,-,26,23.3,10,100,20,82096,41.1,0.06,2016
,Jagiellonian University,-,24,14.4,30.7,28,33.5,42835,11.5,0.05,2016
,Jilin University,-,28.2,14.4,14.6,42.1,20.3,65605,13.6,0.03,2016
,University of Jordan,-,19,7.7,7.8,28.8,53.7,35577,13.6,0.13,2016
,Jordan University of Science and Technology,-,16.4,6.2,16.4,31.4,62.2,24686,16.4,0.23,2016
,Juntendo University,-,32.3,10.5,24,51.1,16.7,3955,3.7,0.01,2016
,K.N. Toosi University of Technology,-,20.9,18.1,22.5,45.5,7.1,7146,24.6,0.00,2016
,Kaohsiung Medical University,-,20.6,22.2,20.5,33.2,19.9,7009,12.6,0.05,2016
,Khon Kaen University,-,18.2,7.4,19.9,35.7,31.5,39669,16.9,0.01,2016
,King Mongkut’s University of Technology Thonburi,-,18.2,11.4,36.2,70.3,28.5,17791,23.7,0.01,2016
,Kingston University,-,16.9,12.1,26.7,28.5,76.8,20778,20.9,0.34,2016
,Kinki University,-,18.5,7.9,30,33.2,17,31216,11.6,0.02,2016
,Kobe University,-,27.8,15.4,24.3,45.1,21.1,15885,8.4,0.06,2016
,Konkuk University,-,20,19.6,17,36,22.6,26483,23.5,0.06,2016
,Kumamoto University,-,23.4,11.6,28.1,43.1,22.2,10226,7.6,0.05,2016
,Kyungpook National University,-,21.1,16,18.1,34.9,21.7,27152,14.4,0.04,2016
,Kyushu Institute of Technology,-,19.4,12.5,14.2,44.1,20.7,5890,12.1,0.04,2016
,University of Latvia,-,22.6,10.2,20.9,28.3,31.5,15100,26.5,0.03,2016
,Lille 1 University – Science and Technology,-,20,8.6,32.4,31.8,60.3,19599,14.5,0.18,2016
,University of Lincoln,-,17.9,11.9,26.4,29.3,60.5,10665,18.9,0.11,2016
,University of Ljubljana,-,24.9,13.6,24,32.3,34.5,48821,17.6,0.04,2016
,University of Marrakech Cadi Ayyad,-,17.4,6.3,12.1,29.2,42.7,56060,38.7,0.01,2016
,Miami University,-,19.2,15.7,36.1,30.2,24.8,16370,20.5,0.07,2016
,Middlesex University,-,18.5,10.6,25.7,-,81,17753,24.7,0.44,2016
,Moscow Institute of Physics and Technology,-,34.3,16.3,15.5,28,44.4,5395,7,0.12,2016
,University of Murcia,-,19.3,11.7,28,29.5,28.3,31460,15.8,0.06,2016
,Nagasaki University,-,22.8,10.8,14.3,-,21.9,9137,7.2,0.04,2016
,University of Nairobi,-,13.7,9,19.5,28,45.5,72676,47,0.01,2016
,National Chengchi University,-,18.4,12.5,14,31.3,33.1,16867,18.4,0.10,2016
,National Chung Cheng University,-,21.3,20.3,15.7,40.8,14.2,11989,22.9,0.01,2016
,National Chung Hsing University,-,20.2,16.8,24.5,42.5,16.9,15632,20.3,0.04,2016
,National Taipei University of Technology,-,17.8,14.6,16.4,81.3,16,10227,16.5,0.03,2016
,National Taiwan Ocean University,-,18.1,21,18.2,49.3,20.3,8240,20.9,0.05,2016
,National University of Córdoba,-,16,9,12.5,28.6,28.1,108373,38.1,0.02,2016
,National University of Science and Technology (MISiS),-,24.8,17.5,10.8,67.2,33.7,4441,6.7,0.13,2016
,National University of Sciences and Technology,-,21.4,7,35,31.3,31.3,9808,7.8,0.03,2016
,Niigata University,-,21.9,10.1,17.5,33,19.3,12460,8.5,0.03,2016
,Northumbria University,-,17.7,10.9,29.2,29.1,55.1,22750,19.3,0.16,2016
,Northwestern Polytechnical University,-,23.4,15.4,3.5,28,15.2,23056,14.1,0.03,2016
,Nottingham Trent University,-,16.5,8.9,27.3,28.4,52.7,21852,17.4,0.18,2016
,Oakland University,-,18.1,11.9,21.9,30.3,23.3,14584,19.8,0.02,2016
,Ocean University of China,-,18.9,10.7,12.9,50.1,15.6,36205,20.6,0.01,2016
,Ohio University,-,25,14.9,24.6,30.1,33.6,22224,20,0.10,2016
,Okayama University,-,24.3,14.9,25.3,48,20.6,13035,8.6,0.03,2016
,Osaka Prefecture University,-,21.6,10.2,17.5,41.5,17.6,8051,7.5,0.03,2016
,University of Pardubice,-,15.9,11.9,11.1,28.3,23.4,10671,19.8,0.04,2016
,University of Paris North – Paris 13,-,17.5,11.6,36.2,28,46.4,23026,23.4,0.22,2016
,Paris-Sorbonne University – Paris 4,-,31.1,21.3,7.1,28.5,44.2,21580,27.4,0.21,2016
,University of Patras,-,18.5,12.1,28.8,48.3,30.6,29251,40.9,0.04,2016
,University of Pécs,-,19.7,9,23.4,28.4,50.8,21819,15.4,0.10,2016
,Polytechnic University of Valencia,-,20.3,12.7,34.3,43.8,32.9,33172,13.6,0.07,2016
,Pontifical Catholic University of Paraná,-,18.4,6.5,32.2,28,18.6,7741,10.9,0.02,2016
,Pontifical Catholic University of Rio Grande do Sul (PUCRS),-,21.1,10.9,27.6,52.3,18.7,14797,10.1,0.00,2016
,Pontifical Catholic University of Valparaíso,-,18.4,8,10.4,44.3,35.7,13493,10.4,0.00,2016
,Prince of Songkla University,-,15.3,7,22.2,31.6,31,38274,16.1,0.01,2016
,Qatar University,-,9.9,10.3,22.3,55.2,99.9,9583,19,0.42,2016
,Rio de Janeiro State University (UERJ),-,21.7,9.1,12.3,30.8,16.8,28757,10.1,0.00,2016
,Rochester Institute of Technology,-,17.4,13.4,25.1,30.4,29.8,12965,13.5,0.13,2016
,Saitama University,-,18.6,9.6,23.4,29.6,20.6,7469,11.7,0.02,2016
,University of Salford,-,20.8,12.1,21.2,28.8,66.4,16152,17,0.25,2016
,"University of Santiago, Chile (USACH)",-,17.6,11.3,10.2,31,40.4,22739,23.6,0.01,2016
,São Paulo State University (UNESP),-,28,22.6,6.7,40.1,18.7,50594,13,0.05,2016
,Savitribai Phule Pune University,-,38.3,12.4,11.4,29.3,17.3,4858,14.6,0.03,2016
,University of Science and Technology Beijing,-,25.1,22.4,6.9,89.7,15.6,22780,15.1,0.04,2016
,Sejong University,-,18.9,12.2,38.7,35.4,25.2,11704,15.5,0.03,2016
,University of Seoul,-,22.8,17.5,21.4,28.9,18.7,10243,19,0.03,2016
,Shahid Beheshti University,-,20.5,19,11.4,58.9,13.8,17800,24.9,0.01,2016
,Shanghai University,-,19.1,16.1,14.8,45.7,15.8,46044,17.5,0.03,2016
,Shantou University,-,17.6,9.1,28.3,30.7,30.7,9593,13.5,0.00,2016
,Sheffield Hallam University,-,17.3,9.4,20.1,28.6,47,27477,18.8,0.15,2016
,Shinshu University,-,20.8,8.3,22,31.6,20.3,11232,9.6,0.03,2016
,Showa University,-,28.5,7.9,7,-,14,3675,2.5,0.00,2016
,Sichuan University,-,25,18.4,16.1,90.8,15.7,65035,14.5,0.02,2016
,University of Silesia in Katowice,-,17.7,8,20.4,28.1,18.5,32764,17.3,0.01,2016
,Slovak University of Technology in Bratislava,-,23.3,8.6,24.9,33.2,30.6,16400,15.3,0.02,2016
,Sogang University,-,21.5,24.8,20.5,46.8,27.7,10625,24.1,0.07,2016
,Sophia University,-,22,9.4,5.3,29.5,32.8,12799,24.3,0.08,2016
,University of South Africa,-,18.4,11.3,9.4,28.8,28.7,197102,108.5,0.09,2016
,Southern Federal University,-,21.9,8.2,9.2,39.5,17.3,27556,9,0.03,2016
,University of Southern Mississippi,-,21,11.8,20.1,39.9,20.8,14569,18.5,0.03,2016
,University of Southern Queensland,-,18.4,13.1,14.4,28.8,63,13761,29.2,0.21,2016
,Suez Canal University,-,22.6,5.9,16,-,31.6,16817,6,,2016
,Sultan Qaboos University,-,21.3,10.6,16,37.6,71.5,7089,9,0.03,2016
,Suranaree University of Technology,-,21.1,11.6,18.4,38.1,25.9,12650,32.9,0.01,2016
,University of Szeged,-,20,10.5,20.5,33.2,46.9,22684,13.8,0.09,2016
,Taipei Medical University,-,25.7,21.7,19,42.2,26.5,6001,11.1,0.06,2016
,Taras Shevchenko National University of Kyiv,-,27.9,11,4.2,28,28.2,22686,8.2,0.02,2016
,Technical University of Madrid,-,21.8,14.6,24.5,38.3,39.5,41500,13.8,0.11,2016
,University of Tehran,-,26.1,16.9,15.8,-,16.5,53802,27,0.01,2016
,University of Texas at El Paso,-,18.6,18.7,18.4,-,30.4,19123,29,0.07,2016
,Texas Tech University,-,27.9,17.2,22,-,36.8,29512,20.9,0.07,2016
,Tokai University,-,17.9,7.6,15.3,34.4,19.3,29700,12.7,0.01,2016
,Tokushima University,-,25.3,21.6,12.8,59.6,16.8,7519,8.9,0.03,2016
,Tokyo University of Marine Science and Technology,-,27.9,12.4,7.7,57.9,24.5,2597,11.1,0.07,2016
,Tokyo University of Science,-,23,24.1,21.4,37.6,15.4,20243,25.7,0.02,2016
,Tomsk State University,-,34.8,20.8,7.6,44,36.9,10413,9.9,0.12,2016
,Tottori University,-,24.3,10.1,9.6,34.5,16.7,6248,8.2,0.02,2016
,Toyohashi University of Technology,-,22,18.9,15.8,50.3,25.4,2153,9.3,0.09,2016
,Universiti Kebangsaan Malaysia,-,24.3,15.9,10.9,28.4,29.7,24227,11.8,0.12,2016
,Universiti Putra Malaysia,-,25.3,20.9,10.2,34.2,50.1,23883,12.2,0.16,2016
,Universiti Sains Malaysia,-,26.9,16.6,12.4,34.4,44.2,28179,14.8,0.10,2016
,Universiti Teknologi MARA,-,15.2,7.7,18.2,28.3,14.8,69268,16.8,0.00,2016
,Ural Federal University,-,24.8,10.6,16.8,35.6,17.3,28427,10.1,0.03,2016
,V.N. Karazin Kharkiv National University,-,21.7,8.9,1.7,28.8,48.4,14410,9.7,0.22,2016
,University of Vigo,-,18.4,10.5,31.8,38.1,30.7,22793,19,0.03,2016
,Vilnius University,-,18.3,13.6,26.1,41,40.8,19019,14.2,0.04,2016
,Warsaw University of Technology,-,19.4,8.5,40.3,47.4,20.7,34572,14.5,0.03,2016
,Waseda University,-,23.6,14.6,29.4,32.4,29.7,52316,16.9,0.08,2016
,University of West Bohemia,-,16.3,9.7,29.8,32.1,23.1,15639,21.5,0.02,2016
,University of the West of England,-,16.9,11.2,34.6,28.5,48.5,22525,21.4,0.15,2016
,West University of Timişoara,-,16.1,3.9,22.4,-,21,12933,19,0.03,2016
,University of Westminster,-,17.3,11.7,21.1,28.5,81.9,16609,21,0.43,2016
,Xidian University,-,17.9,12.1,8.9,83.7,12.8,31618,16.4,0.02,2016
,Yeungnam University,-,18.6,10.9,26.5,35.4,24.3,21958,15.3,0.03,2016
,Yıldız Technical University,-,14.5,7.6,19.3,44,14.9,31268,28.7,0.02,2016
,Yokohama City University,-,24,10.2,36.4,37.9,16.1,4122,3.7,0.03,2016
,Yokohama National University,-,20.1,16,13.5,40.4,23.3,10117,12.1,0.08,2016
,Yuan Ze University,-,16.2,18.3,28.6,39.8,17.7,8663,20.6,0.04,2016