rank,name,overall_score,teaching_score,research_score,citations_score,industry_income_score,international_outlook_score,number_students,student_staff_ratio,intl_students,year
1,California Institute of Technology,95.5,96.3,99.4,99.7,95.6,59.8,2243,6.9,0.27,2013
2,Stanford University,93.7,95,98.8,99.3,62.4,56.6,15596,7.8,0.22,2013
2,University of Oxford,93.7,89.7,98.1,95.6,79.8,88.7,19919,11.6,0.34,2013
4,Harvard University,93.6,94.9,98.6,99.2,39.9,63.7,20152,8.9,0.25,2013
5,Massachusetts Institute of Technology,93.1,92.9,89.2,99.9,92.9,81.6,11074,9,0.33,2013
6,Princeton University,92.7,89.5,99.4,99.8,79.5,54.5,7929,8.4,0.27,2013
7,University of Cambridge,92.6,91.2,95.6,96.2,59.1,83.6,18812,11.8,0.34,2013
8,Imperial College London,90.6,88,90.9,93,87.5,91.4,15060,11.7,0.51,2013
9,"University of California, Berkeley",90.5,85.1,99.3,99.3,65.4,49.7,36186,16.4,0.15,2013
10,University of Chicago,90.4,89.6,92.9,98.7,-,55.3,14221,6.9,0.21,2013
11,Yale University,89.2,93.2,92.5,94.8,38.2,54.7,11751,4.4,0.20,2013
12,ETH Zurich – Swiss Federal Institute of Technology Zurich,87.8,82.5,92.7,86.6,-,95.7,18178,14.7,0.37,2013
13,"University of California, Los Angeles",87.7,87.3,93.8,95.9,-,42.3,38206,10.3,0.15,2013
14,Columbia University,87,89.7,82,96.1,-,66.1,25055,5.9,0.28,2013
15,University of Pennsylvania,86.6,90,89.4,96.2,43.7,38.1,20376,6.5,0.20,2013
16,Johns Hopkins University,85.6,81.8,85.5,95.3,100,57.3,15128,3.6,0.23,2013
17,University College London,85.5,83.5,88.8,86.8,45.1,89,26607,10.7,0.46,2013
18,Cornell University,83.3,77,92.1,91.8,39.5,53.8,21424,10.2,0.19,2013
19,Northwestern University,83.1,77.6,87.3,98.2,64.4,33.8,18334,13.8,0.15,2013
20,University of Michigan,82.6,76.1,91.4,91.6,53.9,47.6,41786,9,0.16,2013
21,University of Toronto,82.2,79.6,89.4,85.1,42.9,65.1,66198,19.5,0.15,2013
22,Carnegie Mellon University,81.5,71.8,87,95.5,55.9,51.4,11885,13.1,0.35,2013
23,Duke University,81.2,72.3,81.5,97,100,45.8,15172,4.8,0.17,2013
24,University of Washington,79.9,74.7,81.3,97,41.3,39.1,44020,11.8,0.13,2013
25,Georgia Institute of Technology,78.8,70.2,79.5,90.3,74.9,66.3,19967,20.1,0.26,2013
25,University of Texas at Austin,78.8,75.5,80.7,91,57.9,42.1,49427,17.4,0.09,2013
27,University of Tokyo,78.3,87.9,89.9,71.3,59,27.6,26199,5.7,0.10,2013
28,University of Melbourne,77.9,68.4,82.5,83.7,67.6,77.2,40128,23.7,0.35,2013
29,National University of Singapore,77.5,74.4,87.2,67.2,77.4,92.3,31592,15.5,0.34,2013
30,University of British Columbia,77.3,69.1,80.4,84,42.4,82.1,50152,17.6,0.25,2013
31,University of Wisconsin-Madison,76.9,76.1,80.1,88.2,54.8,29.8,39655,10.8,0.11,2013
32,University of Edinburgh,76.1,68.4,71.3,90.8,43.8,78.9,25774,14.1,0.36,2013
33,University of Illinois at Urbana-Champaign,75.8,74.2,84.9,80.8,-,36,42727,18.7,0.20,2013
34,McGill University,75.7,74.4,80.4,75.2,40.3,75.9,31326,13.7,0.23,2013
35,"University of California, Santa Barbara",75.6,56.1,73.5,99.4,100,58.3,22020,27.3,0.11,2013
35,University of Hong Kong,75.6,78.4,85.9,62.1,62.5,81.7,19835,17.6,0.38,2013
37,Australian National University,75.4,68.6,83.5,73.5,39.6,90,14604,19.2,0.35,2013
38,"University of California, San Diego",75.2,63.4,79,96.2,43.9,34.2,27233,6.5,0.11,2013
39,London School of Economics and Political Science,73.1,70.8,80.8,66.5,42.9,87.2,,,,2013
40,École Polytechnique Fédérale de Lausanne,73,62.4,57,95,49.8,98.8,9666,10.5,0.54,2013
41,New York University,72.8,73.8,67.4,89.2,29.5,38.7,42056,6.8,0.19,2013
42,Karolinska Institute,72.4,66.3,75.7,77.3,71.4,64.5,7774,11.5,0.22,2013
42,University of North Carolina at Chapel Hill,72.4,70.4,69.3,90.1,40,32.9,26518,7.3,0.08,2013
44,"University of California, Davis",71.8,67.9,71.6,82.7,52.5,51.7,35364,13.9,0.13,2013
44,Washington University in St Louis,71.8,66,62.8,95.2,-,44.3,12528,5.7,0.17,2013
46,Peking University,70.7,81.5,67.9,64.3,99.9,54.1,40148,8.3,0.14,2013
47,University of Minnesota,70.5,66.1,74,84.7,-,28.7,46825,18,0.13,2013
48,LMU Munich,70.4,65.4,66.5,85.5,42,54.7,35691,15.5,0.13,2013
49,University of Manchester,70.1,65.9,67.7,76.9,43.2,77.9,34938,15.3,0.34,2013
50,Pohang University of Science and Technology,69.4,63.9,63.9,88.2,100,28.8,3055,10.1,0.04,2013
51,Brown University,68.9,63.7,60.3,94.1,29.9,36.9,8653,10.1,0.19,2013
52,Tsinghua University,67.1,74.5,76.4,55.2,99.2,37.2,39763,13.7,0.10,2013
53,Ohio State University,67,66.7,60.9,80.1,49.5,46.3,51462,13.4,0.12,2013
54,Boston University,66.8,65.4,50.9,94.2,30.6,39.2,24789,8.6,0.17,2013
54,Kyoto University,66.8,77.1,74.8,57.8,76.4,26.3,22809,5.6,0.07,2013
56,University of Southern California,66.3,68.4,57.1,81.9,33.5,43.4,36534,12.9,0.20,2013
57,King’s College London,66.2,53.5,59.3,82.8,42.4,86,21394,11.4,0.37,2013
58,KU Leuven,66.1,59.7,71,67.2,99.7,56.6,42503,41.9,0.18,2013
59,Seoul National University,65.9,76.7,81.4,48,81.7,27,26389,13.9,0.10,2013
59,École Normale Supérieure,65.9,61.6,46.9,90.3,47.2,67.3,2400,7.9,0.20,2013
61,Pennsylvania State University,65.8,55,69.2,81.4,59.7,34.9,44501,12.4,0.12,2013
62,University of Sydney,65.7,59.5,70.1,62.9,69.2,83,41868,20.2,0.28,2013
62,École Polytechnique,65.7,56.5,54.7,80.7,75.8,83,2429,4.8,0.30,2013
64,Leiden University,65.1,54,67.1,78.4,46.1,54.8,21222,17.1,0.10,2013
65,Hong Kong University of Science and Technology,64.4,56.9,64.6,68.9,55.6,78.1,11385,23.8,0.36,2013
65,The University of Queensland,64.4,54.4,66.1,69.6,64,77.8,34718,32.7,0.27,2013
67,Utrecht University,64.1,48,64.7,82.4,82.6,47.3,30779,15.4,0.07,2013
68,Korea Advanced Institute of Science and Technology (KAIST),64,69.9,68.9,58.4,100,31.1,9027,10,0.09,2013
69,Purdue University,63.8,59.8,71.9,63.1,-,54.8,39256,18.1,0.22,2013
70,University of Göttingen,63.2,50,52.5,92.5,34.4,51,25581,25.6,0.12,2013
70,Wageningen University and Research Center,63.2,54.9,53.7,73.8,100,79.2,9248,17,0.21,2013
72,Erasmus University Rotterdam,62.9,44.5,64.1,80.2,62,62.8,20580,18.9,0.18,2013
72,University of Massachusetts,62.9,57.1,62.6,77.8,52.8,31.7,56959,13,0.11,2013
74,University of Bristol,62.5,50.1,51.7,85.4,38.7,71.9,17906,14,0.25,2013
75,Rice University,62,49.5,39.3,100,36.5,59,6333,9,0.26,2013
76,University of Pittsburgh,61.7,54.6,55.1,85.2,39.3,29.4,26485,5.8,0.10,2013
77,Delft University of Technology,61.6,59.9,75.1,45.1,99.9,67.7,15920,19.4,0.25,2013
78,Heidelberg University,61.4,61.4,49,75.5,40.7,61.3,28881,24.5,0.17,2013
79,Emory University,61.3,56.7,44.4,90.9,38.3,36.6,12338,4.5,0.18,2013
80,Durham University,60.7,42.3,44.5,93.3,34.3,77.7,15489,15.7,0.24,2013
81,Pierre and Marie Curie University,60.5,59.2,43.5,80.6,28.6,64.4,27862,8.7,0.18,2013
82,Lund University,60.3,43.6,61.3,77.1,34.2,64.4,28251,11.5,0.15,2013
83,University of Amsterdam,60.1,45.6,61.3,75.1,49,57,24570,14.4,0.11,2013
84,University of Montreal,59.8,54,57.9,60.9,95,74.6,38264,20.3,0.25,2013
85,University of New South Wales,59.6,52.6,63.8,56.7,50.5,84.8,38309,25.9,0.33,2013
86,Nanyang Technological University,59.4,45.7,66.9,54.5,99.5,90.5,25028,16.2,0.33,2013
87,Tufts University,59.1,52.6,36.4,94.8,39.4,39.6,10410,10,0.14,2013
88,McMaster University,59,42.3,47.9,81.7,98,66.9,23823,19.3,0.15,2013
89,University of Groningen,58.8,43.8,61,71.6,85.2,49.8,24556,25.6,0.12,2013
89,University of Zurich,58.8,50,41.6,80,38.3,84.1,26583,6.5,0.19,2013
91,University of Colorado Boulder,58.7,42.3,44.4,97.1,-,34.7,29325,16.1,0.08,2013
92,Paris-Sud University,58.6,48,45.9,82.9,28.4,63.9,27603,15,0.17,2013
93,Ghent University,58.4,46.4,56.7,71.3,95.9,49.1,32166,34.1,0.09,2013
94,Michigan State University,58.3,51.8,56.8,73.8,32.6,36.8,44750,15.7,0.15,2013
94,University of Notre Dame,58.3,48.3,39.6,93.5,29.8,41.6,11829,13.8,0.10,2013
96,"University of California, Irvine",58.2,44,47.2,90.3,42.1,35.2,26614,16.1,0.16,2013
97,"University of Maryland, College Park",57.9,44.9,51.4,83.9,32.1,40.4,31331,8.4,0.09,2013
98,University of Arizona,57.7,47,53.7,76.9,83.9,31.3,36429,12.7,0.08,2013
99,Humboldt University of Berlin,57.5,55.4,58.7,59.5,-,57.5,29987,52.5,0.16,2013
99,Monash University,57.5,47.8,60.6,60.9,70,66.4,50882,40.5,0.36,2013
99,"Rutgers, the State University of New Jersey",57.5,50.9,61.3,69.5,35.8,27.9,37032,17.3,0.08,2013
102,University of Rochester,57.2,46,37.8,92.3,39.6,45.9,9390,4.5,0.26,2013
103,University of York,57.1,41.9,43.9,83.4,38.4,71.9,,,,2013
104,Case Western Reserve University,56.9,56.5,42,80.4,-,34.2,9259,6.4,0.17,2013
105,Technical University of Munich,56.8,51.2,42.4,76.5,49.7,61.5,35565,31.5,0.20,2013
106,Uppsala University,56.6,48.6,63.9,58.2,44.1,56.3,25266,18.2,0.12,2013
106,Vanderbilt University,56.6,51.5,40.9,85,53,27.5,12161,3.6,0.10,2013
108,University of St Andrews,56.5,43.2,43.8,76.6,38.9,86.3,8338,12.7,0.47,2013
109,University of Helsinki,56.4,42.8,53,77.7,31.1,48.3,23505,15.1,0.06,2013
110,Trinity College Dublin,56.2,41.9,33.5,88.1,32.8,84.5,15521,18,0.25,2013
110,University of Sheffield,56.2,49.5,46.2,71,41.5,68.1,23311,15.5,0.31,2013
110,University of Sussex,56.2,34.9,39.5,91.1,32.1,76.7,12001,17.4,0.35,2013
113,University of Cape Town,55.8,34.7,45.5,79.7,87.3,75.1,20040,12.1,0.18,2013
114,Eindhoven University of Technology,55.6,44.1,51.8,63.8,100,69.8,8176,16,0.14,2013
115,Maastricht University,55.5,39.7,53.2,62.5,99.1,85.2,15626,18.9,0.48,2013
116,Aarhus University,55.3,35.7,54.6,71.6,69.7,66.4,23895,13.6,0.14,2013
117,Stockholm University,55.2,31.3,43.8,93,32,52.2,31715,23.7,0.08,2013
118,University of Virginia,55,55.9,43,73.5,48.6,27.9,23845,10.2,0.12,2013
119,"Royal Holloway, University of London",54.9,30.5,27.7,99,31.9,92.5,8747,15.9,0.37,2013
120,University of Nottingham,54.8,48.1,50.8,62.8,38.3,70.1,30144,15,0.27,2013
121,University of Alberta,54.7,50.9,53.9,56.6,50.6,67.6,36299,21.6,0.23,2013
122,"University of California, Santa Cruz",54.5,32.1,39.6,99.9,-,32.5,17404,22.7,0.01,2013
122,University of Florida,54.5,52,62.9,56,-,31.2,50095,18.7,0.09,2013
124,Chinese University of Hong Kong,54.4,53.7,63.1,45.1,44.5,62.6,17916,10.2,0.22,2013
124,Dartmouth College,54.4,47.5,35.9,87,38.6,31.5,6178,6.6,0.16,2013
124,University of Warwick,54.4,48.9,50.5,58.8,35.3,80.9,18529,16.6,0.37,2013
127,Radboud University Nijmegen,54,35.7,54.3,73.3,41.7,53.4,17713,13,0.10,2013
128,Free University of Berlin,53.7,53.1,56.5,51.5,32.8,60.9,33062,39.3,0.20,2013
128,Tokyo Institute of Technology,53.7,58,56.1,52,65.3,29.6,9586,7.3,0.13,2013
130,University of Copenhagen,53.6,42.2,40.4,74.3,39.7,73.5,27545,4.1,0.19,2013
130,University of Lausanne,53.6,33,44.8,76.2,45.8,82.7,11964,13.1,0.22,2013
130,University of Southampton,53.6,37.9,38.9,79.2,41.8,77.4,20925,13.5,0.29,2013
133,University of Geneva,53.5,36.2,42.5,73.1,32.4,95.3,15668,15,0.39,2013
134,Indiana University,53.2,48.3,44.2,72.5,-,36,62468,13.6,0.13,2013
134,National Taiwan University,53.2,56.4,65.7,45.5,44,24.6,31891,11.9,0.07,2013
134,University of Utah,53.2,43.3,41.3,81,63.3,25.2,25674,16.9,0.09,2013
137,Hebrew University of Jerusalem,53.1,48.8,55.8,57,33.6,50.3,17612,10.7,0.05,2013
137,Tohoku University,53.1,57.7,55.6,48.9,80.7,32,17200,5,0.07,2013
139,University of Glasgow,53,37.3,40.2,78.1,44.1,69.7,22616,16,0.29,2013
140,KTH Royal Institute of Technology,52.9,47.5,49.7,49.1,100,86.1,12062,14.6,0.21,2013
140,VU University Amsterdam,52.9,40.5,45.1,74.2,58.5,47.1,23280,16.3,0.06,2013
142,University of Basel,52.8,37.1,23.2,87.8,64.2,89.8,12551,17.3,0.24,2013
142,University of Leeds,52.8,41.5,48.6,65.8,41.3,66.6,27703,14.7,0.21,2013
144,University of Freiburg,52.3,48.3,33,72.4,81.1,54.9,26467,31.2,0.16,2013
145,Lancaster University,52.1,37.7,40.9,73.2,31.8,76.2,11512,14.9,0.33,2013
145,Queen Mary University of London,52.1,33.1,30,85.4,42.7,87,14260,14,0.40,2013
147,Osaka University,52,59.5,55.7,46.4,69.6,23.6,23144,7.8,0.09,2013
148,Arizona State University,51.9,38.4,45.2,79.9,31.8,27.4,83236,29.9,0.09,2013
149,Technical University of Denmark,51.7,37.9,30,76.9,98.7,77,9990,5,0.18,2013
150,Boston College,51.6,34.5,33.2,88.7,-,52.4,13216,17.4,0.19,2013
151,Karlsruhe Institute of Technology,51.5,46.3,38.9,63.4,82.9,64.5,25294,24.6,0.16,2013
151,University of Bern,51.5,43,36,69.7,42,77.3,14708,22.5,0.14,2013
153,University of Exeter,51.3,33.2,38.1,78.1,37.1,74.1,17755,18.8,0.28,2013
154,RWTH Aachen University,51.1,45.3,32.4,73.8,63.1,53.9,37917,27.6,0.16,2013
154,"University of California, Riverside",51.1,29.1,32.5,90.3,33.5,62.8,20626,22,0.12,2013
156,Texas A&M University,50.9,46.4,58.3,49.3,45.5,47.2,50657,21.4,0.09,2013
156,Yeshiva University,50.9,51.7,30.1,78.8,-,28.4,6753,5.5,0.07,2013
158,Tel Aviv University,50.5,50.7,59.8,43.7,49.2,39.5,23977,24.4,0.04,2013
158,University of Birmingham,50.5,44.8,46.7,56.3,38.4,69.7,25295,16.4,0.23,2013
158,University of São Paulo,50.5,63,65.7,30.2,40,24.5,81402,14.6,0.04,2013
161,University of Auckland,50.3,34,40.9,64.2,76.6,88,29787,18.9,0.28,2013
162,Stony Brook University,50.2,38.8,29.9,82.9,31.6,52.8,21908,10.9,0.24,2013
162,University of Vienna,50.2,44.3,46.7,52.4,29.1,86.3,34651,20.5,0.25,2013
164,Université Catholique de Louvain,50,38.6,40.5,68.8,34.5,64.3,28856,42,0.19,2013
165,University of Delaware,49.7,30,41.6,76.6,97.7,37.3,19262,15.9,0.10,2013
166,Paris Diderot University – Paris 7,49.6,31.9,27.1,87.9,-,66.8,27756,14.8,0.17,2013
167,University of Texas at Dallas,49.5,32.6,32.2,85.2,40,46.8,16306,22.8,0.23,2013
168,George Washington University,49.4,48.1,28,77.1,30,36.6,20541,12,0.16,2013
169,University of Iowa,49.3,49,40.9,65.7,-,26.4,27526,11.6,0.11,2013
170,École Normale Supérieure de Lyon,49.2,40.8,25.9,79.6,28.9,61,2218,8,0.14,2013
171,University of Bonn,49,40.9,26.1,80.4,-,54,32474,70.4,0.13,2013
171,University of Liverpool,49,38.7,37.5,64.8,46.4,73.7,18815,13.6,0.30,2013
171,University of Ottawa,49,40.8,41.4,63.1,43,58.1,36733,26.3,0.15,2013
174,Georgetown University,48.9,56.4,35.6,59.8,-,32.9,15408,8.5,0.14,2013
174,Rensselaer Polytechnic Institute,48.9,36.2,40.2,73,66.8,32.9,6671,15,0.16,2013
176,University of Aberdeen,48.8,31.9,34.3,71.5,48.9,84.1,12938,15.8,0.33,2013
176,University of Adelaide,48.8,37.3,43.7,55.9,63.2,82.2,20771,30.1,0.26,2013
176,University of East Anglia,48.8,29.6,27.7,85.5,30.7,68.9,14992,14.7,0.28,2013
176,University of Reading,48.8,39.3,41.1,61.3,35.2,72.4,12050,14.8,0.28,2013
180,Joseph Fourier University,48.6,36.6,26.5,81.8,36.3,56.3,16130,12.1,0.13,2013
180,Newcastle University,48.6,37.9,30.5,72.1,37.4,74.4,20174,15.2,0.29,2013
182,City University of Hong Kong,48.5,35.2,41.8,64.1,53.6,64,10015,7.1,0.28,2013
183,Yonsei University,48.2,48.3,50.6,48.6,56.1,33.4,24774,11.6,0.14,2013
184,Colorado School of Mines,48,24.9,22.5,94.3,66,51.2,5287,18.2,0.12,2013
184,University of Illinois at Chicago,48,53.9,42.6,52.9,40.4,29.1,24313,9.2,0.17,2013
184,William & Mary,48,41.3,22.6,87.1,29.9,25.8,7867,11.8,0.07,2013
187,University College Dublin,47.9,31.1,31.8,74.9,35.3,76.5,22193,24.5,0.23,2013
187,University of Twente,47.9,35.8,46.4,55.6,79.7,61.5,6631,12,0.26,2013
189,Medical University of South Carolina,47.7,46.2,39.6,59.7,77.1,27.7,,,,2013
190,University of Western Australia,47.3,35,39.9,55.7,60,88.4,20851,20.7,0.27,2013
190,Wake Forest University,47.3,37.5,22.4,89.1,48,19,7326,4.6,0.05,2013
192,University of Antwerp,47.1,33.8,35.5,64.8,100,58.5,12346,30.3,0.16,2013
193,Iowa State University,46.9,35.7,34.3,74.9,44,30.5,29991,17.4,0.11,2013
193,Technion Israel Institute of Technology,46.9,44.8,50.2,44,40.8,55.9,13855,19.4,0.04,2013
193,University of Miami,46.9,48.7,27,69.7,-,33.1,15286,5.7,0.14,2013
196,University of Leicester,46.7,33,32.5,66.5,34.9,83.7,14541,13.4,0.35,2013
196,University of Victoria,46.7,20.2,33.7,82.7,30.6,65.9,17581,21.5,0.11,2013
198,University at Buffalo,46.6,46.3,40.6,52.1,42.4,50.7,25668,19,0.19,2013
199,Goethe University Frankfurt,46.4,33.3,29.7,73.9,41.4,57.6,31861,9.3,0.15,2013
200,"Birkbeck, University of London",46.2,27.6,30.5,72.8,29.4,83.2,9454,17.2,0.38,2013
,Autonomous University of Barcelona,-,39,35.7,62.8,37.3,47.1,30538,12.3,0.10,2013
,Brandeis University,-,27.3,27.9,83.1,37.4,45.3,5495,12.6,0.22,2013
,Cardiff University,-,32.5,38.2,60.2,39.8,68.1,23347,13.1,0.23,2013
,Fudan University,-,45.3,39.5,51.3,46.3,38.6,32175,12.2,0.11,2013
,Johannes Gutenberg University of Mainz,-,33.5,18.4,85.2,-,57,35609,32.6,0.10,2013
,Lomonosov Moscow State University,-,63.5,48.1,19.7,70.1,50.3,30822,7.7,0.20,2013
,Middle East Technical University,-,50.8,46,44.6,50.6,28,25779,22.2,0.07,2013
,Nagoya University,-,44.2,39.2,53.3,35.5,25.3,15529,7.9,0.10,2013
,Northeastern University,-,40.1,21.2,76.4,33.8,41,18539,15.1,0.26,2013
,Pompeu Fabra University,-,27.3,23.2,77.5,34.2,49.9,10901,18.3,0.13,2013
,Queen’s University,-,39.5,35.4,51.2,77.3,58,20488,22.1,0.10,2013
,"St George’s, University of London",-,20,22.6,89.7,44.1,57.9,2958,13.4,0.17,2013
,Sungkyunkwan University (SKKU),-,47.1,48.7,39.3,98.7,30.9,24365,20.3,0.09,2013
,Tilburg University,-,38.2,54.5,33.7,54.8,56.6,7576,22.4,0.10,2013
,University of Barcelona,-,32.5,33.4,71.4,30.9,46,47491,12.2,0.10,2013
,University of Dundee,-,24.8,23.2,81.1,49.9,66.6,11628,15.3,0.25,2013
,University of Erlangen-Nuremberg,-,35,18.7,74.6,45.2,49,36146,53.9,0.09,2013
,University of Georgia,-,45.4,40.1,46.8,31.3,36.2,33119,19.9,0.07,2013
,University of Gothenburg,-,28.3,41.9,63.8,38.6,48.4,26420,16.4,0.12,2013
,University of Innsbruck,-,36.6,17.9,71.6,38.2,88.7,18209,16.9,0.39,2013
,University of Konstanz,-,32.6,35.6,64.5,51.9,58.5,10930,59.1,0.12,2013
,University of Oslo,-,33.5,39.8,62.3,31.4,59,27139,18.8,0.18,2013
,University of Science and Technology of China,-,39.2,27.7,72.7,50.1,22,14290,7.9,0.02,2013
,University of Strasbourg,-,29.7,29.2,72,34.8,68.3,46208,17.8,0.21,2013
,University of Tübingen,-,36.3,25.1,73.8,31.6,56.3,28327,38.9,0.12,2013
,Bilkent University,-,34.7,30.5,60.1,39.9,42,,,,2013
,Carleton University,-,18.3,26.7,75.1,-,56.8,25036,29.8,0.18,2013
,Chalmers University of Technology,-,29.9,41.5,47.7,78.5,65.3,8605,11.6,0.15,2013
,Florida Institute of Technology,-,16.2,11.9,92.5,28.7,58.4,4408,13.7,0.26,2013
,Georgia Health Sciences University,-,49.4,17.5,62,43.6,32.6,,,,2013
,Korea University,-,44.7,43.7,39.4,52.1,27.3,24043,15.8,0.14,2013
,Koç University,-,20.4,22.3,79.2,37.9,52.8,4488,14.6,0.08,2013
,Laval University,-,36.4,27.3,57.5,56.6,54.4,27227,16.2,0.12,2013
,Mines ParisTech,-,39.5,25.6,51.7,99.4,62.4,1283,5.6,0.22,2013
,National Research Nuclear University MePhI,-,20.9,10.6,100,59.6,18.8,7801,7.3,0.07,2013
,National Tsing Hua University,-,45.5,44.1,44.4,44,20.1,10221,13.5,0.05,2013
,Simon Fraser University,-,24,35.3,61,41.6,55.6,26640,28.3,0.19,2013
,Technical University of Darmstadt,-,37.8,31.8,44.4,84.4,64.4,20300,53.6,0.18,2013
,Tulane University,-,42.8,22.6,66.8,-,31.2,11381,8.4,0.08,2013
,University of Bergen,-,28.3,26.8,66.2,41.1,71,11623,11.1,0.12,2013
,University of Calgary,-,37.3,35.8,47.1,42.8,62.2,28341,16.5,0.17,2013
,University of Cincinnati,-,34.9,26.5,69.5,35.8,23.9,36108,15.7,0.06,2013
,University of Missouri,-,40.4,45.8,45.2,31.1,30.8,29885,14.1,0.05,2013
,University of Otago,-,28.8,30.9,54.8,37.2,85.4,18600,20.3,0.21,2013
,University of South Florida,-,32.6,42,48.4,98.9,19.7,31424,21.5,0.10,2013
,University of the Witwatersrand,-,28.6,38.3,49.8,98.4,65.1,23321,18.6,0.09,2013
,University of Waterloo,-,34.7,42.1,41.8,39.4,58.3,30726,24.2,0.14,2013
,University of Western Ontario,-,39.4,37.2,44.8,44.6,51.3,27387,20.7,0.16,2013
,University of Würzburg,-,33,19.4,70.9,30.4,44.8,26576,38.4,0.08,2013
,Université Libre de Bruxelles,-,25.6,30.6,59.3,54.9,78.2,23819,26.1,0.32,2013
,Aalto University,-,34.4,26.8,50.1,73.7,52,16099,24.2,0.17,2013
,Dalhousie University,-,30.2,29.8,54.3,65,59.1,15064,14.4,0.18,2013
,Hong Kong Polytechnic University,-,34.6,41.2,39.8,42.2,65.4,22064,25.9,0.26,2013
,Indian Institute of Technology Bombay,-,47.3,33.1,45.6,52.7,19.9,8327,14.9,0.01,2013
,Macquarie University,-,22,29.6,54.8,37.2,86.8,27930,20,0.44,2013
,Nanjing University,-,41.3,25.3,52.1,47.7,48.4,29743,13.3,0.10,2013
,National Chiao Tung University,-,39.6,49.6,31.5,99,27.2,12646,16.6,0.05,2013
,Norwegian University of Science and Technology,-,34.2,27.7,50.8,45.2,57.5,17381,13.9,0.09,2013
,Queensland University of Technology,-,27.6,37,47,58.9,69.2,33391,35.8,0.17,2013
,State University of Campinas,-,51.7,46.8,26.5,44.9,20.9,27095,15.3,0.03,2013
,Stellenbosch University,-,31.5,35,48.9,96.6,47.8,21849,23,0.08,2013
,Tokyo Metropolitan University,-,19,9.8,97.1,31.1,19.6,9303,9.9,0.04,2013
,Umeå University,-,23.5,34.5,59.6,29.7,52.4,16667,11.9,0.07,2013
,University of Connecticut,-,42.5,29.7,50,32.6,40.5,25742,13,0.11,2013
,University of Essex,-,33.7,34.6,39.6,31,86.4,12695,19.8,0.39,2013
,University of Iceland,-,11.4,28,71,74.4,59.9,13960,25.9,0.08,2013
,University of Kiel,-,32.1,27,62.5,35.6,44.6,24444,23.8,0.08,2013
,University of Milan,-,36.3,24.2,61,38.2,35.7,58618,24.3,0.05,2013
,University of Milan-Bicocca,-,26.1,21.1,76,39,36.2,33370,72.5,0.05,2013
,University of Münster,-,35.9,20.4,63.6,38.2,43.2,39838,46.1,0.08,2013
,University of Oregon,-,31.5,21.7,70.4,-,30.2,24418,20.2,0.11,2013
,University of Trieste,-,19.6,14.3,82.2,33.6,48.5,18135,25.8,0.09,2013
,Victoria University of Wellington,-,22.3,29.1,55.6,43,84.8,17142,21.1,0.21,2013
,Vienna University of Technology,-,44.8,32.4,34.2,65.5,71.4,26419,52,0.27,2013
,Aberystwyth University,-,23.8,21.7,64.3,34.9,63.1,9252,19.2,0.18,2013
,Bangor University,-,27.6,25.7,53.8,31.6,70.3,9567,19.5,0.22,2013
,Bayreuth University,-,25.6,14.9,72.1,35.4,50.4,12520,35.5,0.08,2013
,Bielefeld University,-,27.4,20.3,63.5,35.1,47.5,21428,67.8,0.08,2013
,Boğaziçi University,-,35.4,33.9,48.1,38.4,36.7,11506,25,0.07,2013
,Colorado State University,-,30.8,32,55.8,-,29.8,26769,19,0.05,2013
,Drexel University,-,34.7,14.9,65.1,34.7,36.6,20713,10.8,0.18,2013
,Istanbul Technical University,-,34.9,25.5,52.9,98,20.8,34550,16,0.05,2013
,Montpellier University,-,22.2,25.8,64.4,32.8,54.2,36731,18.4,0.14,2013
,Oregon State University,-,27.1,24.2,64.1,31,34.2,22578,16.8,0.09,2013
,Queen’s University Belfast,-,28,23.8,52.2,48.1,87.1,17940,17.9,0.30,2013
,Ruhr University Bochum,-,36.7,32.9,42.4,54.3,48.3,38675,46.3,0.13,2013
,Shanghai Jiao Tong University,-,43.4,37.9,31.3,76.1,20.7,38191,12.8,0.06,2013
,Swedish University of Agricultural Sciences,-,28.4,25.3,54.6,99.8,46.8,3879,4.6,,2013
,Tokyo Medical and Dental University (TMDU),-,47.5,21.6,47.1,45.4,21.9,2872,3.3,0.07,2013
,TU Dresden,-,29.7,15.6,63.9,36.1,48.9,35487,37.4,0.12,2013
,University of Bath,-,28,28.8,50.2,42.8,75.9,12830,18.8,0.30,2013
,University of Bologna,-,34.4,27.4,53.9,35.1,37.6,85532,22.9,0.07,2013
,University of Kansas,-,36.1,20.5,57.2,34.5,28.1,,,,2013
,University of Montana,-,28.9,14.9,72.1,34.1,24.9,12470,15.2,0.03,2013
,University of Newcastle,-,21.1,29,49.8,72.9,70.5,23508,21.9,0.18,2013
,University of South Carolina,-,37.5,28,53.2,30.8,31.3,29336,16.3,0.01,2013
,University of Southern Denmark,-,18.6,19.6,67.3,75.5,67.3,22210,12.7,0.16,2013
,University of Trento,-,28.7,21.9,62.1,45.3,51.2,16841,43.2,0.08,2013
,University of Turin,-,22.6,23.4,66.2,40.4,36.3,67552,66,0.06,2013
,Virginia Polytechnic Institute and State University,-,38.5,44.4,37.2,27.9,27.8,30850,18.6,0.10,2013
,Autonomous University of Madrid,-,32,24,51.9,34.7,45.7,28296,13,0.15,2013
,Brunel University London,-,19.3,20.1,58.2,33.4,89.4,12613,17.6,0.38,2013
,Charles University in Prague,-,34.7,26.2,42,28.1,50.3,51438,13,0.15,2013
,Claude Bernard University Lyon 1,-,23.6,17.1,62.6,-,50,35308,16.1,0.11,2013
,Creighton University,-,42.4,9.3,61,-,26,7086,8.3,0.02,2013
,Hokkaido University,-,45.1,34.2,32.3,41.3,24.9,18162,8.2,0.09,2013
,Hong Kong Baptist University,-,22.9,15.1,57.6,29.6,62,10441,11,0.25,2013
,Johannes Kepler University of Linz,-,22,13.8,59.3,-,59,19646,29.1,0.10,2013
,King Abdulaziz University,-,19.7,10.3,63.4,40.2,71,35889,8.4,0.21,2013
,Kyushu University,-,44,28.8,30.7,73.1,21.7,18925,6.7,0.08,2013
,Linköping University,-,21.1,27,53.3,38,47.7,17866,7.7,0.10,2013
,Medical University of Vienna,-,23.7,13.4,66,33.2,66.2,7426,2.9,0.28,2013
,Murdoch University,-,19.4,18.9,49.6,44.2,83.3,16606,32.8,0.43,2013
,National Cheng Kung University,-,33.1,40.3,30.4,99.9,22.9,21234,14.4,0.11,2013
,National Sun Yat-Sen University,-,27.9,32.5,48.5,43.9,23.9,9336,19.6,0.04,2013
,"National University of Ireland, Galway",-,22.6,19.8,51.9,41.1,69.3,14067,26.8,0.14,2013
,North Carolina State University,-,34.8,28.8,47.6,35.7,29.2,30533,13.6,0.11,2013
,Polytechnic University of Milan,-,27.2,23.8,47.7,68.1,38.1,30025,22.2,0.12,2013
,Renmin University of China,-,36.1,12,59.6,44,45.8,24954,12.7,0.06,2013
,Sapienza University of Rome,-,35.3,30.6,39.1,36,33.2,120986,32.3,0.07,2013
,State University of New York Albany,-,30.2,30,52.9,-,27.8,15387,18.5,0.08,2013
,Sun Yat-sen University,-,33.1,17.8,52.2,43.5,24.2,51351,16.6,0.08,2013
,UiT The Arctic University of Norway,-,21.7,19.4,56.4,29.1,61.8,10398,12.2,0.10,2013
,University College Cork,-,25.3,19.5,47.4,38.8,71.5,15805,22.3,0.15,2013
,University of Canterbury,-,19.9,24,48.4,49.8,88,12187,16.5,0.20,2013
,University of Crete,-,17.1,16.3,68.6,34.1,44.4,14650,26.9,0.05,2013
,University of Eastern Finland,-,22.4,19.1,58.1,36.7,39.5,10798,17.3,0.06,2013
,University of Fribourg,-,20.8,11,69.4,-,59.5,10416,46.9,0.19,2013
,University of Graz,-,26.9,17.6,57.4,29.5,59.7,20584,26.8,0.12,2013
,University of Guelph,-,24.4,31.3,48.2,48.1,39,21643,28.3,0.04,2013
,University of Kentucky,-,39.1,27.8,45.5,-,21.7,,,,2013
,University of Manitoba,-,31.6,32.4,44.4,43.5,38.6,28576,27.8,0.11,2013
,"University of Maryland, Baltimore County",-,19.4,16.4,65.2,32.6,32.6,13908,18.1,0.07,2013
,University of Padua,-,21,21.4,64.5,31.7,37,62577,18.3,0.04,2013
,University of Pavia,-,25.6,18.3,56.3,60.6,34.4,22958,40.6,0.06,2013
,University of Pisa,-,22.6,23.2,63.8,39.4,29.6,47247,18,0.04,2013
,University of Portsmouth,-,12.8,10.5,72.3,29.2,70.2,20161,19.1,0.23,2013
,University of South Australia,-,28.4,25,34.1,83.7,81,18971,26.2,0.32,2013
,University of Tampere,-,25.6,23.9,51.2,49.3,35,10045,9.5,0.04,2013
,University of Tsukuba,-,39.9,26.2,45.3,33,30.7,15930,12.6,0.16,2013
,University of Vermont,-,28.5,20.6,58.6,-,19.9,,,,2013
,University of Waikato,-,17.7,19.9,61.9,28.2,85.6,10159,17,0.25,2013
,University of Wollongong,-,22.5,27.3,47.4,54,83.7,16489,25.4,0.24,2013
,Vrije Universiteit Brussel,-,26.7,26.8,53.8,37.5,48.4,9020,17.1,0.16,2013
,Washington State University,-,29.9,30.6,47.1,55.8,33.9,24550,18.3,0.07,2013
,Wayne State University,-,34.3,16.2,58.4,-,28.1,23065,10.7,0.07,2013
,York University,-,20.9,30.1,50.5,41.9,50.7,48007,39.4,0.09,2013
,Zhejiang University,-,40.3,34.5,32.6,89,20.1,47508,15.9,0.05,2013
,Aalborg University,-,21.7,24.9,41,39,67.2,17422,15.9,0.15,2013
,"Binghamton University, State University of New York",-,23.3,21.9,51.1,33.4,30.7,15799,23.3,0.14,2013
,Charles Darwin University,-,17.2,15.3,53.3,32.5,44.3,5570,25.4,0.15,2013
,Deakin University,-,20,22,47.1,30.1,68.4,32713,30.4,0.17,2013
,Flinders University,-,22.4,24.2,38.4,39.1,59.8,15655,22.6,0.15,2013
,George Mason University,-,27.2,19.7,53,28.2,34.9,26622,17,0.07,2013
,Heriot-Watt University,-,20.7,21.4,42.1,48.4,84.2,8773,17.8,0.43,2013
,Indian Institute of Technology Roorkee,-,30.4,13.7,45.8,70.4,15.6,8061,18.7,0.01,2013
,Jagiellonian University,-,22.7,13.8,48.2,29.5,41.7,42835,11.5,0.05,2013
,Keele University,-,16.3,18.8,55.1,31.7,64.2,8397,15.7,0.20,2013
,Keio University,-,32.5,28,39.7,43.1,22.2,33751,11.9,0.05,2013
,King Mongkut’s University of Technology Thonburi,-,11.3,10.2,68.4,60.2,23.8,17791,23.7,0.01,2013
,Lehigh University,-,26,19.7,50.6,40.1,30.4,6300,11.3,0.15,2013
,Leibniz University of Hanover,-,36.6,19.1,35.1,40.3,48.2,22401,62.7,0.12,2013
,Loughborough University,-,33.4,32.7,24.7,40.7,63.9,13951,15.9,0.22,2013
,Massey University,-,19.2,19.2,37.6,66,73.3,19101,16.8,0.15,2013
,National Autonomous University of Mexico,-,31,31.6,24.6,36,33.2,137378,11.6,0.05,2013
,National Central University,-,25.2,26.5,38.3,84.8,27.9,10915,9.8,0.06,2013
,National Taiwan University of Science and Technology (Taiwan Tech),-,26.8,42.5,33.1,46.8,18.8,7446,17.4,0.11,2013
,"National University of Ireland, Maynooth",-,25.7,23.9,28.1,30.8,69.2,7653,28,0.11,2013
,Paris Dauphine University,-,22,12.7,50.6,29.4,57.6,9565,15.4,0.28,2013
,Polytechnic University of Valencia,-,21,12.1,59.4,39.3,26.1,33172,13.6,0.07,2013
,Southern Methodist University,-,18.6,9,67.3,-,35.2,,,,2013
,Temple University,-,37.2,18.8,43.3,-,20.1,33268,13.3,0.05,2013
,University of Aveiro,-,21,21.1,49,39.9,48.7,10791,17.8,0.10,2013
,University of Duisburg-Essen,-,24.4,14.7,54.7,41.1,50.2,36051,46.6,0.11,2013
,University of Ferrara,-,19.2,13,58.5,37.7,41.4,18882,30.2,0.07,2013
,University of Hertfordshire,-,13.4,9.1,63.1,28.9,77.2,19665,19.4,0.27,2013
,University of Houston,-,37.5,25,35,35.7,32.6,40325,43.7,0.09,2013
,University of Jyväskylä,-,24.3,15.8,44.6,71.2,49.7,9703,15.2,0.05,2013
,University of KwaZulu-Natal,-,21.9,20.2,40,28.5,56.2,30572,24.9,0.06,2013
,University of Liège,-,21.9,16.9,48.4,55.9,67.8,20951,25.9,0.23,2013
,University of Minho,-,17.6,19.7,51.2,32.2,44.1,19090,18.8,0.09,2013
,University of Modena and Reggio Emilia,-,17.3,16.6,58.5,32.3,30,19693,25.3,0.06,2013
,University of Oklahoma,-,36.8,17.8,42.9,33.9,24.2,,,,2013
,University of Porto,-,26.2,21.1,50.2,36.2,43.2,32720,18.8,0.09,2013
,University of Salento,-,29.1,21.3,40.6,51.3,28.4,19959,58.4,0.01,2013
,University of Stirling,-,18.2,23.7,50.3,29.8,63.7,7828,15.9,0.22,2013
,University of Strathclyde,-,26.3,21.6,33,35.8,63,15705,20.2,0.20,2013
,University of Surrey,-,31.1,25,21.6,45.4,80.4,12063,16.6,0.38,2013
,University of Tartu,-,18.6,27.4,52.4,30.1,42.4,10269,13,0.03,2013
,University of Tasmania,-,19.5,17.5,47.2,44.8,68.4,18340,23.8,0.21,2013
,University of Technology Sydney,-,20.7,21.5,34.7,33.9,74.7,24519,44.1,0.31,2013
,University of Texas at San Antonio,-,17.3,17.6,66.2,32.2,28.6,27520,26.9,0.06,2013
,"University of the Andes, Colombia",-,15.5,11.4,68.2,28.4,53,15773,16.9,0.02,2013
,University of Valencia,-,17.2,14.5,62.8,32.5,40.8,58413,15.4,0.09,2013
,University of Vigo,-,19.4,9.5,63.7,36.6,26.9,22793,19,0.03,2013
,University of Warsaw,-,23.2,18.4,54,27.9,39.8,49292,14.1,0.07,2013
,University of Wyoming,-,18.6,24.2,47.5,30.9,28.1,,,,2013
,Waseda University,-,28.9,21.3,37.8,30.8,32.8,52316,16.9,0.08,2013