rank,name,overall_score,teaching_score,research_score,citations_score,industry_income_score,international_outlook_score,number_students,student_staff_ratio,intl_students,year
1,University of Oxford,94.30,86.7,99.5,99.1,63.7,95,20410,11.2,0.38,2018
2,University of Cambridge,93.20,87.8,97.8,97.5,51.5,93,18390,10.9,0.35,2018
3,California Institute of Technology,93.00,90.3,97.5,99.5,92.6,59.7,2209,6.5,0.27,2018
3,Stanford University,93.00,89.1,96.7,99.9,60.5,77.6,15845,7.5,0.22,2018
5,Massachusetts Institute of Technology,92.50,87.3,91.9,100,88.4,87.6,11177,8.7,0.34,2018
6,Harvard University,91.80,84.2,98.4,99.7,46.4,79.7,20326,8.9,0.26,2018
7,Princeton University,91.10,85.7,93.9,99.6,58,78.7,7955,8.3,0.24,2018
8,Imperial College London,89.20,81.7,88.7,96.7,71.6,96.6,15855,11.4,0.55,2018
9,The University of Chicago,88.60,85.3,90.1,99.4,39.8,69.6,13525,6.2,0.25,2018
10,ETH Zurich,87.70,76.4,92,94.3,60.3,98.1,19233,14.6,0.38,2018
10,University of Pennsylvania,87.70,83.7,90.1,98.5,56.9,61.3,20361,6.5,0.20,2018
12,Yale University,87.60,86.7,87,98.4,45.1,64.6,12155,4.3,0.21,2018
13,Johns Hopkins University,86.50,76.1,88.1,98.4,95.8,70.6,15498,4.3,0.24,2018
14,Columbia University,86.00,82.2,83.3,98.8,41.3,76.6,26587,6.1,0.32,2018
15,"University of California, Los Angeles",85.70,80.7,88.1,97.9,48.6,59.5,39279,9.6,0.17,2018
16,UCL,85.30,74.4,88.2,94.6,41.2,94.6,30305,10.5,0.49,2018
17,Duke University,85.10,80.7,80.6,98.3,100,62.5,15256,4.5,0.22,2018
18,"University of California, Berkeley",84.30,77.4,84.5,99.8,37.5,64.5,36182,13.1,0.17,2018
19,Cornell University,84.20,76.2,86.6,97.6,34.6,69.2,21850,9.8,0.24,2018
20,Northwestern University,83.30,72.6,86.7,96.9,78.2,59.2,17466,12.8,0.18,2018
21,University of Michigan-Ann Arbor,83.10,77.2,86.3,95.7,46.2,55.8,41818,8.6,0.16,2018
22,National University of Singapore,82.80,77.4,88.2,81.3,61.9,95.8,30602,17,0.30,2018
22,University of Toronto,82.80,74.6,84.8,92.6,46.5,80.1,69427,18.7,0.17,2018
24,Carnegie Mellon University,81.90,65.8,83.7,99.7,50.4,79.1,12676,13.5,0.45,2018
25,London School of Economics and Political Science,79.40,71.8,72,94.9,33.7,92.2,10065,12.1,0.71,2018
25,University of Washington,79.40,67.9,79.9,99,47.3,56.5,44945,11.4,0.16,2018
27,University of Edinburgh,79.20,66.8,74.2,97,36.3,92,26760,12.4,0.40,2018
27,New York University,79.20,73.7,77.4,96.5,37,53.4,43860,9.6,0.26,2018
27,Peking University,79.20,83,85.1,74.2,100,53,42136,8.9,0.16,2018
30,Tsinghua University,79.00,80.2,93.2,71.4,99.8,41,42089,13.7,0.09,2018
31,"University of California, San Diego",78.70,62.9,79.8,98.6,96.5,51.9,29633,12.8,0.17,2018
32,University of Melbourne,77.50,64.9,74.2,90.3,70.1,92.7,42116,26.6,0.40,2018
33,Georgia Institute of Technology,77.00,59.7,78.9,94.3,60.2,75,20773,20.7,0.27,2018
34,University of British Columbia,76.20,61.8,72.2,93.4,42.6,92.2,51889,18.1,0.29,2018
34,LMU Munich,76.20,65.4,72.3,91.3,100,66.3,36091,15.6,0.15,2018
36,King’s College London,75.60,59.3,71.2,94.4,43.9,94.5,23205,12,0.41,2018
37,University of Illinois at Urbana-Champaign,75.40,65.8,78.9,88.9,56,52.8,43402,22.8,0.23,2018
38,École Polytechnique Fédérale de Lausanne,75.30,58.8,66.8,94.2,76,98.7,9928,11.2,0.55,2018
38,Karolinska Institute,75.30,57,74.4,95.9,71.4,70.3,7424,10.9,0.19,2018
40,University of Hong Kong,75.10,68.8,77.9,74.2,54,99.5,18364,18,0.42,2018
41,Technical University of Munich,73.50,60.3,71.2,88.4,100,66.8,38689,54.4,0.23,2018
42,McGill University,73.20,63.4,70.8,84.7,39.8,87.5,30940,13.3,0.26,2018
43,University of Wisconsin-Madison,73.10,68.4,73.9,86.5,45.8,43.4,38960,10.7,0.12,2018
44,The Hong Kong University of Science and Technology,72.70,55.2,68.4,93.1,58.1,83.4,10214,23.1,0.31,2018
45,Universität Heidelberg,72.30,63.6,62.2,94.2,56,64.7,28876,23.2,0.17,2018
46,The University of Tokyo,72.20,79.5,85.2,63.7,52.7,32.2,26000,6.7,0.10,2018
47,KU Leuven,71.80,54.2,70.9,88.7,99.9,68.3,44412,37.1,0.15,2018
48,Australian National University,71.60,52.7,72,85.5,61.1,94.3,15986,19.3,0.35,2018
49,University of Texas at Austin,71.40,60.9,68.3,95.7,48.2,36.7,48561,17.1,0.10,2018
50,Brown University,70.80,63.8,57.9,96.7,34.1,59,8898,10.7,0.20,2018
50,Washington University in St Louis,70.80,60.8,59.7,99.4,36.9,52.1,12600,7.5,0.17,2018
52,"Nanyang Technological University, Singapore",70.50,49.5,63,90.7,94,95.9,25499,16.3,0.31,2018
53,"University of California, Santa Barbara",70.00,50,61.5,98.8,82,65.4,23054,28.1,0.14,2018
54,"University of California, Davis",69.50,60.9,64.5,86,53.4,63.7,37365,13.8,0.10,2018
54,University of Manchester,69.50,56.3,65.3,84.3,44.1,88.7,35320,14.6,0.38,2018
56,University of Minnesota,69.00,57.6,67.9,87.5,90.4,37.7,60949,17.4,0.11,2018
56,University of North Carolina at Chapel Hill,69.00,57.9,61.8,96.7,39.2,41.5,34684,9.7,0.08,2018
58,Chinese University of Hong Kong,68.50,57,64.4,80.6,56.8,86.6,18072,17.3,0.31,2018
59,University of Amsterdam,68.40,51.3,62.6,91.9,49.9,72.2,23495,12.3,0.12,2018
60,Purdue University West Lafayette,68.20,62.3,68.9,73.4,63.5,69.9,38770,17.4,0.23,2018
61,The University of Sydney,67.80,50.2,63.1,85.9,67.9,84.6,44553,21.6,0.32,2018
62,Humboldt University of Berlin,67.40,61.9,67.1,76.1,38.6,65.6,32172,56.5,0.17,2018
63,Delft University of Technology,67.30,53.4,72,68.5,99.8,88.5,17057,19.6,0.27,2018
64,Wageningen University & Research,67.20,46.6,53.6,95.2,100,80.6,12326,19.7,0.29,2018
65,The University of Queensland,67.00,47.6,59.4,87.8,76.2,88.8,38968,35.7,0.26,2018
66,University of Southern California,66.80,49.8,58.4,95.6,37.9,63,38380,12.8,0.23,2018
67,Leiden University,66.00,44.6,63.2,87.8,78.8,70.5,24825,18.2,0.12,2018
68,Utrecht University,65.80,45.5,63.1,89.9,72.6,59.6,31522,15.2,0.07,2018
69,"University of Maryland, College Park",65.70,49.6,63,93.5,38.4,39,31772,16.5,0.10,2018
70,Boston University,65.40,57.1,45.9,97.2,34,60,24833,8.6,0.25,2018
70,Ohio State University (Main campus),65.40,55.5,56.2,88,52,56.4,53190,12.7,0.13,2018
72,Erasmus University Rotterdam,65.20,38.9,57.2,96.7,51.7,80.6,22047,20.1,0.20,2018
72,Paris Sciences et Lettres – PSL Research University Paris,65.20,57,52,85,48.2,76.7,19978,10.1,0.25,2018
74,Kyoto University,64.90,71.8,78.6,50.9,93.8,28.8,22481,8.7,0.08,2018
74,Seoul National University,64.90,69.3,71.2,60.6,79.8,34.1,26470,12.6,0.11,2018
76,University of Bristol,64.80,45.7,51.2,94.7,39.3,84.8,19995,13.7,0.27,2018
77,Penn State (Main campus),64.60,53.6,64.8,81.6,50,44.3,45411,15.2,0.14,2018
78,McMaster University,63.40,45.6,48.8,89.9,89.8,78.1,23693,24.7,0.15,2018
79,RWTH Aachen University,63.30,53.4,62.4,72.8,99.7,56.4,43721,57.7,0.18,2018
80,University of Glasgow,63.20,43.4,48.9,92.6,38.6,90.4,23390,15.4,0.36,2018
80,Monash University,63.20,47.4,55.4,80.9,71.5,83.8,46846,33.7,0.28,2018
82,University of Freiburg,62.90,47.1,54.3,83.1,100,67.2,20871,40.3,0.19,2018
83,University of Groningen,62.80,40.7,54.8,89,77.2,74.4,26197,24.1,0.17,2018
83,Michigan State University,62.80,55.1,53.3,82.6,35.7,61.2,44556,17,0.17,2018
85,UNSW Sydney,62.50,40.9,57.5,82.8,49.8,91.4,40133,26.7,0.34,2018
86,Rice University,62.20,45.1,41.9,98.7,42.4,72.7,6441,9,0.28,2018
86,Uppsala University,62.20,42.9,56.1,84.6,79.5,68.8,25174,17.3,0.11,2018
88,Free University of Berlin,62.10,58.7,66.5,60.6,39.8,71.8,34114,57,0.21,2018
89,Dartmouth College,62.00,58.5,41.9,93.4,37.9,39.1,6100,6.6,0.15,2018
90,University of Helsinki,61.70,45.7,56.6,86.9,35.5,53.3,22532,16.2,0.06,2018
91,University of Warwick,61.60,46.6,52,80.4,41,91.9,18425,13,0.39,2018
92,Technical University of Berlin,61.50,49,58,74.2,97.8,62.4,22390,64.3,0.20,2018
93,Lund University,61.30,40.8,52.6,85.9,70.9,76.1,28663,12.1,0.16,2018
94,University of Tübingen,61.20,45.7,55.4,83,55.4,60.8,27844,38.5,0.13,2018
95,University of Basel,60.90,39.8,39.9,91,99.9,95.9,12729,17.7,0.27,2018
95,Korea Advanced Institute of Science and Technology (KAIST),60.90,56.3,59.2,70.4,100,35.6,9464,10.6,0.09,2018
97,Durham University,60.80,44.8,47.9,84.6,36.8,89,16310,14.9,0.29,2018
98,Emory University,60.70,47.1,40.4,98.1,42.3,53.3,12649,4.4,0.19,2018
99,"University of California, Irvine",60.60,43.4,44.9,93.6,43.9,65.2,30419,17,0.21,2018
100,University of Bonn,60.50,47.3,41.6,91.3,83.5,58.4,35619,77.9,0.13,2018
100,University of Colorado Boulder,60.50,44.8,45.8,97.4,37.5,42.4,30780,16.3,0.10,2018
100,University of Pittsburgh-Pittsburgh campus,60.50,45.7,48.7,94.9,39.9,36.8,26367,5.9,0.10,2018
103,Maastricht University,60.40,40.2,49.7,79.9,87.6,96.7,16727,18,0.50,2018
104,University of Sheffield,60.10,42.9,45.7,86.8,43.7,85.4,24580,14.9,0.36,2018
105,University of Bern,60.00,42.7,43.6,85.4,81,85.7,10449,16.5,0.15,2018
105,Vanderbilt University,60.00,47.7,41.4,96.9,52.8,38.9,12011,3.3,0.13,2018
107,Ghent University,59.80,44.4,56.2,77.6,84.3,56.8,35909,35.9,0.10,2018
108,University of Montreal,59.60,44.5,48.9,79,65.3,83.2,41017,21.9,0.22,2018
109,Aarhus University,59.40,37.3,53.6,82.7,67.6,75.3,25167,14.3,0.12,2018
109,University of Copenhagen,59.40,44,39.7,90.6,44.6,79.3,30395,4.1,0.14,2018
111,Sungkyunkwan University (SKKU),59.30,54.1,55.1,69.5,93.7,44.7,24055,19.6,0.12,2018
111,The University of Western Australia,59.30,33.5,46.1,90.6,54.5,91.9,18787,21.8,0.25,2018
113,University of Göttingen,59.20,47.1,50.3,82.4,33.7,58.6,28554,27.9,0.12,2018
113,University of Virginia (Main campus),59.20,52.4,40.7,89.3,40.6,46.5,24055,9.7,0.12,2018
115,École Polytechnique,59.10,54.4,38.2,75.1,70.8,93.4,2799,5.1,0.36,2018
116,Fudan University,58.90,59.5,57.5,65.1,53,38.7,32859,12.1,0.10,2018
117,Indiana University,58.70,50.5,46.5,81.9,51.5,50.5,66835,14.1,0.15,2018
117,Trinity College Dublin,58.70,45.3,44.8,79,41.2,92.1,16157,22.8,0.27,2018
119,University of Alberta,58.60,47.2,51.2,70.5,63.4,84.8,32435,21.6,0.26,2018
119,City University of Hong Kong,58.60,40.8,48.6,79.4,65.9,84.4,9240,11.2,0.35,2018
121,Queen Mary University of London,58.50,32.8,38.2,96.7,39.1,95.5,15405,13.3,0.45,2018
122,Radboud University Nijmegen,58.40,33.9,50.4,89.4,44.8,68.8,19358,19.1,0.12,2018
123,Georgetown University,58.30,51.8,37.2,87.5,66.3,49.6,15956,8.6,0.17,2018
123,Pierre and Marie Curie University,58.30,49.5,39.8,85.7,31.8,66.6,25117,12.3,0.20,2018
125,University of Mannheim,58.20,41.8,53,80.5,57.8,55.9,10995,74.5,0.16,2018
126,Arizona State University (Tempe),58.10,41.5,48.3,87.1,35.7,55.2,44475,20.1,0.19,2018
126,Charité - Universitätsmedizin Berlin,58.10,43.3,39.2,88.6,87.5,60.7,6792,16.2,0.18,2018
126,University of Southampton,58.10,37.9,43.7,86,38.5,92,21670,12.5,0.33,2018
129,Université Catholique de Louvain,58.00,38.9,52.2,78.6,54,76.7,24451,37.8,0.19,2018
130,University of Exeter,57.80,34.5,39.3,93.7,34.6,88.8,19160,17.5,0.28,2018
130,University of Geneva,57.80,35.8,43.6,82.9,68.7,98.2,16085,15.1,0.40,2018
132,University of Science and Technology of China,57.70,52.7,49.1,76.9,81.7,27.9,16032,8.2,0.03,2018
133,Karlsruhe Institute of Technology,57.60,44.6,47.7,75.7,97.9,62.9,25824,26.3,0.18,2018
134,University of Adelaide,57.50,35.9,43.1,85.3,67.3,86.6,21241,34.3,0.26,2018
134,Stockholm University,57.50,33.1,48.4,89.1,34.5,72.7,33156,24.9,0.08,2018
136,University of Zurich,57.40,42,36,87,43.2,90.8,26363,5.9,0.20,2018
137,Pohang University of Science and Technology (POSTECH),57.30,47.9,49.8,76.4,99.8,34.3,3046,10.4,0.04,2018
137,University of York,57.30,40.5,44.9,81.6,34.1,85.3,14960,15,0.27,2018
139,University of Leeds,57.10,42.2,46.7,77.8,38.8,82.1,27995,14.7,0.26,2018
140,Pompeu Fabra University,56.90,34.7,38.9,97.1,40,62.3,11172,20.8,0.12,2018
141,University of Birmingham,56.80,36.5,38.3,89.7,37.2,86.3,27060,15,0.27,2018
141,Eindhoven University of Technology,56.80,41.3,49,72.3,100,73.9,7637,18.6,0.17,2018
143,University of Florida,56.60,52.8,51.2,68.4,80.7,37.9,46346,17.5,0.09,2018
143,University of St Andrews,56.60,42.9,42.5,76.6,33.6,95.5,9005,13.1,0.48,2018
145,University of Cologne,56.40,39.8,42.7,84.8,76.8,57.1,45087,50.9,0.10,2018
146,University of Oslo,56.30,36,42.8,86.8,41.9,73.4,27730,18.6,0.19,2018
147,Autonomous University of Barcelona,56.20,43.3,36.1,89.5,42.1,60.1,32309,12.9,0.16,2018
147,University of Nottingham,56.20,40.5,41.9,80.5,38.5,84.4,29175,14,0.30,2018
147,University of Sussex,56.20,34.1,38.1,89.5,33.3,91.5,12385,15.4,0.38,2018
150,Lancaster University,55.90,37,40.5,83.2,33.7,91.1,11635,13.1,0.38,2018
150,University of Notre Dame,55.90,49.8,37.9,83,35.3,50.7,11912,13.4,0.11,2018
152,University of Lausanne,55.70,30.4,47.4,78.5,78.4,90.8,13065,13.6,0.25,2018
153,University of Rochester,55.60,41.7,34.2,90.2,39.5,63.7,9636,4.3,0.29,2018
153,Technical University of Denmark,55.60,35.9,39.5,81.6,63.8,91.6,8548,6,0.24,2018
155,Sant’Anna School of Advanced Studies – Pisa,55.50,41.6,36,88,87.8,48.3,690,11.7,0.14,2018
155,TU Dresden,55.50,42.8,46.9,74.2,95,52.6,34514,35.9,0.13,2018
155,Ulm University,55.50,37.1,37.4,90,77.3,56.5,10657,28.4,0.13,2018
158,Case Western Reserve University,55.20,44.4,34.9,90.1,36.7,46.1,10130,7.1,0.19,2018
159,University of Leicester,55.00,32.2,34.5,91.4,35.2,89.9,14635,14.1,0.38,2018
159,Texas A&M University,55.00,50.4,56.3,60.2,41.2,52,56245,23.6,0.09,2018
161,University of Arizona,54.90,44.3,38.7,85.4,46.1,43.3,38334,13,0.09,2018
162,"University of California, Santa Cruz",54.80,31.5,35,99.9,38.2,51.6,17866,23,0.04,2018
162,Cardiff University,54.80,35.8,39.3,84.5,35.5,80.6,24185,13.5,0.26,2018
162,University of Erlangen-Nuremberg,54.80,39.8,44,77.6,95.9,53,38730,58.5,0.12,2018
165,University of Vienna,54.70,42.6,47.6,66,33.2,93.4,35375,20.8,0.26,2018
165,Vrije Universiteit Amsterdam,54.70,32.5,40.7,89.1,56.3,60.7,24554,18.1,0.07,2018
165,University of Würzburg,54.70,35.8,42.8,86.5,46.1,53.7,22537,33.9,0.09,2018
168,University of Alabama at Birmingham,54.60,39.7,32.8,95.1,67.6,34.6,15703,15.2,0.06,2018
169,Nanjing University,54.50,49.6,47,64.9,77.8,54.4,33456,14.2,0.10,2018
169,Tufts University,54.50,44.1,33.4,88.1,36.7,52.7,10463,9.3,0.16,2018
171,University of Cape Town,54.40,30.5,36.2,87,88.5,81.1,20775,11.7,0.18,2018
172,Rutgers University – New Brunswick,54.30,43,45.3,79.7,36.9,39.2,43439,11.1,0.10,2018
173,KTH Royal Institute of Technology,54.20,42.3,46.3,67,50.9,83.7,12951,16,0.17,2018
173,University of Münster,54.20,40.3,42.1,81.2,60.8,47.7,42287,42.6,0.07,2018
175,Université Libre de Bruxelles,54.00,32.4,42.2,80.4,48.4,83.2,25343,43.4,0.35,2018
175,Newcastle University,54.00,33.4,40.8,80.6,41.6,86.7,20950,15.6,0.30,2018
177,University of Liverpool,53.90,32.7,34.7,86.8,37.1,89.9,19815,11.7,0.35,2018
177,Zhejiang University,53.90,57,63.7,45.1,89.4,25.2,50051,14.1,0.06,2018
179,University of Luxembourg,53.80,26.8,32.4,91.9,39.6,99.8,4969,14.6,0.57,2018
179,University of Twente,53.80,35.5,47,68.5,83.6,85.3,6697,12.8,0.27,2018
181,Paris-Sud University,53.70,40.4,33.1,86.8,32.3,63.5,27221,14.5,0.16,2018
182,École Normale Supérieure de Lyon,53.60,40.1,37.8,80.9,37.9,67.3,2221,8.5,0.13,2018
182,Hong Kong Polytechnic University,53.60,39.1,48.1,67.7,45.8,79.9,21773,26.9,0.25,2018
184,Scuola Normale Superiore di Pisa,53.40,53.7,33.3,75.4,37.7,49.4,515,5.2,0.07,2018
185,University of Aberdeen,53.30,30.3,33.6,87.1,41.9,93.3,12055,13.9,0.36,2018
186,University of Miami,53.10,42.5,24.4,90.3,37.2,67.1,15860,5.9,0.16,2018
187,University of Dundee,52.90,26.3,32,94.5,43.4,79.8,10895,14.9,0.24,2018
188,University of East Anglia,52.80,29.9,31.6,90.5,32.2,85.6,13520,13.6,0.30,2018
188,Shanghai Jiao Tong University,52.80,53.5,62.5,44.1,88.9,33.4,37288,12.4,0.06,2018
190,Aalto University,52.70,37.8,35.8,79.5,52.5,72.5,12744,20.2,0.20,2018
191,University of Massachusetts,52.60,36.3,32.2,88.8,51,54.8,59230,13.3,0.14,2018
192,University of Auckland,52.50,32.5,40.7,73.8,67.3,90.6,30348,18.8,0.29,2018
193,"Northeastern University, US",52.40,35.6,26.8,91.7,35.4,70.1,18780,14,0.32,2018
195,Tilburg University,52.10,38.4,50.1,61.3,59,75.8,7738,22.5,0.13,2018
196,Paris-Sorbonne University – Paris 4,52.00,44.6,34.3,77.1,32.1,57.9,22042,30.2,0.15,2018
197,"Royal Holloway, University of London",51.90,33.9,27.9,85,35,93,8930,15.4,0.40,2018
198,"University of California, Riverside",51.70,30,30.9,92.3,37.4,63.9,20740,20.7,0.14,2018
198,University of Gothenburg,51.70,26.7,39.2,87.5,38.9,62.5,18378,10,0.13,2018
198,National Taiwan University (NTU),51.70,50.4,54.7,53.4,65,33.4,31758,11.5,0.08,2018
201–250,Aalborg University,48.3–51.6,28.2,36.2,84.2,46.5,70.7,15512,13.6,0.13,2018
201–250,University of Antwerp,48.3–51.6,34.6,40.1,73.3,75.9,66.3,16056,35.2,0.16,2018
201–250,University of Barcelona,48.3–51.6,32.4,32.5,83.2,34,50.6,47458,12.4,0.10,2018
201–250,University of Bergen,48.3–51.6,29.2,30.6,90,35.2,75.3,12554,12,0.13,2018
201–250,University of Bologna,48.3–51.6,43.6,30.1,80,39.1,47.4,62296,22.2,0.10,2018
201–250,Brandeis University,48.3–51.6,28.9,24.3,99.7,33.7,49.8,5620,12.9,0.25,2018
201–250,University of Calgary,48.3–51.6,34.6,35.8,77.2,53.5,73.6,27084,15.7,0.19,2018
201–250,Chalmers University of Technology,48.3–51.6,35.1,39.6,62.3,70.2,78.3,9112,11.4,0.16,2018
201–250,University of Cincinnati – Uptown,48.3–51.6,36.9,30.3,82,41,35.6,28035,20.7,0.09,2018
201–250,Copenhagen Business School,48.3–51.6,24.2,36.6,80.8,40.4,91.2,19079,44.3,0.23,2018
201–250,University of Delaware,48.3–51.6,27.8,37.5,79.5,91,45.4,20125,16.8,0.10,2018
201–250,University of Duisburg-Essen,48.3–51.6,32.8,29.9,88.8,73.8,52.7,41916,53.8,0.13,2018
201–250,Florida State University,48.3–51.6,41.3,42,73.3,37.2,47.3,38386,26.3,0.07,2018
201–250,University of Fribourg,48.3–51.6,34.2,35,65.5,58.5,86.9,10769,45.4,0.18,2018
201–250,George Washington University,48.3–51.6,44.8,30.4,77.2,32.6,50.3,22015,12.9,0.16,2018
201–250,University of Hamburg,48.3–51.6,43.5,42,65,67.7,58,38182,48.4,0.12,2018
201–250,University of Hawai’i at Mānoa,48.3–51.6,37.3,37.1,76.2,49.9,65.9,16256,11,0.13,2018
201–250,Hebrew University of Jerusalem,48.3–51.6,39.9,41.7,71.8,36.3,58.2,17454,11.2,0.05,2018
201–250,University of Iceland,48.3–51.6,19.5,29,93.4,57.3,63,8693,15.3,0.10,2018
201–250,University of Iowa,48.3–51.6,42,34,78.2,60.6,35.4,27310,12.4,0.13,2018
201–250,James Cook University,48.3–51.6,23.4,27.7,89.1,42.9,73.9,11867,22.5,0.12,2018
201–250,University of Kiel,48.3–51.6,31.5,28.1,94.4,9.1,52.4,25392,23.4,0.08,2018
201–250,King Abdulaziz University,48.3–51.6,25.6,15.3,97.3,77.8,92,31554,8.1,0.21,2018
201–250,University of Konstanz,48.3–51.6,39.1,44.5,65.2,69.9,61.8,11381,48.2,0.12,2018
201–250,Korea University,48.3–51.6,44.7,47.7,49,97.7,49,23037,15.6,0.19,2018
201–250,University of Galway,48.3–51.6,26.8,30.1,80.5,42.5,80.3,13898,26.6,0.18,2018
201–250,Osaka University,48.3–51.6,53.7,57.6,38.7,81.3,33.5,23256,9.5,0.10,2018
201–250,University of Otago,48.3–51.6,31.2,30.7,82.2,45.1,88.6,18157,19.9,0.20,2018
201–250,University of Ottawa,48.3–51.6,37.6,37.5,69.1,40.2,73.6,35177,25.6,0.17,2018
201–250,Paris Diderot University – Paris 7,48.3–51.6,30.2,25.8,89.7,32.6,67.7,27992,14.9,0.17,2018
201–250,University of Passau,48.3–51.6,30.2,23.6,92.7,40.8,49,11804,74.8,0.09,2018
201–250,University of Potsdam,48.3–51.6,35.6,41.4,74.3,42.2,55,20066,59.1,0.10,2018
201–250,Queen’s University Belfast,48.3–51.6,28.3,32.3,83.1,35.7,94.6,17945,16.6,0.32,2018
201–250,Queensland University of Technology,48.3–51.6,30.7,40.3,73,63.2,79.1,35211,37,0.17,2018
201–250,RCSI University of Medicine and Health Sciences,48.3–51.6,31.9,21.8,92.8,40.7,88.6,2136,17.6,0.64,2018
201–250,University of Reading,48.3–51.6,34.6,34.9,73.9,36.9,88.8,12875,14.6,0.33,2018
201–250,Ruhr University Bochum,48.3–51.6,36.6,42.9,62.3,73.2,52.3,43004,61.1,0.13,2018
201–250,"St George’s, University of London",48.3–51.6,21.4,23.4,100,35.3,69.9,3175,14.8,0.17,2018
201–250,University of South Australia,48.3–51.6,31.5,36.3,63.3,81.6,91.8,17575,25.8,0.41,2018
201–250,University of Stuttgart,48.3–51.6,41.1,48.8,60,68.8,52.6,26059,53.2,0.18,2018
201–250,University of Tampere,48.3–51.6,25.8,32.4,88.2,51.5,41.6,9360,22.2,0.03,2018
201–250,Technical University of Darmstadt,48.3–51.6,39.2,43.7,57.2,95.9,54.3,17776,44.5,0.16,2018
201–250,University of Technology Sydney,48.3–51.6,29.7,40.5,71.7,51,94.2,25256,43.6,0.37,2018
201–250,Tel Aviv University,48.3–51.6,41.5,52.1,59.4,42.7,49.5,22973,23.1,0.04,2018
201–250,University of Texas at Dallas,48.3–51.6,25.7,29.4,89.8,41.5,57.7,22967,25.4,0.25,2018
201–250,Tohoku University,48.3–51.6,49.6,50.6,46.5,68.3,34.7,17494,5.5,0.10,2018
201–250,Ulsan National Institute of Science and Technology (UNIST),48.3–51.6,22.9,30.7,95.9,66,47.9,4046,14.3,0.07,2018
201–250,University College Dublin,48.3–51.6,29.2,37.5,74,38.1,89.3,21605,23,0.26,2018
201–250,University of Utah,48.3–51.6,37.2,34.1,88.5,46.1,33,30040,14.5,0.10,2018
201–250,Vita-Salute San Raffaele University,48.3–51.6,34,23.1,96.3,32.8,45.7,2598,7.1,0.05,2018
201–250,University of Waterloo,48.3–51.6,35.7,41.7,69.8,42.6,80,32000,26.1,0.17,2018
201–250,Western University,48.3–51.6,41.8,36.1,68.8,55.7,75.2,28996,22,0.17,2018
201–250,Yonsei University (Seoul campus),48.3–51.6,48.6,50.2,46.1,99.2,54.6,18038,14.7,0.21,2018
251–300,Aix-Marseille University,45.2–48.2,40.2,22.4,70,34.4,60.7,66623,16.8,0.12,2018
251–300,University of Bath,45.2–48.2,33.9,31.7,67.3,36,88.3,12515,16.3,0.32,2018
251–300,University of Bayreuth,45.2–48.2,34.4,34.1,67.8,62.7,54.7,12917,37.9,0.08,2018
251–300,Bielefeld University,45.2–48.2,36.9,42,58.6,54.5,46.3,23683,66.8,0.08,2018
251–300,University of Bremen,45.2–48.2,36.4,36.5,63.2,45.7,52.1,19040,34.2,0.11,2018
251–300,University at Buffalo,45.2–48.2,38.8,28.5,69.8,44.7,62.5,25247,17.7,0.18,2018
251–300,Clark University,45.2–48.2,23.7,23.7,93.4,32.6,60,3316,11.7,0.26,2018
251–300,University of Colorado Denver/Anschutz Medical Campus,45.2–48.2,30.2,18,95.1,42,29,15491,5,0.08,2018
251–300,Colorado School of Mines,45.2–48.2,33.6,26.8,81.7,55.5,41.3,5557,17.6,0.11,2018
251–300,Dalhousie University,45.2–48.2,26.6,28.3,74.3,41.5,82.4,15201,14.9,0.20,2018
251–300,École des Ponts ParisTech,45.2–48.2,38.1,16.9,74.9,63.3,79.4,1749,12.3,0.41,2018
251–300,University of Essex,45.2–48.2,33.4,32,62.8,32.5,95.8,10985,16.5,0.43,2018
251–300,Goethe University Frankfurt,45.2–48.2,32.5,27.8,73.4,38.6,60.7,45387,13.3,0.15,2018
251–300,Griffith University,45.2–48.2,23.4,29.8,77.7,40.7,82,31772,22.3,0.19,2018
251–300,University of Hohenheim,45.2–48.2,34.9,28.8,70,50.3,51.7,9557,42.9,0.13,2018
251–300,University of Illinois Chicago,45.2–48.2,42.1,31.6,68.2,42.1,56.2,25450,11.4,0.19,2018
251–300,Indian Institute of Science,45.2–48.2,53.8,48.6,44.4,49.5,19.5,3550,8.4,0.01,2018
251–300,University of Innsbruck,45.2–48.2,27.5,18.5,77.8,37.5,96.7,14530,13.1,0.39,2018
251–300,Johannes Gutenberg University of Mainz,45.2–48.2,36.4,23.6,79.8,57.5,55.2,34219,32.1,0.10,2018
251–300,Université Laval,45.2–48.2,37.7,28.7,70.3,54.7,66.8,29322,16.9,0.13,2018
251–300,Macquarie University,45.2–48.2,31.3,34.4,70,41,77,27955,31,0.22,2018
251–300,University of Marburg,45.2–48.2,35.7,27.7,75,36.6,49.9,26062,37.4,0.09,2018
251–300,Medical University of Vienna,45.2–48.2,31.2,13.5,90.2,36.6,84.1,7209,2.7,0.28,2018
251–300,University of Newcastle,45.2–48.2,28,26.9,73,62.9,79.9,22921,22,0.17,2018
251–300,North Carolina State University,45.2–48.2,35.6,34.5,68.4,42.5,52.8,30254,13.1,0.13,2018
251–300,Norwegian University of Science and Technology,45.2–48.2,30.7,34.6,68.3,42,64.9,21571,16.9,0.11,2018
251–300,University of Oregon,45.2–48.2,31.1,30.1,84.7,32,37,23728,18.6,0.14,2018
251–300,Oregon Health and Science University,45.2–48.2,32.2,15.1,99,44.5,24.4,2895,1,0.02,2018
251–300,University of Oulu,45.2–48.2,30.2,30,79.1,43.2,53.1,10287,23.7,0.06,2018
251–300,Queen’s University,45.2–48.2,40,35.9,61.7,51,66.3,21227,22.7,0.12,2018
251–300,University of São Paulo,45.2–48.2,52.9,55.5,31.5,38.1,30.9,82258,14.8,0.04,2018
251–300,Simon Fraser University,45.2–48.2,25.6,33.4,75.6,43.5,90.4,26309,27.6,0.29,2018
251–300,University of Southern Denmark,45.2–48.2,21.4,25.3,83.4,68.8,78.1,25328,13.5,0.16,2018
251–300,University of South Florida (Tampa),45.2–48.2,29.6,35.8,74.4,93,46.9,33053,19.6,0.12,2018
251–300,Stony Brook University,45.2–48.2,33,23.8,84.4,33.4,58.7,23136,10.4,0.24,2018
251–300,University of Surrey,45.2–48.2,30.3,33.1,64.5,46.3,92.7,11025,14.2,0.38,2018
251–300,Swansea University,45.2–48.2,22.1,25.6,80.4,34.9,79.9,13895,16.2,0.24,2018
251–300,Swedish University of Agricultural Sciences,45.2–48.2,30,27.1,79.3,98.1,42.5,3812,4.4,0.04,2018
251–300,Syracuse University,45.2–48.2,32.8,28.7,79.5,37,45.6,20180,16.3,0.19,2018
251–300,Tokyo Institute of Technology,45.2–48.2,49.5,52.9,39.8,67.8,35.8,9570,7.3,0.13,2018
251–300,University of Trento,45.2–48.2,26.2,29.6,85.1,39.9,58.2,17759,29.4,0.08,2018
251–300,Umeå University,45.2–48.2,24.9,29.8,81.8,34.9,60.6,16553,11.7,0.10,2018
251–300,Wake Forest University,45.2–48.2,34.8,18.4,91.4,38.4,28.2,7579,4.1,0.06,2018
251–300,William & Mary,45.2–48.2,44.9,18.2,84.6,32.6,32.2,8044,11.8,0.09,2018
251–300,University of the Witwatersrand,45.2–48.2,26.6,23.2,76.5,99.9,69.8,25342,24.6,0.08,2018
251–300,University of Wollongong,45.2–48.2,29.4,33.2,67.1,47.7,88.1,16947,27,0.24,2018
301–350,Aberystwyth University,42.4–45.1,24.2,25.5,76.7,36.6,74.9,7920,18.4,0.18,2018
301–350,University of Alaska Fairbanks,42.4–45.1,25.3,23.2,78.3,44.9,52.8,3769,8.3,0.06,2018
301–350,Anglia Ruskin University (ARU),42.4–45.1,16.7,11.2,99.4,32.6,71.1,15195,21.7,0.25,2018
301–350,Bangor University,42.4–45.1,25.7,21.4,72.7,33.4,83.8,9325,18.5,0.25,2018
301–350,"Birkbeck, University of London",42.4–45.1,30.5,32,62.2,32.4,87.5,9015,16.9,0.39,2018
301–350,University of Bordeaux,42.4–45.1,31,22,75.2,34.8,54.3,52526,21,0.12,2018
301–350,Boston College,42.4–45.1,37,20,74.1,43.8,53.8,12943,16.1,0.12,2018
301–350,Brighton and Sussex Medical School,42.4–45.1,18.8,12.9,97,31.7,72,760,11.7,0.16,2018
301–350,Charles Darwin University,42.4–45.1,17.9,18.6,88,38.8,82.2,6551,22.4,0.32,2018
301–350,University of Connecticut,42.4–45.1,35.7,28.5,66.8,34.6,48.5,26669,12.7,0.12,2018
301–350,Deakin University,42.4–45.1,23.3,26.6,72,36.2,77.7,36768,32.9,0.17,2018
301–350,University of Denver,42.4–45.1,35.9,29.8,74.4,35.7,28.8,9671,13.2,0.11,2018
301–350,University of Eastern Finland,42.4–45.1,25.2,26.1,79.1,36.2,49.3,11459,18.3,0.06,2018
301–350,Flinders University,42.4–45.1,22.9,27.6,77.9,39.4,68.4,16757,23.9,0.18,2018
301–350,Free University of Bozen-Bolzano,42.4–45.1,22,14.3,88.6,32.1,68.9,3304,11.6,0.12,2018
301–350,George Mason University,42.4–45.1,28.5,26.4,76,33.2,40.8,27749,17.5,0.08,2018
301–350,"Goldsmiths, University of London",42.4–45.1,33.9,26,62,31.8,77,7415,13.9,0.37,2018
301–350,Grenoble Alpes University,42.4–45.1,30.9,22.9,74.9,33.8,60.7,39298,17,0.15,2018
301–350,University of Houston,42.4–45.1,36.8,34.1,60.5,37.8,39.8,41128,42.9,0.10,2018
301–350,Iowa State University,42.4–45.1,29.1,31.4,65.3,48.6,53.8,31307,18.8,0.12,2018
301–350,University of Kent,42.4–45.1,25.1,23.6,67.8,32.1,90.2,16950,12.6,0.31,2018
301–350,Khalifa University,42.4–45.1,23.4,18.7,71.4,84.5,97.9,3134,8.3,0.32,2018
301–350,Koç University,42.4–45.1,25.7,32.1,65.2,84.3,53.8,5172,14.9,0.10,2018
301–350,University of Liège,42.4–45.1,25.8,33.6,57.9,96.8,71,21910,27.1,0.23,2018
301–350,Loughborough University,42.4–45.1,34,32.9,52.7,38.5,74.8,13455,14.9,0.22,2018
301–350,Medical University of Graz,42.4–45.1,24.3,15.7,85.8,46.9,74.8,3323,6.9,0.23,2018
301–350,University of Milan,42.4–45.1,34.1,25.9,73.7,42.9,41.4,56805,28.1,0.05,2018
301–350,Nagoya University,42.4–45.1,44.9,47.2,43.2,87.2,29.9,15594,7.9,0.10,2018
301–350,National Tsing Hua University,42.4–45.1,38,37.1,59.4,54.8,29,10194,13.8,0.05,2018
301–350,University of Navarra,42.4–45.1,27.9,24.5,74.6,63.9,59.7,10827,14.9,0.19,2018
301–350,University of Nebraska-Lincoln,42.4–45.1,32.4,29.6,65.9,37.9,50.4,22578,16.3,0.12,2018
301–350,Oregon State University,42.4–45.1,30.1,29.3,72.4,36.5,48.5,23668,16.2,0.10,2018
301–350,Politecnico di Milano,42.4–45.1,32.2,31.7,65,58.1,53.1,33189,23.8,0.14,2018
301–350,Rensselaer Polytechnic Institute,42.4–45.1,28.9,31.8,71.7,67.3,46.2,7240,15.7,0.17,2018
301–350,Rush University,42.4–45.1,35.3,12.4,88.2,41.3,14.8,2437,2.1,0.03,2018
301–350,Sapienza University of Rome,42.4–45.1,38.4,34.7,64.1,41.2,38.9,111453,32.1,0.07,2018
301–350,University of Stirling,42.4–45.1,24.4,25.7,76.2,33.6,76.7,8505,15.1,0.21,2018
301–350,University of Tartu,42.4–45.1,24.5,25.3,83.6,33.5,50.4,8835,11.6,0.05,2018
301–350,University of Tasmania,42.4–45.1,24.1,30.8,65.4,51.5,82.2,11346,14.5,0.22,2018
301–350,Technion Israel Institute of Technology,42.4–45.1,32.7,34.8,58.6,39,64.4,14693,21.7,0.05,2018
301–350,The University of Tennessee-Knoxville,42.4–45.1,32.4,21.7,79.2,41.3,42.7,25264,16.4,0.05,2018
301–350,TU Dortmund University,42.4–45.1,34.9,31.1,64,45.5,42,32870,99.6,0.10,2018
301–350,TU Wien,42.4–45.1,37.2,29.2,53.2,67.6,81.1,17931,36.5,0.28,2018
301–350,Victoria University,42.4–45.1,24.1,23.2,73.4,39.5,71.1,14795,31.4,0.20,2018
301–350,University of Victoria,42.4–45.1,24.8,21.9,72.2,41.4,76.7,18388,22.8,0.15,2018
301–350,Virginia Polytechnic Institute and State University,42.4–45.1,33.5,39.6,65.1,43.8,33.5,30975,18.2,0.11,2018
301–350,Vrije Universiteit Brussel,42.4–45.1,30.6,25.6,68.7,51.7,71.6,12785,22.2,0.21,2018
301–350,Washington State University,42.4–45.1,29.3,27.7,70.3,50.9,45.6,27135,19.7,0.07,2018
351–400,The University of Alabama,40.0–42.3,30,20.6,76.7,33.3,27.7,33679,22.2,0.05,2018
351–400,American University,40.0–42.3,39.4,23.6,66.8,38.2,32.2,11534,11.7,0.13,2018
351–400,Aston University,40.0–42.3,23.7,26.4,63.3,33.7,92.1,8990,20,0.31,2018
351–400,Autonomous University of Madrid,40.0–42.3,33,28.1,58.4,34.9,49,29305,13.4,0.13,2018
351–400,Brunel University London,40.0–42.3,28.1,25.4,53.9,36.3,93.1,11360,16,0.41,2018
351–400,University of Canberra,40.0–42.3,22.9,25.2,68,33.6,65.9,11438,30.3,0.28,2018
351–400,University of Canterbury,40.0–42.3,23.7,26.9,60.9,37.9,90.4,11931,16.8,0.21,2018
351–400,"City, University of London",40.0–42.3,26.6,26.7,57.8,33.4,93,13460,17.3,0.53,2018
351–400,"Colorado State University, Fort Collins",40.0–42.3,28.7,30.9,67.9,36.7,37.7,23921,15.9,0.06,2018
351–400,University of Côte d’Azur,40.0–42.3,26.4,14.6,70.4,36.7,81.1,33839,21.8,0.23,2018
351–400,University of Crete,40.0–42.3,20,17.6,85.9,37.4,47.1,14522,26.2,0.04,2018
351–400,Curtin University,40.0–42.3,22.6,23.7,60.6,39.5,94.4,31483,18.5,0.37,2018
351–400,Cyprus University of Technology,40.0–42.3,17.8,13.8,88.6,33,69.9,3072,18.7,0.08,2018
351–400,Drexel University,40.0–42.3,33.6,16.9,68.5,37.4,49.4,20714,10.9,0.18,2018
351–400,Federal University of Toulouse Midi-Pyrénées,40.0–42.3,30.9,25.8,65.4,35.6,61.4,98538,24.6,0.17,2018
351–400,University of Georgia,40.0–42.3,30.1,32.3,60.7,34.3,42.6,33842,16.3,0.07,2018
351–400,Georgia State University,40.0–42.3,30.9,24.7,65.4,32.1,39.7,28593,18.9,0.06,2018
351–400,Gwangju Institute of Science and Technology (GIST),40.0–42.3,38.6,40.5,40.9,66.8,34.4,1731,11.5,0.06,2018
351–400,Hanyang University,40.0–42.3,35.6,38.1,41.9,84.7,56.4,20879,14.6,0.17,2018
351–400,Heriot-Watt University,40.0–42.3,26.2,21.5,65.2,37.8,92.4,9260,16.4,0.41,2018
351–400,Indian Institute of Technology Bombay,40.0–42.3,43.1,37.6,47.8,53.4,19.9,9870,17.9,0.01,2018
351–400,Justus Liebig University Giessen,40.0–42.3,32.8,29.4,61.7,40.2,48,28201,47.3,0.09,2018
351–400,University of Kansas,40.0–42.3,36.2,22.7,63.3,39.1,36.7,24515,7.2,0.09,2018
351–400,Kyushu University,40.0–42.3,42.5,40.7,35.7,71.6,33.9,18696,7.6,0.12,2018
351–400,La Trobe University,40.0–42.3,27.1,33,49.8,58.1,79.5,20343,34.5,0.26,2018
351–400,Leibniz University Hannover,40.0–42.3,37.3,36.9,47.1,56.3,43.7,25162,65.3,0.12,2018
351–400,Linköping University,40.0–42.3,23.4,14.9,78.4,41.9,63.1,18740,8.1,0.11,2018
351–400,University of Macau,40.0–42.3,22,26.5,56.7,42,98.7,9230,14.5,0.33,2018
351–400,University of Malaya,40.0–42.3,31.2,26.6,54.4,49.5,77,21990,10.9,0.18,2018
351–400,Montpellier University,40.0–42.3,34.8,16.7,68.7,35.2,58.7,39828,19.9,0.14,2018
351–400,Örebro University,40.0–42.3,18.6,19.7,83.3,33.1,44.4,8800,16.4,0.02,2018
351–400,University of Padua,40.0–42.3,27.4,17.1,81.9,35.8,41,62218,30.8,0.04,2018
351–400,University of Pavia,40.0–42.3,24.3,21.9,74.7,54.7,44.8,23632,37.2,0.07,2018
351–400,University of Pisa,40.0–42.3,22.4,20.1,80.1,37.3,38,50810,28.9,0.04,2018
351–400,Royal Veterinary College,40.0–42.3,24,18.3,70.8,40.3,84.5,1855,10,0.18,2018
351–400,Sabancı University,40.0–42.3,23.2,35.2,62.1,87.8,46.6,3247,20,0.09,2018
351–400,University of Salerno,40.0–42.3,19.1,15.5,87.8,39.4,33.5,37230,51.4,0.01,2018
351–400,University of South Carolina-Columbia,40.0–42.3,33.6,27.8,63.2,33.2,39.8,30869,18.2,0.05,2018
351–400,Stellenbosch University,40.0–42.3,28.3,36.1,60,7.3,52.6,23207,26.1,0.08,2018
351–400,University of Strasbourg,40.0–42.3,29.9,20.9,67.2,35.4,69.4,41399,16.5,0.19,2018
351–400,Sun Yat-sen University,40.0–42.3,39.9,32.3,55.9,52,32.8,51089,16.3,0.09,2018
351–400,Temple University,40.0–42.3,34.2,19.1,74.6,36.1,34.3,33958,11.5,0.08,2018
351–400,University of Trieste,40.0–42.3,29.6,17.8,75,32.5,45.6,17054,24.8,0.08,2018
351–400,Tulane University,40.0–42.3,39.7,14.7,66.1,35.1,39.5,11193,11,0.11,2018
351–400,University of Turku,40.0–42.3,25.7,27.6,70,33.9,50.3,12263,15.7,0.05,2018
351–400,University College Cork,40.0–42.3,28,26.9,61,45.9,78.5,15890,21.8,0.17,2018
351–400,University of Vermont,40.0–42.3,27.4,20,82.8,45.2,26.5,10992,8.9,0.03,2018
351–400,Université de Versailles Saint-Quentin-en-Yvelines,40.0–42.3,18.4,15.1,85.5,33.9,58.1,17323,22.4,0.14,2018
351–400,University of Waikato,40.0–42.3,21,24.1,63.5,39.1,89.2,10019,17,0.27,2018
351–400,Wayne State University,40.0–42.3,32.5,16.6,75.1,42.5,36.7,22215,10.8,0.09,2018
351–400,York University,40.0–42.3,30.5,40.9,47.9,37.2,73.9,46146,40.8,0.23,2018
401–500,Auckland University of Technology,35.0–39.9,19.7,14.2,60.5,33.5,96.1,17861,15.8,0.42,2018
401–500,University of Bari Aldo Moro,35.0–39.9,25,17.9,70.1,38.9,34.7,47856,60.5,0.02,2018
401–500,Bar-Ilan University,35.0–39.9,27.6,32.7,44.9,59,53.3,16412,17.5,0.05,2018
401–500,University of Bergamo,35.0–39.9,20.2,20,69.6,41.5,34.3,16769,55.5,0.06,2018
401–500,Bilkent University,35.0–39.9,23.3,20.3,67.1,42.8,55.6,10007,14.4,0.05,2018
401–500,Boğaziçi University,35.0–39.9,21.5,21.4,57.3,55.1,47.7,11967,26.8,0.08,2018
401–500,University of Brescia,35.0–39.9,17.5,15.6,73.9,35.2,40.2,14542,26.4,0.07,2018
401–500,University of Calabria,35.0–39.9,16.9,25.2,69.2,32.6,34.3,28313,35.1,0.03,2018
401–500,University of Campinas,35.0–39.9,43.5,40,31.7,45.5,27.1,26811,14.3,0.04,2018
401–500,CentraleSupélec,35.0–39.9,26.3,16.2,56.7,45,82.5,4226,11.6,0.33,2018
401–500,Charles University,35.0–39.9,29,22,56.3,32.1,55.6,50495,13.1,0.16,2018
401–500,Chung-Ang University,35.0–39.9,37.4,35.6,25.9,77.5,58.2,11381,16.1,0.28,2018
401–500,Claude Bernard University Lyon 1,35.0–39.9,23.1,18.2,68.9,37.1,53.3,27067,13,0.12,2018
401–500,University of Cyprus,35.0–39.9,20.8,25,63.1,48.1,76.8,6989,23.1,0.09,2018
401–500,Dublin City University,35.0–39.9,27.8,29,44.2,48.5,78.5,9180,25.5,0.17,2018
401–500,University of Florence,35.0–39.9,20.5,11.4,73.1,36.3,41.5,53112,15.7,0.07,2018
401–500,Florida International University,35.0–39.9,28.2,19.5,59.2,35.6,37.4,32838,24.4,0.08,2018
401–500,University of Genoa,35.0–39.9,28,16.7,66.6,41,42.7,35711,27.1,0.09,2018
401–500,University of Graz,35.0–39.9,23.7,18.3,58.1,32.8,74,21053,22.9,0.13,2018
401–500,Graz University of Technology,35.0–39.9,26.2,16.3,58.5,69.3,74.7,6395,10.2,0.17,2018
401–500,University of Greifswald,35.0–39.9,29.1,20.2,63.6,36.7,46,10857,20.8,0.06,2018
401–500,Hamburg University of Technology,35.0–39.9,34.4,23.1,51.6,87.9,48.9,7391,55.1,0.19,2018
401–500,Hasselt University,35.0–39.9,23.8,27.1,53.9,48.3,57.2,5045,19,0.12,2018
401–500,Hofstra University,35.0–39.9,32.9,4.8,74.9,31.7,28.5,10001,13.9,0.10,2018
401–500,Hokkaido University,35.0–39.9,42.1,40.2,33.1,52,32.6,18038,8,0.09,2018
401–500,Hong Kong Baptist University,35.0–39.9,22,13.8,66.9,32.4,84.8,11467,11.4,0.30,2018
401–500,Huazhong University of Science and Technology,35.0–39.9,31.2,27.5,50.3,63.9,22.5,56140,16.7,0.05,2018
401–500,University of Hull,35.0–39.9,24,21.5,53.1,34.2,73.1,13480,16.6,0.19,2018
401–500,Jordan University of Science and Technology,35.0–39.9,14.8,7,79.4,34.3,64.1,23103,12.6,0.20,2018
401–500,University of Jyväskylä,35.0–39.9,28.6,28.2,58.4,33.7,50,10020,15.8,0.05,2018
401–500,University of Kaiserslautern,35.0–39.9,34.1,22.8,48.7,73.2,48.5,14493,52.5,0.16,2018
401–500,University of KwaZulu-Natal,35.0–39.9,25,30.8,49.8,41.2,59.3,32023,25.3,0.05,2018
401–500,Kyung Hee University,35.0–39.9,29,37,46,82.2,54.3,23512,17.2,0.18,2018
401–500,University of Lille,35.0–39.9,21.1,20.9,62.3,37.4,56.5,67978,28.1,0.12,2018
401–500,Louisiana State University,35.0–39.9,35.1,35.4,52.4,7.7,33,29533,20.5,0.06,2018
401–500,Makerere University,35.0–39.9,17.5,11.6,75.8,38.1,58.5,36688,28.8,0.08,2018
401–500,University of Manitoba,35.0–39.9,27,27.2,56.9,40.2,45.4,29017,28,0.15,2018
401–500,Marche Polytechnic University,35.0–39.9,25.3,14.7,79.8,39,29.1,16931,24,0.04,2018
401–500,"University of Maryland, Baltimore County",35.0–39.9,23.6,17,70.7,33.4,32.8,11781,18.8,0.08,2018
401–500,Massey University,35.0–39.9,22.5,18.9,48.9,37.6,92.5,18688,15.7,0.29,2018
401–500,Maynooth University,35.0–39.9,23.2,27.6,51,36.3,78.1,8361,30.6,0.12,2018
401–500,Middlesex University,35.0–39.9,19.7,15.1,61.2,32.1,87,14755,18,0.46,2018
401–500,University of Milan-Bicocca,35.0–39.9,28.4,16.5,73.3,43.1,43.6,34245,48.4,0.07,2018
401–500,Mizzou - University of Missouri,35.0–39.9,32,19.5,59.8,33.1,36,30535,11.5,0.06,2018
401–500,University of Modena and Reggio Emilia,35.0–39.9,18.5,16.8,74.1,40.6,38,20737,27.8,0.06,2018
401–500,University of Montana,35.0–39.9,34.6,17.7,69.9,33.6,25.6,9573,16.6,0.03,2018
401–500,Murdoch University,35.0–39.9,20.4,23.9,58.9,41.5,91.5,15526,30.7,0.48,2018
401–500,National Chiao Tung University,35.0–39.9,34.6,41.1,31.5,89,35.8,12639,17.7,0.07,2018
401–500,National Taiwan University of Science and Technology (Taiwan Tech),35.0–39.9,30.4,43.1,39.9,85.1,36,7981,18.7,0.13,2018
401–500,University of Nebraska Medical Center,35.0–39.9,34.7,10.6,58.6,36.2,41.2,2856,2.4,0.09,2018
401–500,University of Neuchâtel,35.0–39.9,23.6,20.9,47.4,33.7,90.9,4216,8.8,0.23,2018
401–500,Northern Arizona University,35.0–39.9,19.7,11.3,91.6,32.1,29.8,27227,26.8,0.05,2018
401–500,Norwegian University of Life Sciences,35.0–39.9,24,7.9,68,37.3,77.9,5723,7.1,0.22,2018
401–500,University of Oklahoma,35.0–39.9,32.6,18.6,68.2,38.5,37.2,27333,10.6,0.07,2018
401–500,The Open University,35.0–39.9,20.9,16.2,67.6,32.4,53.6,67355,33,0.08,2018
401–500,Oxford Brookes University,35.0–39.9,31.7,27.2,40.3,32.2,75.3,13255,17.9,0.28,2018
401–500,University of Parma,35.0–39.9,18.6,19,69,37.3,37.3,24307,27.6,0.06,2018
401–500,University of Plymouth,35.0–39.9,21.5,19.7,68.6,32.3,68.3,18335,18.1,0.15,2018
401–500,Universitat Politècnica de Catalunya,35.0–39.9,27.1,17.6,55.3,41.6,53.2,21581,9.8,0.12,2018
401–500,Polytechnic University of Turin,35.0–39.9,26.9,20.9,68.6,48.1,48.1,30903,29.7,0.14,2018
401–500,Qatar University,35.0–39.9,19.8,18.3,60.7,46.1,99.8,13342,17.6,0.42,2018
401–500,Reykjavík University,35.0–39.9,14.9,16,79.1,33.7,60.1,3206,29.4,0.06,2018
401–500,RMIT University,35.0–39.9,24.2,20.5,53.3,38.4,87.1,31465,17.2,0.25,2018
401–500,University of Rome II – Tor Vergata,35.0–39.9,25.2,15.4,71.9,38.5,43.3,32325,17.9,0.06,2018
401–500,University of Rome III,35.0–39.9,26.3,10.6,67.3,37.4,38.4,34492,56.2,0.04,2018
401–500,Roskilde University,35.0–39.9,20,29.3,52.1,35,49.6,6034,14.5,0.09,2018
401–500,Rovira i Virgili University,35.0–39.9,22.2,17.2,76.4,34.5,47.7,12604,12.6,0.10,2018
401–500,University of St Gallen,35.0–39.9,30.1,19.5,52,43.7,96,7456,13.1,0.35,2018
401–500,Saint Louis University,35.0–39.9,35.7,14.7,65,34.7,28,10976,6.8,0.07,2018
401–500,San Diego State University,35.0–39.9,23.6,23.4,69.1,32.8,30.2,29136,30.7,0.07,2018
401–500,University of Saskatchewan,35.0–39.9,34.7,24.5,40.9,60.2,66.8,16712,16.3,0.17,2018
401–500,Sciences Po,35.0–39.9,32.6,27.1,52.1,36.2,70.5,9679,38.1,0.45,2018
401–500,Semmelweis University,35.0–39.9,22.6,11.9,61.5,34.4,73.8,10880,10.7,0.31,2018
401–500,University of Siegen,35.0–39.9,24.8,25.2,61.2,39.6,52.4,19339,49.2,0.11,2018
401–500,University of Siena,35.0–39.9,20.7,13.8,68.8,34.4,41.3,17928,14,0.06,2018
401–500,SOAS University of London,35.0–39.9,37.1,35,31,31.8,77,4855,11.6,0.56,2018
401–500,Southern Cross University,35.0–39.9,23.3,23.5,52.6,41,57.7,8298,32.4,0.18,2018
401–500,University of Strathclyde,35.0–39.9,26.1,32.2,44.1,45.1,80.9,17495,21.5,0.27,2018
401–500,SUNY Binghamton University,35.0–39.9,23,19.5,70.3,34.9,42.9,17238,23.7,0.15,2018
401–500,Swinburne University of Technology,35.0–39.9,25.6,24.3,59,36.1,74.2,13269,24.7,0.25,2018
401–500,The University of Texas at San Antonio,35.0–39.9,18.8,18.4,84.2,32.4,34.2,25945,25.8,0.06,2018
401–500,Tokyo Medical and Dental University (TMDU),35.0–39.9,35.9,20.5,53.2,57.1,24.5,2906,3.2,0.07,2018
401–500,Tongji University,35.0–39.9,36.5,38.2,25.4,99.4,47.5,35810,12.9,0.11,2018
401–500,University of Tsukuba,35.0–39.9,38.6,35,34.1,47,39.9,16514,13,0.19,2018
401–500,The University of Tulsa,35.0–39.9,35.5,14.1,62.1,56.5,44.9,4671,12.4,0.25,2018
401–500,University of Turin,35.0–39.9,20.6,20.3,72.3,45.3,43.7,59116,31.4,0.07,2018
401–500,UiT The Arctic University of Norway,35.0–39.9,20.9,17.1,63.5,40.5,68,12601,12.1,0.12,2018
401–500,University of Urbino Carlo Bo,35.0–39.9,17.9,10,81.3,34.1,43.4,11658,28.6,0.09,2018
401–500,Verona University,35.0–39.9,22.8,11.9,79.8,36.8,42,24582,20.6,0.06,2018
401–500,Victoria University of Wellington,35.0–39.9,27.6,30.4,48,57.2,87.6,17086,19.8,0.20,2018
401–500,Western Sydney University,35.0–39.9,19.1,26,62.3,37.1,77.8,32744,34,0.13,2018
401–500,University of Wisconsin-Milwaukee,35.0–39.9,23.2,20.4,65.7,33.4,30.7,21928,18.7,0.06,2018
401–500,Wuhan University,35.0–39.9,44.9,33.7,37.5,89.9,37.7,50178,14.3,0.07,2018
401–500,Xiamen University,35.0–39.9,28.8,24.9,56.4,9.7,28.9,41430,15,0.04,2018
501–600,Alfaisal University,30.7–34.9,16.1,27.3,39.3,54.3,97.4,1891,14.5,0.34,2018
501–600,American University of Beirut,30.7–34.9,25.7,12.2,52.9,38.3,87.5,8045,8.6,0.22,2018
501–600,Aristotle University of Thessaloniki,30.7–34.9,20.6,15.9,53.8,38.5,38.2,45709,24.7,0.04,2018
501–600,University of Arkansas,30.7–34.9,26.4,19.5,47.6,44.5,30,24140,20.4,0.06,2018
501–600,Athens University of Economics and Business,30.7–34.9,17.7,22.8,51.8,48.6,45.8,9674,42.2,0.07,2018
501–600,Australian Catholic University,30.7–34.9,16.8,19.7,59.5,35.3,45,21846,30.7,0.09,2018
501–600,University of Aveiro,30.7–34.9,23.5,26.3,45.5,39.8,49,10105,17.1,0.10,2018
501–600,Blaise Pascal University,30.7–34.9,21.5,6.5,61.1,33.5,62.9,15538,15.2,0.13,2018
501–600,Bond University,30.7–34.9,19.3,23.4,37.6,34.6,88.9,3215,13.9,0.39,2018
501–600,Université Bourgogne Franche-Comté (UBFC),30.7–34.9,23.9,13,55.6,35.7,50.6,56702,28.9,0.11,2018
501–600,Ca’ Foscari University of Venice,30.7–34.9,25.6,28.4,37.3,34.7,43.3,19353,40.7,0.08,2018
501–600,Carleton University,30.7–34.9,20.5,28,43,33.6,65.6,25973,30.1,0.20,2018
501–600,University of Catania,30.7–34.9,17.2,11.7,70.1,34.3,28.4,35168,22.8,0.01,2018
501–600,Catholic University of the Sacred Heart,30.7–34.9,19.7,11.6,62.5,35.3,35.8,32844,11.4,0.08,2018
501–600,Central China Normal University,30.7–34.9,23.5,9.2,72.5,39,28.7,36706,23.1,0.07,2018
501–600,Central Queensland University,30.7–34.9,27.8,10.1,58.9,34.3,61.2,13048,27.8,0.29,2018
501–600,"China Medical University, Taiwan",30.7–34.9,24.4,27.1,42.3,79.1,29.3,7752,17.1,0.10,2018
501–600,University of Coimbra,30.7–34.9,25.3,23.4,48.2,37.8,55.1,21928,17,0.16,2018
501–600,Complutense University of Madrid,30.7–34.9,35.2,27.4,38.5,33.5,41.7,62392,20.1,0.13,2018
501–600,Concordia University,30.7–34.9,21.4,24,40.3,34.8,80.7,32331,31.1,0.28,2018
501–600,Creighton University,30.7–34.9,37.1,10.3,56.2,35,31.1,8213,11.3,0.09,2018
501–600,Diego Portales University,30.7–34.9,15.7,8.7,74.7,31.8,47.7,16348,14.4,0.02,2018
501–600,East China Normal University,30.7–34.9,25.4,20.1,46.9,46,47.2,27189,12.6,0.13,2018
501–600,Edith Cowan University,30.7–34.9,20.4,20.3,52.2,36.4,77.4,16315,35.5,0.23,2018
501–600,Ewha Womans University,30.7–34.9,27.1,26.4,43,68.9,42.6,15044,14.4,0.11,2018
501–600,Universidade Federal de São Paulo (UNIFESP),30.7–34.9,35.8,16.9,41.2,34,24.6,14475,9.3,0.01,2018
501–600,Federico Santa María Technical University,30.7–34.9,14.6,10.7,64.8,40,51.7,19265,30.3,0.02,2018
501–600,University of Ferrara,30.7–34.9,21.2,10.2,69.6,34.2,44.8,13902,8.3,0.07,2018
501–600,University of Granada,30.7–34.9,22.5,19.2,46.8,32.8,50.1,59539,17.6,0.14,2018
501–600,Harbin Institute of Technology,30.7–34.9,34.4,31.9,31.4,99,31.6,29395,10,0.09,2018
501–600,University of Hertfordshire,30.7–34.9,18.2,11.9,54,32.6,79,17330,17.3,0.28,2018
501–600,Indian Institute of Technology Delhi,30.7–34.9,36.6,19.2,48.7,51.8,16.8,7284,13.3,0.01,2018
501–600,Indian Institute of Technology Kanpur,30.7–34.9,32.6,21.7,38.5,92.7,19.5,6472,15.2,0.01,2018
501–600,Indian Institute of Technology Roorkee,30.7–34.9,30.2,18.1,56.1,69.9,16,8240,14.1,0.01,2018
501–600,University of Ioannina,30.7–34.9,19.2,14.9,68.1,36.5,42.7,21672,41.6,0.04,2018
501–600,Johannes Kepler University of Linz,30.7–34.9,26.3,15.3,49.8,53.7,59.9,6449,11,0.10,2018
501–600,Keele University,30.7–34.9,19.8,19.5,54.5,33.8,73.4,7985,13.9,0.23,2018
501–600,Kent State University,30.7–34.9,23.8,16.9,60.2,32.1,37.3,23647,18.6,0.09,2018
501–600,King Fahd University of Petroleum and Minerals,30.7–34.9,26.8,12.8,37.4,61.7,85.5,6471,6.1,0.20,2018
501–600,King Saud University,30.7–34.9,24.5,27.6,30.7,95.1,78.8,34489,9.3,0.10,2018
501–600,Konkuk University,30.7–34.9,33.1,32.5,23.3,39.4,40.5,15229,28,0.12,2018
501–600,Lappeenranta-Lahti University of Technology LUT,30.7–34.9,26.7,26.5,32.6,55.8,58.7,3622,23.4,0.19,2018
501–600,Lehigh University,30.7–34.9,24.7,19.9,54.5,36.6,40.5,6476,11.4,0.16,2018
501–600,University of Limerick,30.7–34.9,22.1,19.9,46.5,36,85,13302,20.3,0.18,2018
501–600,Lincoln University,30.7–34.9,29.1,16.1,41.8,36.6,83.7,2455,4.3,0.34,2018
501–600,University of Lisbon,30.7–34.9,24,22.6,53.2,36.8,49.4,49682,18.6,0.10,2018
501–600,Liverpool John Moores University,30.7–34.9,18,14.7,62.7,32.7,66.8,18270,18.2,0.13,2018
501–600,University of Lorraine,30.7–34.9,21.9,11.3,60.7,37.8,58,55606,18.4,0.15,2018
501–600,Mahidol University,30.7–34.9,27.1,16,43.4,60,45,28996,10.5,0.03,2018
501–600,Masaryk University,30.7–34.9,22.2,22.7,42.8,33.7,56.3,34756,22.4,0.20,2018
501–600,Memorial University of Newfoundland,30.7–34.9,19.1,16.1,55.9,49.5,58.3,15116,12.9,0.15,2018
501–600,Missouri University of Science and Technology,30.7–34.9,26.2,23.9,40.6,47.5,65.9,8146,23.7,0.17,2018
501–600,Montana State University,30.7–34.9,18.1,18.2,66.1,48.2,27.2,14023,18.8,0.04,2018
501–600,Nantes Université,30.7–34.9,20.2,19.3,55.7,36.2,46.8,37231,24.7,0.10,2018
501–600,National and Kapodistrian University of Athens,30.7–34.9,26.3,13.6,54.4,49.3,46.2,60850,32.9,0.09,2018
501–600,National Cheng Kung University (NCKU),30.7–34.9,28.3,38.2,28.3,99.8,31.9,21337,14.4,0.11,2018
501–600,National Taiwan Normal University,30.7–34.9,28.8,33.5,25.3,82.9,47.9,10718,12.9,0.26,2018
501–600,New Jersey Institute of Technology,30.7–34.9,19.7,14.7,59.7,34.2,55.4,11423,21.1,0.18,2018
501–600,Northumbria University,30.7–34.9,19.1,15.2,50.3,32.4,65.1,22175,17.8,0.16,2018
501–600,NOVA University of Lisbon,30.7–34.9,24.8,24.8,46.5,43.9,55.9,19495,19.1,0.14,2018
501–600,Oklahoma State University,30.7–34.9,27.5,22.4,42.5,36.1,29.8,21677,22.1,0.06,2018
501–600,University of Palermo,30.7–34.9,19.1,13.5,67.8,33,25.7,43249,27.8,0.01,2018
501–600,Panthéon-Sorbonne University – Paris 1,30.7–34.9,49.3,40.1,10.4,32,50.8,40270,33.4,0.21,2018
501–600,Polytechnic University of Valencia,30.7–34.9,24,25.4,44.4,43.5,43.6,23471,10,0.11,2018
501–600,Pontificia Universidad Católica de Chile,30.7–34.9,25.9,25.1,42.5,35.8,53.9,27065,15.4,0.07,2018
501–600,Pontifical Javeriana University,30.7–34.9,17,8.7,66.6,32.6,44.7,28108,17,0.01,2018
501–600,University of Porto,30.7–34.9,27.1,26.9,47,39.8,48.3,31743,18.8,0.11,2018
501–600,University of Portsmouth,30.7–34.9,19.1,14.3,57.1,32.1,83.1,19095,15.5,0.27,2018
501–600,Université du Québec,30.7–34.9,26.2,22.4,43.4,40.9,62.9,54033,20.1,0.10,2018
501–600,Renmin University of China,30.7–34.9,42.3,21.4,37.6,38.2,42.6,25183,12,0.06,2018
501–600,University of Salento,30.7–34.9,20.1,11.8,62.4,36.6,26.6,19025,37.8,0.01,2018
501–600,University of Sassari,30.7–34.9,20.9,13.1,61,34.1,35.8,12194,19.6,0.01,2018
501–600,Sejong University,30.7–34.9,25.5,18.5,50.2,35,33.2,11884,16.3,0.06,2018
501–600,Shandong University,30.7–34.9,35.4,30.9,29.5,69.7,22.7,45900,14.8,0.05,2018
501–600,Université de Sherbrooke,30.7–34.9,29,13.2,51.3,33.4,57.2,14373,12.3,0.08,2018
501–600,"Soochow University, China",30.7–34.9,21.1,17.7,61.6,68.4,22.5,45109,16,0.05,2018
501–600,South China University of Technology,30.7–34.9,22.5,24.1,48.3,65.9,22.5,42076,16.3,0.02,2018
501–600,University of South Dakota,30.7–34.9,30.9,14,56.4,33.6,24.1,15624,31.8,0.03,2018
501–600,Southeast University,30.7–34.9,29.7,32.9,33.2,92.7,21.7,32464,11.7,0.05,2018
501–600,University of Split,30.7–34.9,16.8,12.5,60.3,33.5,41.7,20817,30.7,0.01,2018
501–600,Stevens Institute of Technology,30.7–34.9,20.6,16.2,59.5,33.2,64.2,5636,16.2,0.35,2018
501–600,University of the Sunshine Coast,30.7–34.9,17.1,20.9,46.5,34.4,63.3,8202,28.3,0.16,2018
501–600,Tampere University of Technology,30.7–34.9,25.4,15.9,54.2,80.2,51,5490,19.6,0.08,2018
501–600,University of Texas at Arlington,30.7–34.9,20.8,16.4,51.5,37.7,41.3,26325,25.3,0.14,2018
501–600,Texas Tech University,30.7–34.9,31,18.4,39.5,33.1,42.5,32486,22.2,0.09,2018
501–600,Tianjin University,30.7–34.9,36.9,32.8,28.5,97.1,18.8,30513,12,0.01,2018
501–600,Tokyo Metropolitan University,30.7–34.9,22.7,13.3,57.8,34,24.8,9263,10,0.04,2018
501–600,University of Toledo,30.7–34.9,32.7,13.9,42.9,42.9,41.9,18525,15.9,0.10,2018
501–600,Universiti Tunku Abdul Rahman (UTAR),30.7–34.9,15.4,7.8,71.3,32.5,30.8,18642,16.9,0.01,2018
501–600,University of Ulsan,30.7–34.9,20.1,20.3,59.4,56.2,20.7,13689,12.6,0.03,2018
501–600,Ulster University,30.7–34.9,21,15.6,50.6,33,72,18550,14.9,0.08,2018
501–600,United Arab Emirates University,30.7–34.9,22.9,16.9,49.1,38.4,95.1,7492,9.2,0.26,2018
501–600,University of Valencia,30.7–34.9,21.9,18.4,56.2,34.4,42.2,48725,14.9,0.09,2018
501–600,University of Warsaw,30.7–34.9,25.9,18.3,47.1,32.4,44.6,50026,14.1,0.09,2018
501–600,University of the West of Scotland,30.7–34.9,14.9,10.9,68.2,32.4,61.4,11160,19.9,0.13,2018
501–600,Xi’an Jiaotong University,30.7–34.9,32.7,26.2,35,56,35.8,32199,10.7,0.04,2018
601–800,University of the Aegean,21.5–30.6,17.7,16.4,41.3,32.4,35.4,12264,37.9,0.01,2018
601–800,AGH University of Science and Technology,21.5–30.6,18.6,12.3,35.6,35.7,20.3,32930,14.9,0.02,2018
601–800,The University of Aizu,21.5–30.6,19.4,10,42.7,34.8,67.5,1228,11.5,0.03,2018
601–800,University of Alcalá,21.5–30.6,20.4,12.2,45.9,40.5,59.8,18023,13.1,0.21,2018
601–800,University of Algarve,21.5–30.6,19.5,11.2,42.3,33.2,56.9,7643,12.2,0.11,2018
601–800,Aligarh Muslim University,21.5–30.6,29.9,10.1,33.1,31.7,23.9,17732,14.6,0.02,2018
601–800,American University in Cairo,21.5–30.6,23.3,18,24.7,32.5,68.3,6093,12.4,0.05,2018
601–800,American University of Sharjah,21.5–30.6,15.5,12.5,22.7,35.4,96.2,5778,15,0.84,2018
601–800,Amirkabir University of Technology,21.5–30.6,27.4,27.2,35.3,74.4,16.8,12815,23.3,0.01,2018
601–800,"University of the Andes, Colombia",21.5–30.6,21.1,15,49.4,39.9,53.2,16664,15.3,0.02,2018
601–800,Atılım University,21.5–30.6,16.1,7.5,60,33.3,34.6,7100,16.1,0.05,2018
601–800,Auburn University,21.5–30.6,31.8,20.2,30.9,38.9,33.2,23186,18.2,0.05,2018
601–800,Babeş-Bolyai University,21.5–30.6,24.8,11.3,32.9,32.2,40.8,37961,24.3,0.02,2018
601–800,Banaras Hindu University,21.5–30.6,24.8,15.5,26.4,31.7,16,24399,18.8,0.02,2018
601–800,University of the Basque Country,21.5–30.6,21,14.8,51.4,34.8,40.8,44028,14.8,0.06,2018
601–800,Baylor University,21.5–30.6,30.7,16.7,39.2,33.1,27.1,16736,17,0.05,2018
601–800,University of Bedfordshire,21.5–30.6,17.6,12,24.5,32,71.8,11365,18.9,0.32,2018
601–800,Beihang University,21.5–30.6,27.1,30.6,21,99.1,24.2,28884,14.4,0.06,2018
601–800,Beijing Institute of Technology,21.5–30.6,29.2,28.5,16.5,93.9,22.1,28174,12.6,0.07,2018
601–800,University of Beira Interior,21.5–30.6,20,15,48.7,32,41.8,6925,16,0.08,2018
601–800,Ben-Gurion University of the Negev,21.5–30.6,24.6,26.4,34.7,42.7,35.5,16568,20.4,0.03,2018
601–800,Beni-Suef University,21.5–30.6,18.4,6.4,63.2,31.8,43.3,69962,32.5,0.01,2018
601–800,Bournemouth University,21.5–30.6,18.1,15.7,40.9,32.1,77,12300,17.3,0.19,2018
601–800,University of Bradford,21.5–30.6,19.2,14.5,26.7,34.6,81.4,9635,16.9,0.30,2018
601–800,University of Brighton,21.5–30.6,18.2,12.5,39.3,32.7,69.6,16665,17.5,0.22,2018
601–800,University of Cagliari,21.5–30.6,20.5,6.1,62.6,34.4,36,29645,32.6,0.02,2018
601–800,Capital Medical University,21.5–30.6,26.4,18.9,19,32.4,20.5,12488,6.9,0.04,2018
601–800,Carlos III University of Madrid,21.5–30.6,24.6,15.3,33.6,36.3,56.8,16429,11.1,0.14,2018
601–800,University of Central Lancashire,21.5–30.6,17.2,12.5,35.3,32.2,59.3,16500,15.5,0.18,2018
601–800,Central South University,21.5–30.6,23.6,23.7,26.8,68.4,16.6,55707,17.1,0.01,2018
601–800,Chang Gung University,21.5–30.6,22.1,25.5,29.9,41.7,19.1,7540,12.5,0.02,2018
601–800,"University of Chemistry and Technology, Prague",21.5–30.6,24.8,13.8,20.9,39.2,49.4,4210,10,0.20,2018
601–800,Chiba University,21.5–30.6,27.6,17.7,32.1,52.5,24.2,14002,10.1,0.05,2018
601–800,University of Chile,21.5–30.6,24.4,19,34.3,31.8,49.1,38848,17.2,0.05,2018
601–800,China Agricultural University,21.5–30.6,33.3,23.1,34.7,45.2,20.6,18725,11.3,0.02,2018
601–800,"China University of Geosciences, Beijing",21.5–30.6,27.7,14.5,41.8,50.7,20.6,17840,17.5,0.01,2018
601–800,"China University of Geosciences, Wuhan",21.5–30.6,21.6,15.2,33.5,48,21.8,30585,20.3,0.03,2018
601–800,Chonnam National University,21.5–30.6,20.8,14.5,31.1,36.9,24.1,23984,13.8,0.03,2018
601–800,Chulalongkorn University,21.5–30.6,27,14.9,18.4,73.3,34.8,38734,14.8,0.03,2018
601–800,Comenius University in Bratislava,21.5–30.6,22.6,11.9,25.3,31.8,49.1,22857,11.1,0.11,2018
601–800,Coventry University,21.5–30.6,18.6,10.1,28.7,32.3,82,22735,14.3,0.45,2018
601–800,Czech Technical University in Prague,21.5–30.6,20.2,17.3,28.5,39.3,45.3,21266,13.2,0.16,2018
601–800,Dalian University of Technology,21.5–30.6,23.3,21.3,32.6,82.9,23.1,38678,16.6,0.02,2018
601–800,University of Dayton,21.5–30.6,30.2,15.1,22.3,37.8,33,10502,15.2,0.15,2018
601–800,University of Delhi,21.5–30.6,40.2,17.6,23.1,31.9,18.4,22107,23.1,0.01,2018
601–800,De Montfort University,21.5–30.6,18.9,13.6,31.9,31.9,65.5,15880,18.8,0.25,2018
601–800,Dublin Institute of Technology,21.5–30.6,17,10.7,34.6,33.5,77.5,14544,19.5,0.26,2018
601–800,East China University of Science and Technology,21.5–30.6,20.9,17.2,45.9,83.8,30.6,24207,17.4,0.06,2018
601–800,Eastern Mediterranean University,21.5–30.6,18,16.3,36.1,79.5,80.9,19069,32.5,0.84,2018
601–800,University of East London,21.5–30.6,22.4,13.1,18.2,31.8,77.3,11855,20.3,0.33,2018
601–800,École Centrale de Lyon,21.5–30.6,29.2,15,33.9,71.4,61.9,1871,15.2,0.22,2018
601–800,École normale supérieure Paris-Saclay,21.5–30.6,31.3,10.6,42.2,45,55.3,1631,10.5,0.15,2018
601–800,Edinburgh Napier University,21.5–30.6,17,10.9,30.4,34.2,77.1,10955,20.3,0.32,2018
601–800,Embry-Riddle Aeronautical University,21.5–30.6,16.6,7.4,63.6,31.9,27.6,15514,15.3,0.11,2018
601–800,Eötvös Loránd University,21.5–30.6,21.1,12.6,42.2,32.4,47,23558,14.8,0.07,2018
601–800,Universidade Estadual Paulista (Unesp),21.5–30.6,33.7,21.6,12.7,33.1,22.2,44059,13.3,0.03,2018
601–800,Universidade Federal do ABC (UFABC),21.5–30.6,29.2,12.1,29.3,34.5,32.8,12467,20.3,0.01,2018
601–800,Federal University of Itajubá,21.5–30.6,29.5,20.4,11.8,100,19.6,7559,15.3,0.01,2018
601–800,Federal University of Minas Gerais,21.5–30.6,29.3,14.5,30.8,34.3,24.8,45138,14.5,0.02,2018
601–800,Federal University of Rio de Janeiro,21.5–30.6,30.2,19.8,23.2,40.5,28.3,54989,14,0.02,2018
601–800,Universidade Federal do Rio Grande do Sul,21.5–30.6,30,9,30.7,6.1,23.5,39588,14.4,0.01,2018
601–800,Florida Atlantic University,21.5–30.6,19,12.9,40.6,1.7,45.5,17330,15.8,0.10,2018
601–800,Florida Institute of Technology,21.5–30.6,22.4,12.7,26.1,34.7,59.7,5343,14.6,0.35,2018
601–800,Fuzhou University,21.5–30.6,17.5,10.2,54,42.1,20,35901,17.7,0.01,2018
601–800,Gebze Technical University,21.5–30.6,19.8,10.4,34.7,33.4,26.6,5781,23.1,0.02,2018
601–800,Glasgow Caledonian University,21.5–30.6,17.1,10.9,42.9,32.7,59.9,13825,21.9,0.19,2018
601–800,University of Greenwich,21.5–30.6,17.1,12.3,40.1,33.2,84.7,14680,18.7,0.35,2018
601–800,Hacettepe University,21.5–30.6,28.2,10.7,42.9,33.8,23.6,39181,18.3,0.05,2018
601–800,University of Haifa,21.5–30.6,24.9,30,34.3,33.8,35.9,17917,30.7,0.02,2018
601–800,Hiroshima University,21.5–30.6,29.7,19.6,39,48.9,26.8,14769,8.3,0.06,2018
601–800,Huazhong Agricultural University,21.5–30.6,26.8,12.9,48,39.8,18.5,25619,17.6,0.01,2018
601–800,University of Huddersfield,21.5–30.6,20.5,16.3,26.5,33.5,66,15155,22.5,0.26,2018
601–800,Hunan University,21.5–30.6,20.5,19.6,42.2,51.3,18.3,42004,22.2,0.02,2018
601–800,Indian Institute of Technology Guwahati,21.5–30.6,24.8,19.2,46.4,36.1,15.1,5419,13.4,0.01,2018
601–800,Indian Institute of Technology (Indian School of Mines) Dhanbad,21.5–30.6,22.8,11.9,43.1,49.7,13.2,6692,24.6,0.01,2018
601–800,Inha University,21.5–30.6,23,19.5,23.1,66.3,27.1,19921,23.8,0.03,2018
601–800,ISCTE-University Institute of Lisbon,21.5–30.6,24.6,24.7,17.5,33.5,46.6,8699,22.8,0.12,2018
601–800,Isfahan University of Technology,21.5–30.6,21.4,20.5,41.8,84.1,20.1,9323,19.8,0.01,2018
601–800,Istanbul Technical University,21.5–30.6,22.5,24.2,33.5,100,25.6,36061,16.9,0.04,2018
601–800,University of Jaén,21.5–30.6,16.7,11.7,39.8,34.2,32.2,16894,20.5,0.08,2018
601–800,Jagiellonian University,21.5–30.6,23.1,14.2,37.9,32.7,34.3,42594,11.8,0.06,2018
601–800,Jeonbuk National University,21.5–30.6,21.6,18.7,26,37.2,28.3,23728,20.7,0.03,2018
601–800,University of Johannesburg,21.5–30.6,19.3,23.5,36.3,42.7,55.6,28122,27.4,0.07,2018
601–800,Juntendo University,21.5–30.6,32.2,12.4,27.9,48.5,20.1,4246,3.7,0.01,2018
601–800,Kagawa University,21.5–30.6,21.6,11.1,33.1,36.9,27.9,6453,9.6,0.02,2018
601–800,Kanazawa University,21.5–30.6,27.4,16.7,31.7,33.8,21.5,10464,10.4,0.05,2018
601–800,Kansas State University,21.5–30.6,24.3,17.8,44.1,41.5,45.1,22017,14.7,0.11,2018
601–800,Kaohsiung Medical University,21.5–30.6,20.2,19.1,28.1,50.2,24.4,6894,12.2,0.06,2018
601–800,Universiti Kebangsaan Malaysia,21.5–30.6,30.5,21.4,11,34.1,39.1,19353,11.8,0.12,2018
601–800,Keio University,21.5–30.6,31.6,23.2,33.1,40.1,27.5,34689,11.1,0.07,2018
601–800,King Mongkut’s University of Technology Thonburi,21.5–30.6,18,10.6,42.3,98,30.1,16413,22,0.01,2018
601–800,Kingston University,21.5–30.6,18.8,15.6,26.4,32.2,80.2,17340,21.5,0.36,2018
601–800,Kobe University,21.5–30.6,30.3,19.3,26.5,38.9,24.8,15751,7.8,0.07,2018
601–800,Kochi University,21.5–30.6,20.1,9.4,36,37.6,25.8,5584,8.4,0.01,2018
601–800,Kumamoto University,21.5–30.6,24.8,13.6,24.9,43.8,26.4,10214,7.8,0.06,2018
601–800,Kuwait University,21.5–30.6,19.1,8.8,27.1,35.3,70.8,37752,24,0.13,2018
601–800,Kyungpook National University,21.5–30.6,22.1,19.6,22.9,39,24.5,27162,18.2,0.04,2018
601–800,University of La Laguna,21.5–30.6,18.1,9.7,57.5,32.4,46.6,20248,14,0.04,2018
601–800,Leeds Beckett University,21.5–30.6,16.8,11.1,39.5,32.2,46.8,20120,20.7,0.14,2018
601–800,University of Lincoln,21.5–30.6,17,12.1,30.1,32.8,65.5,10875,16,0.16,2018
601–800,University of Ljubljana,21.5–30.6,25.7,16.1,35.8,35.6,38.5,42922,15.8,0.04,2018
601–800,Manchester Metropolitan University,21.5–30.6,19.1,11.8,29.9,32,59.4,26685,15.3,0.15,2018
601–800,University of Maribor,21.5–30.6,18.9,15.3,49,39.2,36.7,13197,15.4,0.04,2018
601–800,Marquette University,21.5–30.6,35.1,12.7,30,34.6,22,10664,12.4,0.05,2018
601–800,Middle East Technical University,21.5–30.6,28.6,20.6,31.9,61.2,29.4,26739,26.3,0.07,2018
601–800,University of Minho,21.5–30.6,23.2,22.8,35.8,67.6,47.3,18257,18.4,0.10,2018
601–800,Mississippi State University,21.5–30.6,19,15.8,42.9,34.9,23.1,38420,28.6,0.04,2018
601–800,Monterrey Institute of Technology,21.5–30.6,24.3,14.8,31.9,80.1,65.4,14003,17.2,0.13,2018
601–800,University of Murcia,21.5–30.6,20.1,12.4,32.1,33,34.7,30623,15.3,0.06,2018
601–800,Nagoya City University,21.5–30.6,23.1,12.5,32.2,42.8,19.5,4317,8,0.03,2018
601–800,Nanjing Agricultural University,21.5–30.6,23,16.2,43.1,42.9,18,26301,16.1,0.01,2018
601–800,Nanjing Medical University,21.5–30.6,24.9,22.6,37.6,32.8,19.5,12783,9.1,0.05,2018
601–800,Nanjing Normal University,21.5–30.6,19.9,10.2,40.2,47.3,18.4,26714,14.6,0.03,2018
601–800,Nanjing Tech University,21.5–30.6,17.7,12,39.4,62,18,30098,17.9,0.01,2018
601–800,National Autonomous University of Mexico,21.5–30.6,34.4,29.4,19.4,57.3,39.3,145024,12.1,0.06,2018
601–800,National Central University,21.5–30.6,25,23.3,20.9,67.2,35.1,10859,9.5,0.10,2018
601–800,National Chengchi University,21.5–30.6,23,24.5,11.5,34,42.8,15555,16.9,0.13,2018
601–800,National Institute of Applied Sciences of Lyon (INSA Lyon),21.5–30.6,25.7,12.6,39,62.8,75.3,6029,8.5,0.30,2018
601–800,National Institute of Technology Rourkela,21.5–30.6,25.3,13.9,47.4,33.3,15.5,5746,19.1,0.04,2018
601–800,National University of Sciences and Technology,21.5–30.6,20.3,8.7,39.9,32.6,37,10373,8,0.03,2018
601–800,National Sun Yat-Sen University,21.5–30.6,24.4,28.1,26.4,46.8,27.9,9013,15.7,0.05,2018
601–800,National Yang-Ming University,21.5–30.6,37.8,18,37.7,34.8,18.6,4255,5,0.02,2018
601–800,New Mexico State University (Main campus),21.5–30.6,22.8,9,57.7,36.4,35.2,13670,16.7,0.08,2018
601–800,University of North Carolina at Greensboro,21.5–30.6,22.9,20.2,41,33,19.1,17774,23.9,0.03,2018
601–800,Northeast Normal University,21.5–30.6,22.7,5.8,51.2,33.5,16.4,24802,15.6,0.01,2018
601–800,University of Northern British Columbia (UNBC),21.5–30.6,20.2,13.1,34.6,36.6,38.9,2752,11.4,0.10,2018
601–800,Northwestern Polytechnical University,21.5–30.6,23.9,29.7,17.2,76.4,18.4,26904,14.2,0.03,2018
601–800,Nottingham Trent University,21.5–30.6,18.3,11.4,35.1,32,60,23045,16.9,0.18,2018
601–800,Okayama University,21.5–30.6,25.4,15.4,26.4,45.9,22.5,13115,7.9,0.04,2018
601–800,Old Dominion University,21.5–30.6,24.2,18.2,51,1.7,28.8,19148,19.7,0.03,2018
601–800,Osaka City University,21.5–30.6,25.2,13.9,26,38.7,22.4,8386,9.1,0.04,2018
601–800,Otto von Guericke University of Magdeburg,21.5–30.6,23.4,12.8,47.3,41.6,52.9,14248,12.2,0.14,2018
601–800,University of Oviedo,21.5–30.6,27,13.5,49.1,34.1,31.9,23806,13.4,0.02,2018
601–800,Palacký University Olomouc,21.5–30.6,19.3,12.2,45,32.5,54.6,18332,11.4,0.10,2018
601–800,Panjab University,21.5–30.6,27.1,8.6,55.5,31.8,16,17046,22.6,0.01,2018
601–800,University of Patras,21.5–30.6,19.1,12.4,37.2,45.1,35.7,24989,33.9,0.05,2018
601–800,University of Pécs,21.5–30.6,19.4,10.1,39.3,46.9,55.3,16396,12.6,0.17,2018
601–800,University of the Philippines,21.5–30.6,20.5,10,40,32.6,39.8,51086,11.2,0.01,2018
601–800,Pontifical Catholic University of Peru,21.5–30.6,15.4,5.2,40.6,31.7,51.3,27013,17,0.03,2018
601–800,Pontifical Catholic University of Rio de Janeiro (PUC-Rio),21.5–30.6,27.5,23.1,21.5,99.8,40.3,15638,22,0.03,2018
601–800,Portland State University,21.5–30.6,20.4,15.4,49.4,39.6,32,21207,15.9,0.09,2018
601–800,University of Pretoria,21.5–30.6,25.7,26.5,29.3,63.5,49.9,36005,24.1,0.08,2018
601–800,Pusan National University,21.5–30.6,27.1,27.9,28.8,63.1,34.9,25464,19.7,0.11,2018
601–800,Universiti Putra Malaysia,21.5–30.6,26.6,23.7,17.2,36,61.1,25929,12.9,0.18,2018
601–800,University of Regina,21.5–30.6,16.9,6.2,42.5,32.5,51.2,12178,22.2,0.15,2018
601–800,University Rey Juan Carlos,21.5–30.6,18.8,10.3,37.3,34.6,42.8,33849,26.5,0.11,2018
601–800,Rochester Institute of Technology,21.5–30.6,20.1,17.7,41.2,33.6,37.9,13784,16.2,0.17,2018
601–800,University of Roehampton,21.5–30.6,18.8,19.2,16.2,32.1,72,7170,17.7,0.28,2018
601–800,Universiti Sains Malaysia,21.5–30.6,32.2,17.7,15,38.4,45.8,25975,12.9,0.08,2018
601–800,University of Salamanca,21.5–30.6,24.8,13.7,35.5,33.5,47.7,30943,18.5,0.14,2018
601–800,University of Salford,21.5–30.6,21.2,14.3,22,32.6,69.9,15790,16.6,0.26,2018
601–800,University of Santiago de Compostela,21.5–30.6,20.9,15,48.2,35.2,44.2,27573,15.9,0.08,2018
601–800,Savitribai Phule Pune University,21.5–30.6,38.9,7.2,21.6,34.4,18.3,6155,15.9,0.03,2018
601–800,University of Science and Technology Beijing,21.5–30.6,25.6,22.2,16,60.1,17.4,24384,15.8,0.03,2018
601–800,University of Seoul,21.5–30.6,24.9,15.5,22.2,33.9,25,8902,17,0.05,2018
601–800,University of Seville,21.5–30.6,20.9,15.4,35.7,42.8,34.7,54413,18.5,0.02,2018
601–800,Shanghai University,21.5–30.6,20.6,15.9,25.5,45.7,23.5,36461,13.5,0.05,2018
601–800,Sichuan University,21.5–30.6,30.6,24.5,25.2,71.2,20.7,60848,13.9,0.04,2018
601–800,Sogang University,21.5–30.6,27.2,28.3,25.4,48.7,28.6,9440,21.5,0.07,2018
601–800,University of Southern Queensland,21.5–30.6,21.9,16.5,26,33.1,69.1,11921,25.9,0.19,2018
601–800,University of South Wales,21.5–30.6,16.5,9,38.5,32.3,61.1,17330,17,0.19,2018
601–800,Suranaree University of Technology,21.5–30.6,21.9,10.1,33.6,40.6,32.2,14107,32.6,0.01,2018
601–800,University of Szeged,21.5–30.6,20.4,10.8,34,35.4,51.7,20864,13.1,0.12,2018
601–800,Taipei Medical University,21.5–30.6,25.2,26.4,32.1,99.6,31.4,5929,12.1,0.07,2018
601–800,Tallinn University of Technology,21.5–30.6,17.9,11.8,34.9,45.5,50.7,10921,21.2,0.10,2018
601–800,Technical University of Madrid,21.5–30.6,23.8,13.6,34.8,43,45,40371,13.6,0.12,2018
601–800,University of Technology of Compiègne,21.5–30.6,23,9.5,41.6,38.1,79.1,4321,15.4,0.24,2018
601–800,Teesside University,21.5–30.6,16.5,9.3,38.6,32,48,11095,18,0.12,2018
601–800,University of Tehran,21.5–30.6,31.1,21.7,28.2,31.7,21.4,59457,29.4,0.02,2018
601–800,Tehran University of Medical Sciences,21.5–30.6,44.2,14,21.4,35.6,17.7,12668,7.6,0.03,2018
601–800,Universiti Teknologi Malaysia,21.5–30.6,31.1,20.4,22.7,38.6,51.1,18214,10.5,0.14,2018
601–800,Universiti Teknologi Petronas,21.5–30.6,22.4,23.4,16.1,87.5,63.6,5875,15.3,0.22,2018
601–800,University of Texas at El Paso,21.5–30.6,20.9,20.6,33.9,31.7,35.7,16595,23.8,0.07,2018
601–800,Tokyo University of Agriculture and Technology,21.5–30.6,26.1,22.6,21.3,44.1,23.4,5797,14.8,0.06,2018
601–800,Tokyo University of Science,21.5–30.6,23.2,24.9,21.7,37.4,18,19791,25.1,0.01,2018
601–800,University of Vigo,21.5–30.6,19.4,12.2,32.2,35.7,40.3,19472,16.6,0.06,2018
601–800,Vilnius University,21.5–30.6,20.1,13.5,35.6,40,47.9,17364,12.3,0.06,2018
601–800,Warsaw University of Technology,21.5–30.6,19.9,9.8,44.1,36.2,23.4,31101,13,0.05,2018
601–800,Waseda University,21.5–30.6,31,22.1,31.3,35.6,34.2,49840,15.8,0.08,2018
601–800,University of the West of England,21.5–30.6,17,14,32.6,32.4,57.5,20470,18.4,0.19,2018
601–800,University of the Western Cape,21.5–30.6,18.8,17.6,35.9,33.3,60.8,20382,31.6,0.09,2018
601–800,University of Westminster,21.5–30.6,19.8,15,32.2,32.1,82.2,17040,20,0.46,2018
601–800,University of Windsor,21.5–30.6,19.3,15,26.6,34.9,50.8,15227,19.1,0.17,2018
601–800,Yeungnam University,21.5–30.6,19.1,11.7,37.3,39.4,32.2,20532,14.7,0.04,2018
601–800,Yokohama City University,21.5–30.6,26.2,6.5,37.8,37.5,19.1,4889,3.5,0.02,2018
601–800,University of Zaragoza,21.5–30.6,20.5,12.3,50.8,37.1,37.6,29924,11.2,0.06,2018
801–1000,University of Abou Bekr Belkaïd Tlemcen,15.6–21.4,27.9,8,4.8,31.9,40,42407,23.8,0.01,2018
801–1000,University of A Coruña,15.6–21.4,19.1,11.2,23.7,34.3,30.6,15735,11.9,0.02,2018
801–1000,"Adam Mickiewicz University, Poznań",15.6–21.4,18.7,11.6,22.8,32.3,30.5,40412,14.9,0.02,2018
801–1000,Ain Shams University,15.6–21.4,21.1,8.2,13.5,33,34.9,131200,13.5,0.02,2018
801–1000,Ajou University,15.6–21.4,22,8.2,27.7,45.9,23.7,11629,10.2,0.04,2018
801–1000,Akdeniz University,15.6–21.4,16.2,15.6,12.3,99.7,18.4,33904,26.3,0.02,2018
801–1000,Alexandria University,15.6–21.4,16.8,7.9,23.9,33.4,44.5,166350,26.9,0.04,2018
801–1000,Alexandru Ioan Cuza University,15.6–21.4,22,9.3,17.2,31.8,36.7,23476,17.7,0.06,2018
801–1000,University of Alicante,15.6–21.4,18.5,11.8,26.5,34.1,38.3,28005,19.5,0.07,2018
801–1000,University of Almería,15.6–21.4,18,11.2,25.3,33.9,33.8,12315,18.4,0.07,2018
801–1000,Amrita Vishwa Vidyapeetham,15.6–21.4,21.6,9.5,17,52.5,47,14233,11.9,0.13,2018
801–1000,Andhra University,15.6–21.4,33.6,8.8,4.3,35.4,16.3,9632,19.2,0.03,2018
801–1000,Universidad Andrés Bello (UNAB),15.6–21.4,14.3,6.7,26,31.9,45,44906,26.1,0.01,2018
801–1000,Annamalai University,15.6–21.4,22.8,7.7,17.1,32,7.9,33028,16.2,0.02,2018
801–1000,"Asia University, Taiwan",15.6–21.4,16.6,21.2,19.8,51.4,23.9,12514,30.7,0.02,2018
801–1000,Assiut University,15.6–21.4,20,6.8,15.2,1.1,43.9,60170,33,0.01,2018
801–1000,Austral University of Chile,15.6–21.4,17.4,10.9,24.4,42.8,48.5,14423,16.7,0.02,2018
801–1000,Bandung Institute of Technology (ITB),15.6–21.4,20.8,11.8,8.1,83,31,16786,11.5,0.02,2018
801–1000,Beijing Jiaotong University,15.6–21.4,22.2,21.9,11.9,58.2,22.5,24610,13.7,0.06,2018
801–1000,University of Brasília,15.6–21.4,23.4,12.4,19.1,31.7,31.2,51179,19.3,0.02,2018
801–1000,Brno University of Technology,15.6–21.4,19.1,13.6,24,40.1,43.7,22278,21.4,0.19,2018
801–1000,University of Bucharest,15.6–21.4,22.7,6.5,17.1,31.8,39.5,31234,23.4,0.02,2018
801–1000,Budapest University of Technology and Economics,15.6–21.4,17.7,12.8,29,45.3,29.7,20258,19.6,0.03,2018
801–1000,Cairo University,15.6–21.4,21.5,11.4,22.6,33,32.9,252095,46.2,0.02,2018
801–1000,"California Polytechnic State University, San Luis Obispo",15.6–21.4,16.6,7,33.3,37,32.4,18838,20.5,0.02,2018
801–1000,University of Castilla-La Mancha,15.6–21.4,18.1,10.4,28.7,33.7,33.3,24174,14.3,0.05,2018
801–1000,Catholic University of the North,15.6–21.4,16.3,11.7,12.5,33.2,51.1,11187,20.2,0.01,2018
801–1000,Central University of Venezuela,15.6–21.4,16.4,7.3,18.9,31.9,37.6,48426,14.7,0.01,2018
801–1000,University of Cergy-Pontoise,15.6–21.4,19.4,9.3,20.8,35.1,63.2,18125,9.4,0.15,2018
801–1000,Chiang Mai University,15.6–21.4,21,12.8,19.8,49.7,34.7,35809,16.9,0.01,2018
801–1000,China University of Mining and Technology,15.6–21.4,20,15,15.9,57.9,14.8,43095,18.1,0.01,2018
801–1000,"China University of Petroleum, Beijing",15.6–21.4,22,22.9,12.8,99.6,19,15133,18.8,0.05,2018
801–1000,Chongqing University,15.6–21.4,19.2,17.8,20.8,58.8,19,49391,17.6,0.03,2018
801–1000,Chungnam National University,15.6–21.4,23.2,18.3,13.1,43.9,21.9,22674,22.2,0.03,2018
801–1000,Chung Yuan Christian University,15.6–21.4,16.8,23.9,15,42.2,28.5,15769,31.7,0.09,2018
801–1000,Chuo University,15.6–21.4,26.4,8.8,18.4,34.4,21.2,26870,37.6,0.03,2018
801–1000,University of Concepción,15.6–21.4,17.1,13.5,20.4,57.2,47.6,26682,17.9,0.01,2018
801–1000,Corvinus University of Budapest,15.6–21.4,16.9,9.5,18,32,43.7,13724,25,0.12,2018
801–1000,University of Costa Rica,15.6–21.4,18.2,6.9,19.1,0.6,48.2,30436,10.3,0.02,2018
801–1000,Czech University of Life Sciences Prague (CZU),15.6–21.4,18.7,12.1,12.1,47.7,66.9,17077,20.6,0.18,2018
801–1000,University of Debrecen,15.6–21.4,18.8,3.4,27.5,40.4,50.1,27519,18.2,0.14,2018
801–1000,Del Rosario University,15.6–21.4,17.7,8.1,25.6,31.9,45.7,8458,11.3,0.03,2018
801–1000,University of Derby,15.6–21.4,16.4,8.5,29.5,32.4,54.4,12215,15,0.14,2018
801–1000,Ehime University,15.6–21.4,20.9,13,17.9,38.6,24.9,9526,12.8,0.03,2018
801–1000,The University of Electro-Communications,15.6–21.4,20.4,19.8,17.1,36.3,27,4982,16.6,0.05,2018
801–1000,University of Electronic Science and Technology of China,15.6–21.4,19.6,14.3,21.4,86.9,20,34052,16.2,0.01,2018
801–1000,Erciyes University,15.6–21.4,17,11,21.8,71.2,20.8,35263,25.3,0.02,2018
801–1000,Federal University of Pelotas,15.6–21.4,18.3,8.1,35,1.1,19.7,17882,13.7,0.01,2018
801–1000,Federal University of Pernambuco,15.6–21.4,23.2,9.1,14.6,47,20.4,32408,12.7,0.01,2018
801–1000,Universidade Federal de Santa Catarina,15.6–21.4,25,10.6,23.6,38.4,26.1,34183,14.2,0.02,2018
801–1000,Federal University of São Carlos,15.6–21.4,25.5,12,15.9,32.3,22.4,18145,14.5,0.02,2018
801–1000,Feng Chia University,15.6–21.4,17.1,15.9,25,37.6,32.2,21014,24.8,0.12,2018
801–1000,Ferdowsi University of Mashhad,15.6–21.4,22.9,14.7,20.1,35.8,20.2,23211,28.4,0.04,2018
801–1000,Fu Jen Catholic University,15.6–21.4,17.9,13.3,24.6,45.3,24.7,23154,19.3,0.07,2018
801–1000,Universitas Gadjah Mada,15.6–21.4,18.9,10.4,18.1,60.6,38.9,42398,12.4,0.01,2018
801–1000,Gdańsk University of Technology,15.6–21.4,16.6,9.5,28.6,37.4,19.1,24230,19.9,0.01,2018
801–1000,University of Ghana,15.6–21.4,17.7,18.3,20.4,34.2,48.4,39436,35.1,0.02,2018
801–1000,Gifu University,15.6–21.4,22.7,10.8,15.5,34.7,21.3,7320,8,0.04,2018
801–1000,Grigore T. Popa University of Medicine and Pharmacy,15.6–21.4,20.1,7.1,9.9,32,51.2,9710,11.7,0.29,2018
801–1000,Hallym University,15.6–21.4,18.8,13.4,14.8,32.9,20,8688,10.1,0.03,2018
801–1000,Hamamatsu University School of Medicine,15.6–21.4,27.5,6,21.2,37.2,17.4,1198,3.8,0.02,2018
801–1000,Hosei University,15.6–21.4,17,8,30.4,32.5,23.2,28937,38.5,0.02,2018
801–1000,Huaqiao University,15.6–21.4,16,9,19.6,38.8,45.3,23442,14.9,0.15,2018
801–1000,University of Ibadan,15.6–21.4,25.9,11.4,7.4,40.3,32,26783,16.5,0.01,2018
801–1000,Imam Abdulrahman Bin Faisal University,15.6–21.4,20.7,6.3,5.3,32.3,70.8,22257,8.8,0.04,2018
801–1000,University of Indonesia,15.6–21.4,23.9,10.4,18.9,40.8,49.6,42854,13.7,0.05,2018
801–1000,University of Isfahan,15.6–21.4,24.8,20.2,9.1,41.4,16.1,12473,19.4,0.01,2018
801–1000,I-Shou University,15.6–21.4,16.1,14.4,15.5,49,28.7,16705,31.3,0.11,2018
801–1000,Istanbul University,15.6–21.4,26.4,18.1,14.9,52.6,24.4,96144,45.9,0.06,2018
801–1000,Iwate University,15.6–21.4,20.7,10.4,16.4,41.7,21.3,5713,14.6,0.02,2018
801–1000,Izmir Institute of Technology,15.6–21.4,18.8,9.2,32.3,42.4,29.8,4211,18.6,0.04,2018
801–1000,Jamia Millia Islamia,15.6–21.4,29.2,7.5,25.4,33.8,20.8,16710,23.3,0.01,2018
801–1000,Jiangsu University,15.6–21.4,21.5,9.9,16.6,51.5,27.6,32350,7,0.04,2018
801–1000,The Jikei University School of Medicine,15.6–21.4,25.5,8.6,28.3,35.1,18.6,1020,0.6,0.04,2018
801–1000,Jinan University,15.6–21.4,21.4,13.8,19.1,37.2,44.1,34016,14.8,0.25,2018
801–1000,The University of Jordan,15.6–21.4,19.3,9.1,11.5,34.8,62.8,31278,16,0.14,2018
801–1000,Kagoshima University,15.6–21.4,21.2,10.9,20.4,38.6,20.8,10577,10.2,0.03,2018
801–1000,Kansai Medical University,15.6–21.4,26.9,7,28.4,32.2,16.8,829,1.1,0.02,2018
801–1000,Kasetsart University,15.6–21.4,18.4,10.7,10.5,40.4,36.3,68505,23.1,0.01,2018
801–1000,University of Kerala,15.6–21.4,31.5,11.8,12.3,31.8,13.6,9593,31.3,0.01,2018
801–1000,Khon Kaen University,15.6–21.4,19.8,9.3,16.9,53.5,30.9,34661,18.8,0.02,2018
801–1000,Kindai University,15.6–21.4,15.6,9.4,35.4,37,20.4,30609,13,0.02,2018
801–1000,Kyoto Institute of Technology,15.6–21.4,23.1,13.9,8,40.4,20.6,4057,13,0.05,2018
801–1000,Kyushu Institute of Technology (Kyutech),15.6–21.4,20.2,11.9,18.2,46.4,24.8,5793,16,0.04,2018
801–1000,University of Latvia,15.6–21.4,18.8,9.3,20,32.3,40.1,12034,14,0.07,2018
801–1000,London South Bank University,15.6–21.4,16.4,8.9,12.1,32.7,69.7,12270,17.3,0.35,2018
801–1000,Mansoura University,15.6–21.4,17.4,6.5,29.3,40,36.2,109714,26.5,0.04,2018
801–1000,Marmara University,15.6–21.4,19.4,22.7,16.5,31.7,20.5,78666,39.5,0.03,2018
801–1000,University of Marrakech Cadi Ayyad,15.6–21.4,18.1,7.2,25,34.1,41.6,76560,51.7,0.01,2018
801–1000,Meiji University,15.6–21.4,16.3,10,18.1,53.3,22,32270,29.1,0.04,2018
801–1000,Mie University,15.6–21.4,21.6,13.1,16.4,47.5,19.3,7298,12.6,0.02,2018
801–1000,University of Miyazaki,15.6–21.4,21.1,8.8,19.4,33.8,21.1,5507,8.3,0.02,2018
801–1000,Mohammed V University of Rabat,15.6–21.4,24.4,7.9,20,37.8,30,71147,32.5,0.04,2018
801–1000,Nagaoka University of Technology,15.6–21.4,23,12.8,11.3,39.1,32,2341,10,0.12,2018
801–1000,Nagasaki University,15.6–21.4,24.9,12.3,19.2,35.3,25.7,8881,6.6,0.03,2018
801–1000,Nagoya Institute of Technology,15.6–21.4,19.2,18.7,17.1,47.7,20.8,5695,16.5,0.04,2018
801–1000,Nara Medical University,15.6–21.4,25.4,9.6,13.8,38,14.5,1155,3.3,0.01,2018
801–1000,National Chung Cheng University,15.6–21.4,20.2,19.5,13.4,38.3,19.4,10925,16.9,0.04,2018
801–1000,National University of Colombia,15.6–21.4,21,14.4,6.5,31.9,34.7,51432,22.5,0.01,2018
801–1000,National University of Córdoba,15.6–21.4,18.3,8.6,20.2,5,30.9,87926,22.3,0.01,2018
801–1000,National Dong Hwa University,15.6–21.4,18.3,13.7,21.2,60.8,32,10174,17.5,0.07,2018
801–1000,National University of Tainan,15.6–21.4,20.6,15.8,26.1,35.3,15.5,5996,25.4,0.03,2018
801–1000,National Taipei University,15.6–21.4,18,7.3,27.2,33.8,22.8,8563,17.1,0.04,2018
801–1000,National Taipei University of Technology,15.6–21.4,19,18.3,19.9,89.6,20.9,10288,16.7,0.05,2018
801–1000,National Taiwan Ocean University,15.6–21.4,19.1,22.3,18.6,52.5,23.5,8609,21.7,0.07,2018
801–1000,Nicolaus Copernicus University in Toruń,15.6–21.4,19.2,8.9,20.9,32.9,24.2,21497,9.9,0.02,2018
801–1000,Niigata University,15.6–21.4,22.7,10.7,25.6,36.2,23.5,12522,8.1,0.04,2018
801–1000,"Northeastern University, China",15.6–21.4,21.7,22.7,9.2,98.9,24.3,33348,15.1,0.04,2018
801–1000,Northwest University,15.6–21.4,19.4,11.6,31.8,38.2,16.4,22167,15,0.02,2018
801–1000,NorthWest A&F University,15.6–21.4,20.6,11.2,25.8,40,20.5,30722,16.7,0.01,2018
801–1000,Oakland University,15.6–21.4,19.6,12.3,26,32.8,25.2,15401,19,0.03,2018
801–1000,Ocean University of China,15.6–21.4,21,13.6,26.1,50.9,18.8,35410,19.4,0.01,2018
801–1000,Osaka Prefecture University,15.6–21.4,23.8,12.3,17.9,39.2,20.5,7931,7.4,0.03,2018
801–1000,Osmania University,15.6–21.4,33.9,8.4,14.5,32,15.1,12017,15.5,0.03,2018
801–1000,University of Ostrava,15.6–21.4,16,11.4,24.1,31.9,39.4,10062,21.5,0.07,2018
801–1000,University of Pardubice,15.6–21.4,18.4,13.4,14.2,32.4,23.9,8487,15.7,0.03,2018
801–1000,Paris Nanterre University,15.6–21.4,21.3,12.9,18.7,31.7,48.2,33635,35.7,0.16,2018
801–1000,Pondicherry University,15.6–21.4,35.3,10.1,11.3,31.8,13.8,6278,17.3,0.01,2018
801–1000,Pontifical Catholic University of Rio Grande do Sul (PUCRS),15.6–21.4,22.7,12.6,25.7,45.4,25,20944,23.6,0.01,2018
801–1000,Pontifical Catholic University of Valparaíso,15.6–21.4,17.4,12.9,13.2,49,47.7,14953,23.1,0.01,2018
801–1000,Pontifícia Universidade Católica do Paraná,15.6–21.4,17.1,8.6,27.7,34.5,23,26022,23.3,0.01,2018
801–1000,Prince of Songkla University,15.6–21.4,16.4,8.1,20.3,34,32.2,42751,18.3,0.01,2018
801–1000,Riga Technical University,15.6–21.4,18.3,11.3,14.8,39,32.7,11119,27.3,0.09,2018
801–1000,Ritsumeikan University,15.6–21.4,18.6,9,13.9,32.7,31.8,35228,14.5,0.04,2018
801–1000,Robert Gordon University,15.6–21.4,16.9,9.8,17.2,33,68.3,9615,18.3,0.24,2018
801–1000,Saga University,15.6–21.4,21.1,11.3,17.8,48.1,22.3,7015,10.3,0.03,2018
801–1000,Saitama University,15.6–21.4,19,11.7,24.9,33,27.7,8808,13.9,0.05,2018
801–1000,"University of Santiago, Chile (USACH)",15.6–21.4,17.4,10,12.1,32.4,40.9,23401,21,0.01,2018
801–1000,Seoul National University of Science and Technology (SeoulTech),15.6–21.4,25.3,18.9,13.7,36.2,18.2,12471,16.6,0.02,2018
801–1000,Shaanxi Normal University,15.6–21.4,18.3,9.6,29.5,36.2,18.2,26388,14.2,0.03,2018
801–1000,Shahid Beheshti University,15.6–21.4,21.8,19.8,19.1,46.7,16.4,17113,22.6,0.01,2018
801–1000,University of Sharjah,15.6–21.4,18.1,8.9,16.5,36.3,99.3,13300,23.6,0.61,2018
801–1000,Sheffield Hallam University,15.6–21.4,18.3,10.8,24.9,32.1,48.8,24625,16.4,0.14,2018
801–1000,Shiga University of Medical Science,15.6–21.4,24.8,9.4,27.7,40.9,21,1134,3,0.02,2018
801–1000,Shimane University,15.6–21.4,21.8,10,12.6,34.4,18.2,6122,8,0.02,2018
801–1000,Shinshu University,15.6–21.4,21.3,8.9,28,40,22.5,10944,10.3,0.02,2018
801–1000,Shiraz University,15.6–21.4,22.9,20.5,18.4,45.3,16.6,12879,19.3,0.01,2018
801–1000,Shizuoka University,15.6–21.4,19.1,12.5,11.4,36.1,24.3,10032,14.1,0.03,2018
801–1000,Showa University,15.6–21.4,27.1,8.8,13.2,34.7,15.9,3747,2.4,0.01,2018
801–1000,University of Silesia in Katowice,15.6–21.4,18.5,7.8,20.4,31.8,22.9,26470,14.1,0.02,2018
801–1000,Slovak University of Technology in Bratislava,15.6–21.4,21.6,13.2,11.5,34.7,26.5,15749,14.8,0.02,2018
801–1000,Sophia University,15.6–21.4,23.6,10.7,11.2,32.6,37.1,12907,23.6,0.08,2018
801–1000,University of South Africa,15.6–21.4,18.3,10.8,13.5,32.3,37.5,184432,89.6,0.12,2018
801–1000,University of Southern Mississippi,15.6–21.4,20.4,9.2,25.1,48.8,22.4,13576,18.2,0.03,2018
801–1000,South Valley University,15.6–21.4,14.7,6.5,18.7,31.7,44.5,52098,60.8,0.01,2018
801–1000,State University of Ponta Grossa,15.6–21.4,20.1,17.8,13.2,31.7,15.5,8219,8.6,0.01,2018
801–1000,Suez Canal University,15.6–21.4,18.2,7,31.9,0.5,45.4,33846,12.7,0.01,2018
801–1000,Sultan Qaboos University,15.6–21.4,22.2,10,15.7,47.9,71.4,7623,8,0.03,2018
801–1000,University of Talca,15.6–21.4,15.7,10.4,20.7,1,49.2,10532,24.6,0.01,2018
801–1000,Taras Shevchenko National University of Kyiv,15.6–21.4,27.3,10.1,7.6,32.5,33.5,22152,8.7,0.04,2018
801–1000,Technical University of Košice,15.6–21.4,21.4,12.4,23.5,41.9,19.5,9714,12.3,0.03,2018
801–1000,Universiti Tenaga Nasional (UNITEN),15.6–21.4,17.1,11.7,28.6,73.4,30.7,8231,22.1,0.07,2018
801–1000,Texas State University,15.6–21.4,21.2,12,25.2,32.6,17.5,30054,20.4,0.01,2018
801–1000,Thapar Institute of Engineering and Technology,15.6–21.4,19.1,7.7,28.5,32.1,13.4,5576,14.3,0.01,2018
801–1000,TOBB University of Economics and Technology,15.6–21.4,15.6,10.2,31.1,32.4,26.9,5053,16,0.01,2018
801–1000,Tokai University,15.6–21.4,19.6,8.3,17.5,34.3,22.9,30061,12.8,0.02,2018
801–1000,Tokushima University,15.6–21.4,23.7,18.1,16,55.8,20.4,7543,8.6,0.03,2018
801–1000,Tokyo University of Marine Science and Technology,15.6–21.4,23.8,12.8,11.6,50.9,28.6,2660,11.1,0.07,2018
801–1000,Tomas Bata University in Zlín,15.6–21.4,17.9,13,13.4,33.6,33.6,9263,21.2,0.09,2018
801–1000,University of Toyama,15.6–21.4,20.5,11.6,17.2,39.9,26.2,9326,11.4,0.04,2018
801–1000,Toyohashi University of Technology (TUT),15.6–21.4,21.1,16.7,16.1,46.1,24.2,2350,9.9,0.07,2018
801–1000,University of Valparaíso,15.6–21.4,15.9,8.2,19.2,32.1,46.3,15654,17.4,0.03,2018
801–1000,VIT University,15.6–21.4,17.8,8.9,24.5,33,22.6,30473,18.1,0.03,2018
801–1000,VSB - Technical University of Ostrava,15.6–21.4,18.6,13.1,12.8,39.5,30.4,18270,23.4,0.08,2018
801–1000,University of West Bohemia,15.6–21.4,18.5,11.8,13.6,35.7,26.4,12991,18.7,0.03,2018
801–1000,West University of Timişoara,15.6–21.4,20.1,7.8,26.3,31.8,30.7,13524,17,0.04,2018
801–1000,University of Wrocław,15.6–21.4,20.1,10.9,25.8,33.8,32.5,23852,12.9,0.03,2018
801–1000,Wuhan University of Technology,15.6–21.4,19,11.2,22.9,54.8,19,50876,14.6,0.03,2018
801–1000,Xiangtan University,15.6–21.4,15.3,10.6,35.6,36.2,15.9,30810,21.2,0.01,2018
801–1000,Xidian University,15.6–21.4,19.7,13.9,16.4,75.8,16.5,32722,16.6,0.02,2018
801–1000,Yamagata University,15.6–21.4,21,10.3,23.2,49.9,20.3,8961,8.2,0.01,2018
801–1000,Yamaguchi University,15.6–21.4,21.8,9.3,12.6,38.9,22.3,10639,11,0.04,2018
801–1000,University of Yamanashi,15.6–21.4,24.2,10.5,21.7,34.4,21.2,4777,6.7,0.04,2018
801–1000,Yıldız Technical University,15.6–21.4,18.7,7.7,26.6,42.6,20.5,35670,28.5,0.04,2018
801–1000,Yokohama National University,15.6–21.4,22.8,21.8,14.6,45.5,24.2,9968,12.8,0.07,2018
801–1000,Yuan Ze University,15.6–21.4,18.8,15,25.9,47.1,22.6,8652,20.9,0.06,2018
801–1000,University of Zagreb,15.6–21.4,21,11.1,20.3,41.6,28.5,73465,17.4,0.01,2018
1001+,Akita University,9.2–15.5,21.9,9.1,9.2,35.1,19,5127,8.8,0.03,2018
1001+,Amity University,9.2–15.5,16.7,7.6,13.2,32.7,17.9,25607,15,0.04,2018
1001+,Anadolu University,9.2–15.5,13.8,9.7,15.5,32.3,15.9,1824383,864.6,0.01,2018
1001+,Ankara University,9.2–15.5,18.9,8.9,11.4,32.4,20.8,65703,17,0.04,2018
1001+,Universidad Autónoma de Nuevo León (UANL),9.2–15.5,14.9,6.8,11.3,32.7,29.1,96916,26,0.01,2018
1001+,Autonomous University of Baja California,9.2–15.5,14.7,7.8,5.5,32.6,29.4,59539,20.4,0.02,2018
1001+,University of Birjand,9.2–15.5,15.5,7.6,8.7,32,14.6,11284,33.5,0.01,2018
1001+,Chaoyang University of Technology,9.2–15.5,13.5,11.2,6.1,39.7,20.6,17235,43.3,0.07,2018
1001+,Chiba Institute of Technology,9.2–15.5,15,8.2,7.4,34,15.6,9668,31,0.01,2018
1001+,University of Dhaka,9.2–15.5,20.4,6.8,9,31.7,41.9,63010,6.8,0.05,2018
1001+,Dokuz Eylül University,9.2–15.5,16.1,7.6,14.5,32.8,16.9,58134,17.6,0.02,2018
1001+,Doshisha University,9.2–15.5,16.4,6.4,6.2,33.4,24.2,29220,23.8,0.03,2018
1001+,Universidade Estadual de Maringá,9.2–15.5,18.8,9.3,6,32,15.2,23341,14.1,0.01,2018
1001+,Federal University of Lavras,9.2–15.5,25.1,11.3,7,33.7,17.1,12168,17.6,0.01,2018
1001+,Universidade Federal do Paraná (UFPR),9.2–15.5,19.6,5.3,9.2,31.7,20.4,33820,13.6,0.01,2018
1001+,Federal University of Viçosa,9.2–15.5,25.8,7.4,8.7,50.3,19.1,16752,13.8,0.03,2018
1001+,University of Fukui,9.2–15.5,20.5,10.2,8.4,37.2,20.3,4980,9.1,0.04,2018
1001+,Gazi University,9.2–15.5,18.8,9.1,11.2,36.2,15.7,78021,28.2,0.03,2018
1001+,University of Gdańsk,9.2–15.5,17.5,9.3,14.8,32.2,28.8,28397,17.4,0.01,2018
1001+,GITAM University,9.2–15.5,16,6.7,9.6,31.9,13.7,14822,16.3,0.01,2018
1001+,Government College University Lahore,9.2–15.5,17.5,7.9,4,0,35.3,8526,19.3,0.01,2018
1001+,Guangxi University,9.2–15.5,16,8.8,9.1,35.6,19.3,33970,15.8,0.05,2018
1001+,The Hashemite University,9.2–15.5,11.1,7.9,9.7,31.7,46.1,24958,25.7,0.04,2018
1001+,University of Hyogo,9.2–15.5,17.1,11.6,10.2,38.1,16.9,6682,14.1,0.02,2018
1001+,Ibaraki University,9.2–15.5,17.4,5.4,11.2,36.1,22.6,8113,14,0.03,2018
1001+,IPB University,9.2–15.5,18.4,8.7,8.9,68.2,36.6,22718,15.8,0.01,2018
1001+,Ivane Javakhishvili Tbilisi State University,9.2–15.5,16.2,8.7,2.7,32.2,40.9,21866,28.5,0.02,2018
1001+,Ivan Franko National University of Lviv,9.2–15.5,20.2,3.1,3.7,1.4,36.4,18632,11.3,0.01,2018
1001+,Kanagawa University,9.2–15.5,15,8.6,14.3,31.7,24,18467,39.4,0.03,2018
1001+,Kansai University,9.2–15.5,23.8,7.3,5.9,32.9,21.2,30211,11.5,0.02,2018
1001+,Kaunas University of Technology,9.2–15.5,18.1,11.7,3.3,35.7,23.7,10439,13.8,0.06,2018
1001+,Kogakuin University,9.2–15.5,17,8.2,9.5,37.7,18.3,6506,20.5,0.01,2018
1001+,Kwansei Gakuin University,9.2–15.5,16.2,7.1,7,32.4,25,24410,15.2,0.04,2018
1001+,University of Lahore,9.2–15.5,15,7,14.1,31.7,34.2,27872,16.2,0.02,2018
1001+,University of Łódź,9.2–15.5,17.4,9.5,13.8,31.9,23,35088,15.9,0.03,2018
1001+,Lodz University of Technology,9.2–15.5,17,10.4,12.8,36.4,19.4,19984,15.2,0.02,2018
1001+,Lviv Polytechnic National University,9.2–15.5,18.2,7.6,3.7,31.8,25,28691,12.2,0.01,2018
1001+,Manipal Academy of Higher Education,9.2–15.5,20.7,9.4,3.5,31.9,25.6,24705,9.8,0.09,2018
1001+,Meijo University,9.2–15.5,15.4,8.1,10.2,33.1,21.8,15485,31.9,0.02,2018
1001+,Ming Chuan University,9.2–15.5,15.3,10.2,7.7,32.4,27,18843,22.2,0.11,2018
1001+,University of Monastir,9.2–15.5,17.5,7.3,9.6,31.7,40.9,23637,12.4,0.01,2018
1001+,University of Mysore,9.2–15.5,28.5,7.7,2.9,31.9,28.4,8535,20.1,0.09,2018
1001+,National Chiayi University,9.2–15.5,14.6,11,7.8,65,16.6,12750,26.6,0.04,2018
1001+,National University of Kaohsiung,9.2–15.5,15.1,15.9,8.9,35.8,21.7,5416,23.3,0.03,2018
1001+,National Technical University of Ukraine – Igor Sikorsky Kyiv Polytechnic Institute,9.2–15.5,22,8.2,1.9,32.6,18.2,21601,8.3,0.01,2018
1001+,Oita University,9.2–15.5,21,7.6,11.8,33.5,17.8,5793,7.2,0.02,2018
1001+,Ondokuz Mayis University,9.2–15.5,16.7,7.3,4.3,33.2,16.8,42911,18.8,0.04,2018
1001+,University of Peshawar,9.2–15.5,23.4,7.5,6.8,31.7,27.8,7900,14.9,0.01,2018
1001+,Sathyabama Institute of Science and Technology,9.2–15.5,17,7.9,2.1,32.2,13.3,17861,22.1,0.01,2018
1001+,Shanghai Maritime University,9.2–15.5,15.2,8.1,16.8,33.8,28.8,23552,18.8,0.03,2018
1001+,Shibaura Institute of Technology,9.2–15.5,17.1,8.5,8.4,35.1,20.6,9911,17.7,0.04,2018
1001+,Sidi Mohamed Ben Abdellah University,9.2–15.5,25.6,6.3,9.7,31.8,22,82558,58.3,0.02,2018
1001+,Sofia University,9.2–15.5,19.6,8.6,9,33,39.2,23956,13.7,0.04,2018
1001+,Southwest Jiaotong University,9.2–15.5,18.6,12,9,76,20.2,40819,15.3,0.02,2018
1001+,SRM Institute of Science and Technology,9.2–15.5,16.4,7.3,8.9,31.9,15.9,42886,15.3,0.02,2018
1001+,Tamkang University,9.2–15.5,16,11.1,9.3,33.5,25,27060,24,0.06,2018
1001+,Technical University of Liberec,9.2–15.5,18.5,10.2,4.7,37.1,30.9,6129,12.1,0.09,2018
1001+,Tokyo City University,9.2–15.5,18.5,9.6,11.5,39.3,18.4,7904,15.6,0.01,2018
1001+,Tokyo Denki University,9.2–15.5,15.5,7.9,2.9,0.6,17,9400,25.7,0.02,2018
1001+,Tottori University,9.2–15.5,22.4,8.1,10.8,32.8,18.3,6165,8,0.02,2018
1001+,Toyo University,9.2–15.5,15.7,9.3,8.1,32.7,21.2,30142,33.5,0.01,2018
1001+,University of Tunis El Manar,9.2–15.5,22.7,9.3,7.3,32.1,38.3,30301,16.7,0.01,2018
1001+,Unisinos University,9.2–15.5,23,12,5.6,33.2,17.9,14412,20.9,0.01,2018
1001+,Universiti Utara Malaysia,9.2–15.5,24.2,10.3,2.9,32.2,45.3,14315,13,0.18,2018
1001+,Utsunomiya University,9.2–15.5,18.5,9.2,7.2,33.2,22,4928,14.5,0.04,2018
1001+,V.N. Karazin Kharkiv National University,9.2–15.5,21.3,7.9,3.1,32,51.4,16067,9.8,0.27,2018
1001+,Yeditepe University,9.2–15.5,15.4,8,9.7,0.2,23.4,23260,25.1,0.01,2018