rank,name,overall_score,teaching_score,research_score,citations_score,industry_income_score,international_outlook_score,number_students,student_staff_ratio,intl_students,year
1,University of Oxford,95.00,89.6,99.1,99.2,62.5,94.5,19720,10.9,0.35,2017
2,California Institute of Technology,94.30,95.5,95.7,99.8,90.8,63.4,2181,6.7,0.27,2017
3,Stanford University,93.80,92.6,95.9,99.9,60.9,76.5,15658,7.7,0.22,2017
4,University of Cambridge,93.60,90.6,97.2,96.8,50.4,92.4,18605,11.3,0.35,2017
5,Massachusetts Institute of Technology,93.40,90.3,92.3,99.9,88.4,85.6,11192,8.8,0.33,2017
6,Harvard University,92.70,87.5,98.3,99.7,47.3,77.9,19890,8.8,0.25,2017
7,Princeton University,90.20,89.5,88.4,99.2,49.9,77.2,7925,8.4,0.23,2017
8,Imperial College London,90.00,86.4,86.6,97.3,67.5,96.5,15235,11.3,0.52,2017
9,ETH Zurich,89.30,81.5,93.7,92.5,63.7,98.1,18616,14.9,0.37,2017
10,"University of California, Berkeley",88.90,82.4,96.1,99.8,37.6,59.6,34834,12,0.16,2017
10,The University of Chicago,88.90,88.1,89.1,99.1,37.7,67.8,13486,6.2,0.24,2017
12,Yale University,88.20,88.5,87.8,97.8,44.5,64.3,11946,4.4,0.21,2017
13,University of Pennsylvania,87.10,85.9,88.9,98.6,49.9,50.1,20367,6.5,0.20,2017
14,"University of California, Los Angeles",86.60,82.9,89,98.4,47.1,58,38392,9.9,0.16,2017
15,UCL,86.50,77.4,90,94,41.9,94.3,28600,10.6,0.47,2017
16,Columbia University,86.10,86.9,78.9,98.6,44.9,75.3,25659,6,0.30,2017
17,Johns Hopkins University,85.90,77.4,84.3,98.4,100,71.1,15303,3.5,0.24,2017
18,Duke University,84.70,80.7,80,98.8,100,58.2,15204,4.8,0.17,2017
19,Cornell University,84.60,79.7,86.5,97.2,36,62.2,21593,9.9,0.19,2017
20,Northwestern University,83.70,75.8,85,97,85.8,56.1,18570,14,0.16,2017
21,University of Michigan-Ann Arbor,83.60,79.4,86.1,95.8,43.9,54.6,41912,8.8,0.16,2017
22,University of Toronto,83.00,74.6,86.3,91.9,48.8,78.3,68093,18.8,0.16,2017
23,Carnegie Mellon University,81.80,70.2,84,99.3,51.8,59.6,12311,13.2,0.38,2017
24,National University of Singapore,81.70,76.7,86.9,79.7,61.3,96,31111,16.7,0.32,2017
25,London School of Economics and Political Science,80.20,70.8,74.7,96.3,34.8,91,9400,11.8,0.70,2017
25,University of Washington,80.20,70.2,80.4,98.8,49.8,55,45162,11.9,0.15,2017
27,University of Edinburgh,79.20,67.5,74.7,96,35,91.5,25280,12.5,0.37,2017
28,Karolinska Institute,77.60,62.1,76,95.9,72.1,74.2,7723,11.3,0.23,2017
29,Peking University,77.20,84.6,80.3,71.6,100,50.3,42977,8.8,0.15,2017
30,LMU Munich,76.80,70.5,73.4,87.4,100,65.4,36180,15.7,0.14,2017
30,École Polytechnique Fédérale de Lausanne,76.80,62.9,66.1,96.5,69.8,98.6,9750,11.2,0.54,2017
32,New York University,76.70,75.1,68.8,95.3,33.6,54.3,43021,6.6,0.25,2017
33,Georgia Institute of Technology,76.30,60.8,79.2,90.8,62.3,72.8,19847,19.8,0.26,2017
33,University of Melbourne,76.30,65.4,73.6,88.1,63.7,88.3,42273,24.8,0.37,2017
35,Tsinghua University,76.20,78.9,89.6,67.4,99.7,39.4,41537,14.1,0.10,2017
36,University of British Columbia,75.90,61.2,72.5,92.9,41.1,92,51889,18.2,0.29,2017
36,University of Illinois at Urbana-Champaign,75.90,65.6,81.4,89.3,50.3,49.7,43202,18.3,0.22,2017
36,King’s College London,75.90,61.5,71,93.5,42.5,93.8,21985,11.3,0.38,2017
39,The University of Tokyo,74.10,83.4,89.2,62.4,53.4,30.6,26080,7,0.10,2017
40,KU Leuven,73.80,57,73.7,90.1,99.8,67.4,46381,41.9,0.16,2017
41,"University of California, San Diego",73.20,61.2,66.2,98.9,67.3,47.7,28416,6.6,0.14,2017
42,McGill University,73.10,66.4,70.3,81.8,41.9,86.4,30911,13.5,0.24,2017
43,Universität Heidelberg,73.00,66.7,65,90.8,60,62.7,29527,24.9,0.17,2017
43,University of Hong Kong,73.00,66.5,74.5,73.2,52.9,99.4,20095,17.8,0.39,2017
45,University of Wisconsin-Madison,72.60,68.2,71.4,87.9,47.4,42,40048,11,0.12,2017
46,Technical University of Munich,71.60,61,70.5,82,100,66.6,36929,51.9,0.22,2017
47,Australian National University,71.30,54,73.9,81.7,53.5,93.9,15402,19.9,0.35,2017
48,"University of California, Santa Barbara",71.20,52.2,62.6,99.2,87.6,63.3,22267,27.4,0.12,2017
49,The Hong Kong University of Science and Technology,71.10,53.2,66.7,91.2,62,82.8,11960,27.3,0.38,2017
50,University of Texas at Austin,70.80,63.9,65.9,93,51.3,35.7,48689,17.2,0.10,2017
51,Brown University,70.40,66.3,54.4,96.7,33.9,58,8694,10.2,0.20,2017
51,"University of California, Davis",70.40,61.4,67.3,86.6,50,61.2,36060,13.7,0.15,2017
53,University of Minnesota,70.30,60.3,69.8,87,94.2,38.2,46625,17.5,0.13,2017
54,"Nanyang Technological University, Singapore",70.00,50.6,60.2,90.7,93.5,95.7,25278,16.1,0.32,2017
55,University of Manchester,69.70,58.2,66.3,82.3,45.1,87,34015,14.4,0.36,2017
56,University of North Carolina at Chapel Hill,69.30,61.9,59.6,96.1,41,40,26412,7.5,0.08,2017
57,Humboldt University of Berlin,69.20,62.5,69,79.9,39.4,64.4,31043,54.8,0.17,2017
57,Washington University in St Louis,69.20,60.7,56.2,99.1,36.9,45.5,12528,5.7,0.17,2017
59,Delft University of Technology,67.90,56.2,72.9,67.3,99.9,85.9,16174,18.9,0.25,2017
60,The University of Queensland,67.20,49.7,60.1,86.1,70.6,88.6,38892,35.4,0.25,2017
60,University of Southern California,67.20,50.5,60,94.7,39.4,62.7,38466,13.6,0.23,2017
60,The University of Sydney,67.20,51.3,63.2,83.2,63.9,83.7,42678,19,0.29,2017
63,University of Amsterdam,67.10,49.4,62,90.3,54.6,69.3,25344,14.3,0.10,2017
64,Boston University,66.90,60.2,48.5,97.7,34.4,54.6,24714,8.4,0.19,2017
65,Wageningen University & Research,66.60,51.8,50.1,92.8,100,75.6,9535,15.6,0.23,2017
66,École Normale Supérieure,65.80,59.8,52.3,85.8,40,72.2,1548,9.6,0.18,2017
67,"University of Maryland, College Park",65.30,51,63.2,91.1,38.5,36.7,31353,16.8,0.09,2017
68,Penn State (Main campus),65.00,55.6,63.3,82.9,51.9,42.7,45359,12.3,0.13,2017
69,Erasmus University Rotterdam,64.60,38.8,56.8,95.6,57.7,77.1,21854,20.6,0.19,2017
70,Purdue University West Lafayette,64.50,57.2,66.8,69,62.5,67.7,38788,17.7,0.22,2017
71,University of Bristol,64.40,45.9,51.7,92.7,40.9,83.2,18545,13.6,0.25,2017
72,Ohio State University (Main campus),64.20,57,53.1,86.2,50.6,54.6,52497,12.8,0.12,2017
72,Seoul National University,64.20,70.2,69.8,58.8,85.2,32.4,26777,13.1,0.11,2017
74,Monash University,64.00,49.5,57.4,78.5,76,87.1,44217,34.5,0.25,2017
75,Free University of Berlin,63.70,58.1,67.3,66.9,38.9,67.2,32909,53.9,0.21,2017
76,Chinese University of Hong Kong,63.60,52.2,60.4,74.6,44.7,84,18433,10.5,0.27,2017
77,Leiden University,63.30,46.1,57.9,86.1,47.3,68.1,23597,17.8,0.11,2017
78,UNSW Sydney,63.00,43.2,58.6,81.4,49.7,91,39121,26.3,0.32,2017
78,RWTH Aachen University,63.00,53.3,63.7,71.3,99.4,53.4,42298,54.9,0.17,2017
80,University of Groningen,62.20,41.9,55.1,87.1,79.9,66.4,25281,24.4,0.13,2017
80,University of Pittsburgh-Pittsburgh campus,62.20,49.2,51.9,94.2,39.6,35.4,26501,5.9,0.10,2017
82,Dartmouth College,62.00,58.6,41.1,94.2,39.9,37.9,6109,6.7,0.15,2017
82,Emory University,62.00,52.9,39.7,97.4,43.2,52.7,12649,4.4,0.19,2017
82,Technical University of Berlin,62.00,49.8,59.3,74.3,98,60.8,20548,60.3,0.19,2017
82,University of Warwick,62.00,46.8,52.6,80.9,40.8,91.4,18560,14.6,0.38,2017
86,Utrecht University,61.90,46.1,48.5,90.7,80.7,57.6,31142,15.6,0.07,2017
87,Rice University,61.70,46.9,38.7,99.1,43.4,69.5,6447,9,0.27,2017
88,University of Glasgow,61.40,40.6,47.8,90.6,39.4,88.6,22855,15.3,0.32,2017
89,Korea Advanced Institute of Science and Technology (KAIST),61.30,55.7,53.2,78.5,100,34.3,9327,9.5,0.09,2017
89,University of Tübingen,61.30,46,56.2,82.9,56.3,57.8,28074,37.3,0.11,2017
91,University of Helsinki,61.20,47,57.6,83.5,34.9,52.2,23369,17,0.06,2017
91,Kyoto University,61.20,70.2,70.1,50.4,75.1,28,22547,5.5,0.07,2017
93,Uppsala University,61.10,43,57.1,85.2,40.4,59.9,25275,16.6,0.12,2017
94,Maastricht University,61.00,39.2,48.6,84.4,85.7,96,16030,18.3,0.47,2017
95,University of Freiburg,60.90,45.9,49.9,83.6,100,61.1,25890,33.7,0.16,2017
96,Durham University,60.60,43,49,85,37.4,87,15705,15.3,0.26,2017
96,Lund University,60.60,41.3,53.1,83.2,68.5,74.6,28852,12,0.15,2017
98,Aarhus University,60.30,39,54.7,83,65.4,75.7,24633,13.9,0.14,2017
98,University of Basel,60.30,40.1,36.8,92.4,99.3,94.4,12560,17.4,0.24,2017
98,"University of California, Irvine",60.30,42.5,45,94.1,45.5,62.3,29304,17.2,0.18,2017
101,Michigan State University,59.90,51.6,48.9,81.1,38.5,58.8,45297,15.8,0.16,2017
102,University of Mannheim,59.80,39.1,51.3,88.3,76.4,57.7,10808,84,0.14,2017
103,University of Montreal,59.70,46.8,47.8,77.4,67.7,85,37651,20.2,0.24,2017
104,Georgetown University,59.60,56.7,39.3,84.6,74.4,47.3,15726,8.6,0.15,2017
104,Pohang University of Science and Technology (POSTECH),59.60,53.8,48.7,79.2,99.6,34.2,3017,10,0.04,2017
106,University of Zurich,59.50,46.4,38.5,87.5,44.2,89.3,26042,6.1,0.18,2017
107,University of Alberta,59.40,49.5,53,69.9,61.3,82.7,33159,21.1,0.24,2017
108,Vanderbilt University,59.30,50.1,37.3,96.7,73.5,29.8,12161,3.1,0.09,2017
109,University of Sheffield,59.10,42.3,47.6,82.7,44.7,83.1,23960,15.3,0.33,2017
110,University of Bern,58.90,43.2,43,82.8,75.5,83.8,14651,23.3,0.14,2017
110,University of St Andrews,58.90,45.2,44.3,80.3,33.7,94.3,8455,12.2,0.46,2017
112,University of Göttingen,58.80,49.7,48,81.1,34.8,56.6,26549,26.1,0.12,2017
113,University of Bonn,58.70,47.2,40.8,88.3,37.3,64.6,33939,73.3,0.13,2017
113,McMaster University,58.70,43.5,45.4,82.3,66.1,76.2,23943,20.4,0.16,2017
113,Queen Mary University of London,58.70,34,39.7,95.1,40,94.3,14500,13.2,0.42,2017
116,University of Colorado Boulder,58.60,42.5,43.7,96.1,38,39.4,29741,16.3,0.09,2017
116,École Polytechnique,58.60,58.6,40.6,67.2,71.9,92.3,2669,5,0.31,2017
118,Ghent University,58.50,43,55.5,75.7,84.4,55.1,35374,37,0.09,2017
119,City University of Hong Kong,58.40,42.1,44.5,81.6,66.4,83.5,9871,11.6,0.30,2017
120,University of Copenhagen,58.20,46.8,33.1,89.8,44.2,82.3,29796,4.2,0.17,2017
121,Pierre and Marie Curie University,58.10,52.9,33.7,86.2,38.2,71.4,28473,8,0.17,2017
121,Radboud University Nijmegen,58.10,35,50.6,87.2,45.2,68.3,19079,19.1,0.11,2017
121,University of Southampton,58.10,39.2,46.1,82.8,39.2,90.2,21050,12.8,0.31,2017
121,University of Virginia (Main campus),58.10,53.7,38.6,86.6,41.9,44.6,23797,10,0.12,2017
125,The University of Western Australia,58.00,32.3,44.9,89,48.8,92.9,20777,23,0.27,2017
126,Case Western Reserve University,57.90,50.2,38.9,90.2,36.8,42,9622,6.6,0.18,2017
126,University of Exeter,57.90,34.6,39.2,94.3,34.9,87.6,18235,17.5,0.27,2017
128,Université Catholique de Louvain,57.80,39.6,51.3,78.5,51.5,75.6,23916,38.1,0.19,2017
129,University of York,57.70,42.5,45.9,79.8,34.1,84.5,14675,15.3,0.26,2017
130,University of Birmingham,57.60,38.6,42.4,86.8,38,84.2,26360,16.7,0.25,2017
131,Arizona State University (Tempe),57.20,38.5,48.9,87.7,36.6,49.7,43082,20.1,0.16,2017
131,Trinity College Dublin,57.20,44.2,45.3,75.4,38.6,90.4,15805,23.4,0.25,2017
132,University of Oslo,56.90,39.7,43.1,85.5,42.9,71.2,27215,18.7,0.18,2017
133,University of Leeds,56.80,42.3,43,81.3,39,78.2,27790,15,0.22,2017
134,University of Florida,56.60,53.6,48.1,72.9,65.7,35.2,44911,17,0.09,2017
135,Tufts University,56.50,48.1,34.3,88.5,58.5,50.5,10462,10.1,0.15,2017
135,Ulm University,56.50,38.2,38.1,91,84,56.9,10370,27.3,0.12,2017
137,University of Geneva,56.40,37.4,41.1,79.3,66.7,98.3,15587,15,0.40,2017
137,Lancaster University,56.40,37,40.9,84.7,35.6,89.1,11675,13.6,0.35,2017
137,Scuola Normale Superiore di Pisa,56.40,54,47.5,70.3,51.6,47.3,545,15.1,0.06,2017
137,Sungkyunkwan University (SKKU),56.40,53.7,50.6,66.5,88.9,39.6,24791,19.1,0.10,2017
141,Rutgers University – New Brunswick,56.20,47.7,49.8,77.9,36.6,35.6,42892,10.8,0.08,2017
142,University of Adelaide,56.10,37.1,43.9,78.8,67.5,86.3,20462,29.6,0.27,2017
143,University of Notre Dame,55.90,50.2,40.7,80.2,37.4,48.2,11821,13.5,0.10,2017
144,Karlsruhe Institute of Technology,55.80,41.3,45.2,76.4,98.3,59.5,25948,24.5,0.17,2017
144,Stockholm University,55.80,32.2,46.2,86.8,33.8,72.1,31272,23.5,0.08,2017
146,"University of California, Santa Cruz",55.60,34.7,35.3,99.8,40.9,48.7,17203,24.5,0.02,2017
147,University of Nottingham,55.50,41,41.3,78.9,39.8,81.6,29740,14.7,0.28,2017
148,University of Cape Town,55.30,32.4,37.2,87.3,88.8,80.1,20061,11.6,0.17,2017
149,University of Sussex,55.10,32.6,37.9,88.1,33.7,88.8,12295,15.9,0.35,2017
150,Indiana University,55.00,46.4,40.2,82.1,35.2,47,66057,14.2,0.14,2017
151,University of Lausanne,54.90,31.8,46.6,75.6,76.1,90.1,12647,13.5,0.24,2017
151,University of Rochester,54.90,43.4,32.4,89.4,38.9,58.9,9628,4.5,0.28,2017
153,University of Science and Technology of China,54.70,51.8,43.4,74.7,77.6,24.2,14827,8.1,0.03,2017
153,University of Twente,54.70,36.8,46.7,70.8,84.6,83.6,6583,12.5,0.28,2017
155,Fudan University,54.60,55.3,47,65.7,53.2,37.5,32449,12.1,0.11,2017
156,University of Arizona,54.50,42.9,42.2,83.2,35.6,41.7,37023,12.8,0.09,2017
156,Vrije Universiteit Amsterdam,54.50,33.1,40.2,89.4,50.3,58.9,24592,15.5,0.07,2017
158,University of Liverpool,54.30,35.1,35.2,85.7,37.4,87.7,19085,11.7,0.34,2017
159,KTH Royal Institute of Technology,54.10,42.5,45.3,67.4,51.1,83.3,12841,15.9,0.17,2017
160,University of Erlangen-Nuremberg,54.00,38.7,43.6,77.3,96,49.1,37882,55.4,0.09,2017
161,University of Münster,53.90,40.8,38.3,84.4,62.6,44.3,41807,42.4,0.06,2017
161,University of Vienna,53.90,41.1,46.6,65.9,33.5,93,34711,20.3,0.26,2017
163,Autonomous University of Barcelona,53.70,39.4,36.4,86.7,39.9,52.3,31095,12.4,0.11,2017
164,TU Dresden,53.50,42.3,45.6,70.2,95.7,49.4,35468,36.3,0.12,2017
165,University of Auckland,53.40,32.8,40.8,75.8,70.5,90.5,30287,18.9,0.29,2017
165,"University of California, Riverside",53.40,32,33.7,93.4,40.5,62.2,20901,22.6,0.13,2017
165,University of East Anglia,53.40,30.7,31.1,92.4,32.4,84.3,13995,13.9,0.28,2017
165,University of Massachusetts,53.40,40.4,34.8,85.6,50.2,51.5,58624,13.1,0.13,2017
169,Texas A&M University,53.20,53.1,57,50.7,46.9,50.1,53694,22.1,0.09,2017
170,University of Cologne,53.10,40.2,38.3,79.2,64.3,55.9,44882,41.3,0.11,2017
170,University of Gothenburg,53.10,30.3,40.5,87.9,39.9,59.6,17761,10.6,0.12,2017
172,University of Leicester,53.00,30.9,32.4,88.4,35.1,87.6,14180,12.5,0.36,2017
173,"Royal Holloway, University of London",52.90,33.3,32.3,84.5,35.7,93,8550,15.3,0.38,2017
173,University of Waterloo,52.90,37.8,44.9,70.8,41,77.5,31776,24.8,0.15,2017
175,Pompeu Fabra University,52.80,30.3,33,93.1,40.5,65.1,10791,20.1,0.12,2017
176,Technical University of Denmark,52.50,38.3,30,80.2,60.6,85.8,8063,5.7,0.18,2017
177,Eindhoven University of Technology,52.40,36.6,43.5,71.7,56.9,72,10015,19.4,0.14,2017
178,University of Luxembourg,52.20,29.7,30,85.8,40.6,99.9,5219,17.2,0.55,2017
179,Paris-Sud University,52.10,40.6,31.1,83.2,32.5,64,26642,14.1,0.17,2017
180,University of Dundee,52.00,26.7,31,92.3,43.8,79.1,11265,14.7,0.24,2017
180,University of Hamburg,52.00,42,41.6,70.5,60.6,56.7,37501,46.7,0.11,2017
182,Cardiff University,51.70,31.8,36.9,80.9,37,78.9,23550,14.3,0.25,2017
182,University of Miami,51.70,43.1,17.1,92.5,38.1,65.8,16054,6,0.15,2017
182,"Northeastern University, US",51.70,38.2,25.7,89.8,35.5,63,18368,14.5,0.28,2017
182,University of the Witwatersrand,51.70,26.4,37.3,82.9,100,69.4,24565,24.5,0.08,2017
186,Hebrew University of Jerusalem,51.60,44.3,39.6,71.1,35.4,56.1,17709,10.8,0.05,2017
186,University of Würzburg,51.60,34.8,37,83.4,48.1,51.2,22297,33.5,0.08,2017
188,University of Aberdeen,51.50,31,31.2,82.6,44.5,92,11555,13.6,0.32,2017
190,Newcastle University,51.30,33.6,32.1,81,38.7,84.9,20305,15.6,0.28,2017
190,Sant’Anna School of Advanced Studies – Pisa,51.30,44.7,33.9,74.1,86.6,44.9,679,13.1,0.13,2017
192,Hong Kong Polytechnic University,51.20,35,41.8,69.9,47.9,79.7,21907,25.6,0.25,2017
192,University of Reading,51.20,36.8,37.5,71.6,36.6,86.6,12085,14,0.29,2017
194,University of Konstanz,51.10,39.8,44.5,64.4,73.1,62.6,11335,50.4,0.12,2017
195,University of Calgary,51.00,34.8,35.2,77.9,48.8,71.5,28047,16,0.18,2017
195,National Taiwan University (NTU),51.00,51.4,52.5,54.5,47.8,29.9,31581,11.6,0.08,2017
197,University of Duisburg-Essen,50.90,34.1,28.7,87.5,77.8,50.6,41002,53,0.12,2017
198,Brandeis University,50.80,29.8,24.6,99.7,33.8,49.2,5532,13.1,0.23,2017
198,Tilburg University,50.80,38.8,50.2,57,58,74.3,7454,22.4,0.13,2017
200,University of Illinois Chicago,50.60,46,35.3,69.6,41.6,57.1,24459,11.6,0.18,2017
201-250,Aalborg University,#REF!,24.2,35.2,80.1,44.8,71.7,19286,17.4,0.15,2017
201-250,Aalto University,46.3—50.4,34.4,29,75,52.5,69.6,12653,20.1,0.20,2017
201-250,University of Antwerp,46.3—50.4,34.5,39.8,73,54.6,64.9,16445,35.8,0.15,2017
201-250,University of Barcelona,46.3—50.4,33.7,33,81.3,35.3,49.3,47569,12.5,0.10,2017
201-250,University of Bergen,46.3—50.4,29.8,29.3,86.2,36.6,74,11949,11.5,0.13,2017
201-250,"Birkbeck, University of London",46.3—50.4,27.4,35.1,67,32.6,88.4,9690,19.6,0.38,2017
201-250,University of Bologna,46.3—50.4,35.6,27.5,81.7,37.4,42.8,84486,22.3,0.07,2017
201-250,Boston College,46.3—50.4,47.3,19.3,79.9,43.8,60.2,12932,16.5,0.19,2017
201-250,CentraleSupélec,46.3—50.4,35.8,14.7,78.1,56.4,84,4130,11.4,0.32,2017
201-250,University of Cincinnati – Uptown,46.3—50.4,37.8,29.6,75.4,41.9,31.8,27712,21.9,0.08,2017
201-250,University College Dublin,46.3—50.4,31.5,37.8,72.5,37.4,88.1,21438,22.7,0.25,2017
201-250,University of Delaware,46.3—50.4,26.9,36.8,78.1,92.5,44,19426,16.2,0.10,2017
201-250,ESPCI ParisTech,46.3—50.4,45.3,22.3,76.2,77.1,49.7,481,6.3,0.14,2017
201-250,Florida State University,46.3—50.4,40.8,39.5,67.1,34.2,45.7,41737,30.2,0.07,2017
201-250,George Washington University,46.3—50.4,47.1,27.7,70.7,32.9,48,21409,12.4,0.15,2017
201-250,Goethe University Frankfurt,46.3—50.4,32.4,27.5,79.7,38.2,59.4,45453,13.1,0.15,2017
201-250,University of Hawai’i at Mānoa,46.3—50.4,34.2,38.7,73.2,53.2,63.5,16580,10.9,0.13,2017
201-250,University of Iceland,46.3—50.4,16.9,27.6,92,52.7,60.3,13373,24,0.08,2017
201-250,Indian Institute of Science,46.3—50.4,50.1,49.2,47.3,48,18.1,3398,8.3,0.01,2017
201-250,University of Iowa,46.3—50.4,40.9,27.1,74.9,53.8,34.6,27807,11.6,0.12,2017
201-250,University of Kiel,46.3—50.4,31.6,27.2,90.8,33.5,51.2,24701,23.3,0.08,2017
201-250,King Abdulaziz University,46.3—50.4,26.4,12.4,93.3,66,92.1,37178,8.3,0.21,2017
201-250,Korea University,46.3—50.4,40.9,45.4,49.2,98.6,44,22739,15.5,0.16,2017
201-250,Université Libre de Bruxelles,46.3—50.4,26.3,42.8,74.4,44.5,83.3,23712,35,0.32,2017
201-250,Nanjing University,46.3—50.4,41.7,36.9,61.5,73.9,51.4,34784,15.7,0.09,2017
201-250,University of Galway,46.3—50.4,27.7,27.8,76.7,41.4,78.1,13911,26.1,0.16,2017
201-250,University of Newcastle,46.3—50.4,29.3,28.5,73.5,63.7,79.8,23838,22.7,0.18,2017
201-250,North Carolina State University,46.3—50.4,37.5,32.7,68.4,42,50.2,30187,13.1,0.12,2017
201-250,University of Otago,46.3—50.4,30.5,30.7,80.1,35.6,88.6,18567,20.2,0.20,2017
201-250,University of Oulu,46.3—50.4,30.3,32.6,75.1,39.9,54.2,10089,23.5,0.07,2017
201-250,Paris Descartes University,46.3—50.4,24.6,32.5,84.6,38.6,51.7,32978,24.4,0.15,2017
201-250,Paris Diderot University – Paris 7,46.3—50.4,28.9,24,91.8,32.9,65.7,27836,14.8,0.17,2017
201-250,Politecnico di Milano,46.3—50.4,32.6,30.3,76.4,59.3,52.6,33486,25.3,0.13,2017
201-250,Queensland University of Technology,46.3—50.4,28.4,37.9,67.4,58.9,77.9,34398,36.3,0.17,2017
201-250,Queen’s University,46.3—50.4,38.9,34.8,60.9,41.7,64.7,21015,22.6,0.11,2017
201-250,Queen’s University Belfast,46.3—50.4,31.2,31.9,78.3,37.1,94.3,17350,16.1,0.32,2017
201-250,RCSI University of Medicine and Health Sciences,46.3—50.4,35.5,18.6,81.7,37.1,89.5,2184,18.2,0.62,2017
201-250,Shanghai Jiao Tong University,46.3—50.4,51.9,56.5,41.5,90.5,29.3,36535,12.3,0.06,2017
201-250,Simon Fraser University,46.3—50.4,23.8,31.9,77,47.5,89.3,26607,28.3,0.29,2017
201-250,University of South Florida (Tampa),46.3—50.4,27.8,34.9,75.2,95.8,44.4,32016,19,0.11,2017
201-250,"St George’s, University of London",46.3—50.4,21.3,20.7,100,35.5,67.7,3075,14.6,0.16,2017
201-250,Stony Brook University,46.3—50.4,34.7,24.5,86.8,35.6,55.6,22867,10.9,0.24,2017
201-250,University of Stuttgart,46.3—50.4,42.3,44.5,53.4,100,47.2,15721,30.3,0.14,2017
201-250,University of Technology Sydney,46.3—50.4,27.1,40,73.8,44.2,92.3,25069,44,0.35,2017
201-250,Technical University of Darmstadt,46.3—50.4,38.2,43,52.5,95.1,54.7,20719,51.9,0.18,2017
201-250,Tel Aviv University,46.3—50.4,41,51.1,55.1,45.3,49.1,23663,24,0.04,2017
201-250,University of Texas at Dallas,46.3—50.4,26.9,32.5,90.4,43.3,53.1,17825,25,0.25,2017
201-250,Tohoku University,46.3—50.4,48.6,47.3,50.4,69.5,32.4,17349,5.4,0.09,2017
201-250,University of Trento,46.3—50.4,23.6,27.7,89.3,41.3,57.3,17118,28.2,0.09,2017
201-250,University of Utah,46.3—50.4,37.9,30.5,86.7,47.8,32.5,30193,14.8,0.10,2017
201-250,Wake Forest University,46.3—50.4,37.8,20.3,92.6,41.3,26.1,7451,4.5,0.05,2017
201-250,Western University,46.3—50.4,40.1,34.9,69.3,55.1,73.6,28060,21.6,0.16,2017
201-250,Zhejiang University,46.3—50.4,51.7,54.2,44.5,89.2,22,47845,15.2,0.05,2017
201-250,École Normale Supérieure de Lyon,46.3—50.4,44.5,30.4,64.5,34.9,68.4,2238,8.4,0.15,2017
251-300,University of Bath,43.5—46.2,31.8,31,65.1,37.2,85.5,11765,16.5,0.30,2017
251-300,University of Bayreuth,43.5—46.2,32.6,31.4,66.3,63.5,53.8,12709,37.8,0.07,2017
251-300,Bielefeld University,43.5—46.2,37.6,43.7,55.6,59.3,46.2,22279,69.6,0.08,2017
251-300,University at Buffalo,43.5—46.2,38,29,66.1,42.8,64.6,26418,18.8,0.21,2017
251-300,Chalmers University of Technology,43.5—46.2,38.8,28.5,61.9,70.8,75.8,8819,11.9,0.15,2017
251-300,Charles Darwin University,43.5—46.2,18.4,19,91.7,44.3,77.2,6096,21.3,0.25,2017
251-300,Colorado School of Mines,43.5—46.2,32.6,27.8,73.5,74.9,39.9,5437,17.7,0.11,2017
251-300,Copenhagen Business School,43.5—46.2,19.8,24.4,76.8,39.4,89.9,19154,42.9,0.21,2017
251-300,Dalhousie University,43.5—46.2,29.1,29.6,70.7,47.6,80.1,15293,14.9,0.19,2017
251-300,Deakin University,43.5—46.2,23,24.5,75.5,34.1,76.8,34968,31.1,0.17,2017
251-300,Free University of Bozen-Bolzano,43.5—46.2,22.8,8.1,96.1,32.3,79.9,2813,4.1,0.16,2017
251-300,University of Fribourg,43.5—46.2,33.7,32.7,56.8,59.7,86.8,10701,46.2,0.18,2017
251-300,Griffith University,43.5—46.2,22.6,28.5,74.8,41.3,82.3,31031,22.3,0.20,2017
251-300,University of Hohenheim,43.5—46.2,34.1,30.1,66.5,49.6,51.1,9524,42.1,0.13,2017
251-300,James Cook University,43.5—46.2,21.7,22.3,84.2,43.2,74.1,12004,22.9,0.13,2017
251-300,Johannes Gutenberg University of Mainz,43.5—46.2,35.8,22,76.3,57.8,54.5,35215,31.5,0.10,2017
251-300,Koç University,43.5—46.2,25.2,29.8,70.3,81.9,54.4,4793,14.6,0.09,2017
251-300,Université Laval,43.5—46.2,37,27.3,67.2,54.7,65.5,28757,16.9,0.12,2017
251-300,Macquarie University,43.5—46.2,32.5,36.5,62.3,41.3,75,27532,32.8,0.24,2017
251-300,University of Marburg,43.5—46.2,35.1,27.2,73.7,37.4,49.6,26085,39,0.09,2017
251-300,Mines ParisTech,43.5—46.2,43.5,20.3,64.5,98.6,63.4,1289,5.5,0.26,2017
251-300,National Tsing Hua University,43.5—46.2,38.7,40.1,55.8,47.3,26.6,10260,13.6,0.06,2017
251-300,Norwegian University of Science and Technology,43.5—46.2,30.1,32.8,65.5,46.5,65.3,22031,18.3,0.11,2017
251-300,Oregon Health and Science University,43.5—46.2,29.7,15.3,97.6,44.9,23.2,2861,1.1,0.02,2017
251-300,Osaka University,43.5—46.2,52.6,49.6,38.2,73.9,28.8,23087,7.6,0.09,2017
251-300,University of Ottawa,43.5—46.2,38.1,21,67.5,41.5,71.8,34946,25.3,0.15,2017
251-300,Rensselaer Polytechnic Institute,43.5—46.2,33.6,33.5,67.3,79.1,43.1,6829,15.5,0.17,2017
251-300,Ruhr University Bochum,43.5—46.2,36.7,36.2,56.9,59.2,51.6,42718,61.2,0.13,2017
251-300,Rush University,43.5—46.2,38.4,13.6,89.8,44,22.3,1987,2.2,0.03,2017
251-300,Sapienza University of Rome,43.5—46.2,38.3,35.3,67.2,41,37.6,115327,31.8,0.07,2017
251-300,University of South Australia,43.5—46.2,29.9,29.9,58.4,82.9,90.1,19996,29.6,0.33,2017
251-300,University of Southern Denmark,43.5—46.2,21.4,23.6,81.6,69.9,76.9,25313,13.5,0.16,2017
251-300,University of Surrey,43.5—46.2,30,32.6,60.9,37.6,91.8,10375,13.3,0.38,2017
251-300,Swedish University of Agricultural Sciences,43.5—46.2,31.3,22.3,77.7,98.9,46.8,3838,4.6,%,2017
251-300,Syracuse University,43.5—46.2,32.9,25.9,75.4,36.4,41.4,19930,16.1,0.17,2017
251-300,University of São Paulo,43.5—46.2,57.2,60.2,25.7,39.6,28.3,83201,14.7,0.04,2017
251-300,University of Tampere,43.5—46.2,26.2,29.3,75.9,52.2,40.1,9530,21.7,0.05,2017
251-300,The University of Tennessee-Knoxville,43.5—46.2,30.5,21.5,83,42.1,39.5,26988,17.8,0.04,2017
251-300,Tokyo Institute of Technology,43.5—46.2,48.4,50.5,41.7,64.1,32.9,9587,7.4,0.13,2017
251-300,Umeå University,43.5—46.2,22.6,28.6,79.7,35.2,59.9,16698,11.7,0.10,2017
251-300,TU Wien,43.5—46.2,38.1,25.5,57.7,70.9,79.1,17620,35.8,0.27,2017
251-300,Virginia Polytechnic Institute and State University,43.5—46.2,34.9,39.9,62.1,44.1,31.4,30850,18.1,0.10,2017
251-300,William & Mary,43.5—46.2,40.8,16.8,82.2,32.7,28.8,7963,11.9,0.08,2017
251-300,University of Wollongong,43.5—46.2,28.3,32.1,64.1,49.2,87,16581,25.5,0.24,2017
251-300,Yonsei University,43.5—46.2,44.2,40.1,44,79.8,48.3,22469,11.9,0.20,2017
301-350,Aberystwyth University,40.7—43.3,20.5,21.3,77.5,34.9,75.1,8735,17.1,0.18,2017
301-350,Aix-Marseille University,40.7—43.3,34.5,21.2,69.5,35.1,57.2,74345,19.6,0.13,2017
301-350,University of Alaska Fairbanks,40.7—43.3,28.3,24,70.5,50.5,55,3875,8.4,0.07,2017
301-350,Anglia Ruskin University (ARU),40.7—43.3,14.7,10.5,99.2,32.8,67,16740,24.4,0.25,2017
301-350,Bangor University,40.7—43.3,25.2,21.9,65.9,33.6,81.3,9160,18.3,0.21,2017
301-350,University of Bordeaux,40.7—43.3,29.8,19.6,76.6,34.6,54.4,52169,19.5,0.12,2017
301-350,University of Bremen,40.7—43.3,36.2,29.4,61.7,47,50.4,18904,34.8,0.11,2017
301-350,Brunel University London,40.7—43.3,24.9,26,61.3,37.2,92.3,11645,16.4,0.39,2017
301-350,Central European University,40.7—43.3,39.8,27,48.8,32.2,97,1298,5.8,0.77,2017
301-350,Clark University,40.7—43.3,24.4,8,93.7,32.8,59,3239,11.7,0.25,2017
301-350,"Colorado State University, Fort Collins",40.7—43.3,29.6,32.6,63.4,43.6,35.1,23998,16.4,0.05,2017
301-350,University of Connecticut,40.7—43.3,37,28.2,62.5,35.1,40.6,26109,12.6,0.07,2017
301-350,University of Crete,40.7—43.3,18.7,19.1,83,37.8,46.9,14518,26.7,0.04,2017
301-350,University of Denver,40.7—43.3,37.7,23.6,67.2,34.9,28.7,9568,13.3,0.10,2017
301-350,University of Essex,40.7—43.3,32.3,36,47.7,32.8,95.2,10155,18.3,0.44,2017
301-350,Federal University of Toulouse Midi-Pyrénées,40.7—43.3,30.9,26.2,62.4,36.2,62.8,93250,23.3,0.19,2017
301-350,George Mason University,40.7—43.3,28.1,24.6,73.4,33.4,38.7,27337,17.4,0.08,2017
301-350,University of Georgia,40.7—43.3,33,35,57.2,34.9,41.7,33241,19.5,0.07,2017
301-350,"Goldsmiths, University of London",40.7—43.3,28.4,30.6,63.8,32.2,75.4,7255,16.5,0.38,2017
301-350,Grenoble Alpes University,40.7—43.3,26.7,21.9,71.7,34.3,60,37815,16.3,0.15,2017
301-350,Gwangju Institute of Science and Technology (GIST),40.7—43.3,39.5,39.9,51.9,44.9,35.2,1575,10.7,0.07,2017
301-350,University of Innsbruck,40.7—43.3,26.1,18.7,70.8,43.1,96.2,14360,13.3,0.38,2017
301-350,Justus Liebig University Giessen,40.7—43.3,33.2,29.4,60.5,41.5,46.9,27980,46.9,0.09,2017
301-350,University of Kent,40.7—43.3,22.8,22.3,68.7,32.5,89.3,17080,13.1,0.29,2017
301-350,Linköping University,40.7—43.3,23.9,15.3,79.6,41.7,62.1,18966,8.2,0.11,2017
301—350,University of Liège,40.7—43.3,27.1,33.3,55.4,99.4,70.3,21611,27.9,0.23,2017
301-350,Loughborough University,40.7—43.3,32.9,34.4,54,37,73.2,13675,14.9,0.22,2017
301-350,University of Milan,40.7—43.3,32.8,24.5,69.9,42.9,39.4,58990,27.6,0.05,2017
301-350,Nagoya University,40.7—43.3,44.4,41.8,41.2,83.6,28.3,15619,8,0.10,2017
301-350,University of Navarra,40.7—43.3,29.7,23.9,65.3,55.6,55.6,10584,14.1,0.16,2017
301-350,University of Nebraska-Lincoln,40.7—43.3,31.2,29.1,67.2,38.5,48,22068,16.2,0.10,2017
301-350,University of Oregon,40.7—43.3,24.8,24.5,77.7,33.3,35.5,24268,19.8,0.13,2017
301-350,Oregon State University,40.7—43.3,29.3,28.2,69.7,36,46,23464,16.3,0.10,2017
301-350,University of Padua,40.7—43.3,24.5,20.4,80.6,35.5,39,62267,19.1,0.04,2017
301-350,University of Pavia,40.7—43.3,25.3,22.1,73.6,59.3,43.3,22010,38.7,0.07,2017
301-350,Royal Veterinary College,40.7—43.3,26.4,18.3,69.1,41.8,83.3,1800,10.3,0.18,2017
301-350,Sabancı University,40.7—43.3,24.3,32.9,61.6,77.7,46.7,2999,17.7,0.08,2017
301-350,Saint Louis University,40.7—43.3,36,11.9,80.4,33.9,28.9,11919,5.7,0.08,2017
301-350,University of Stirling,40.7—43.3,22.6,24.7,69.6,33.7,75.1,8030,15.2,0.20,2017
301-350,University of Strasbourg,40.7—43.3,27.2,21.3,67.8,35.7,69.6,43709,17.2,0.19,2017
301-350,Swansea University,40.7—43.3,21,26.1,71.8,35.7,75.8,13050,16.5,0.21,2017
301-350,University of Tartu,40.7—43.3,23.6,23.1,80.9,34.5,48.4,9464,12.2,0.04,2017
301-350,University of Tasmania,40.7—43.3,22.3,29.6,66.3,51.7,77.3,14838,19.7,0.18,2017
301-350,TU Dortmund University,40.7—43.3,35.5,29.8,57.1,48.7,41.5,30998,100.3,0.10,2017
301-350,Technion Israel Institute of Technology,40.7—43.3,33.2,36.1,55.9,38.7,62.5,13926,19.8,0.04,2017
301-350,Temple University,40.7—43.3,37.2,21.6,68.4,37.4,31.1,33672,13.3,0.06,2017
301-350,University of Turku,40.7—43.3,27,22.7,72.6,34.5,49.6,12167,15.9,0.05,2017
301-350,University of Victoria,40.7—43.3,22.1,22.5,77.9,37.9,73.7,18028,22,0.12,2017
301-350,Vrije Universiteit Brussel,40.7—43.3,27.3,23.7,66.7,48.3,70,12484,21.8,0.21,2017
301-350,York University,40.7—43.3,29.9,39.7,50.7,37.4,73.5,46565,40.8,0.22,2017
351-400,Aston University,37.6—40.6,20.6,23.9,56.2,34.3,93.5,8565,16.3,0.32,2017
351-400,Bilkent University,37.6—40.6,23.4,19.9,68.3,39.7,51.9,9761,14.1,0.04,2017
351-400,SUNY Binghamton University,37.6—40.6,24.3,20.4,68.5,35.9,40.3,16628,23.7,0.14,2017
351-400,University of Calabria,37.6—40.6,14.7,25.8,84.2,33.4,31.1,30219,36.4,0.03,2017
351-400,University of Canterbury,37.6—40.6,23.8,26.8,56.2,40.5,89.7,11943,16.4,0.20,2017
351-400,"City, University of London",37.6—40.6,24.1,25.9,56.2,33.3,91,12490,16.1,0.49,2017
351-400,Claude Bernard University Lyon 1,37.6—40.6,21.1,16.9,73.1,37.6,47.8,35944,17.2,0.08,2017
351-400,University College Cork,37.6—40.6,27.7,25.7,54.1,50.6,76,15877,22.4,0.16,2017
351-400,University of Cyprus,37.6—40.6,19.1,25.4,66.6,34.7,75,7025,22.5,0.08,2017
351-400,Drexel University,37.6—40.6,32.6,16,62,37.9,47.8,21153,11,0.18,2017
351-400,University of Eastern Finland,37.6—40.6,25,20.5,74.5,35.6,48,11098,17.7,0.06,2017
351-400,Flinders University,37.6—40.6,22.3,11.3,74.9,36.5,66.1,16465,23.6,0.16,2017
351-400,Graz University of Technology,37.6—40.6,28.5,15.4,60,67.8,71.2,6312,10.1,0.16,2017
351-400,University of Guelph,37.6—40.6,26.1,33,48.7,46.9,55.4,21547,28.4,0.04,2017
351-400,Hanyang University,37.6—40.6,35,35.6,35.6,81.8,51.5,21629,14.1,0.15,2017
351-400,Hong Kong Baptist University,37.6—40.6,23.3,13.6,67.4,32.9,79.1,11038,11.1,0.29,2017
351-400,University of Houston,37.6—40.6,35.4,29.4,54.3,40.6,36.8,39402,42.5,0.09,2017
351-400,Indian Institute of Technology Bombay,37.6—40.6,39.2,31.1,52.8,46.9,19.2,9207,16.3,0.01,2017
351-400,Iowa State University,37.6—40.6,31.2,25.3,60.6,47.5,37.9,32951,18.7,0.12,2017
351-400,University of Kaiserslautern,37.6—40.6,34.7,23.2,50.3,69.2,46.3,14226,53.7,0.15,2017
351-400,University of Kansas,37.6—40.6,36.7,24.5,54.5,38.3,33.7,24345,7.6,0.09,2017
351-400,University of Kentucky,37.6—40.6,36.6,29.3,51.4,39,38.2,31225,19,0.06,2017
351-400,Kyung Hee University,37.6—40.6,28.5,35.5,48.5,79.3,51.5,23692,17.3,0.16,2017
351-400,Kyushu University,37.6—40.6,41.9,35.1,35.7,70.8,31.2,18650,6.6,0.11,2017
351-400,La Trobe University,37.6—40.6,26.7,29.7,49,45.5,78.7,22422,29.6,0.25,2017
351-400,Leibniz University Hannover,37.6—40.6,37.4,37.1,43.2,62,44.5,23126,61.9,0.12,2017
351-400,University of Macau,37.6—40.6,21.5,22,53.3,46.3,98.8,8981,14.6,0.33,2017
351-400,Autonomous University of Madrid,37.6—40.6,32.3,28.3,57.4,35.8,51.6,26969,12.4,0.16,2017
351-400,University of Milan-Bicocca,37.6—40.6,25.5,22.7,70.8,43.9,42.2,32892,65.8,0.06,2017
351-400,Mizzou - University of Missouri,37.6—40.6,30.9,19.3,67,33.8,34,30535,11.3,0.06,2017
351-400,Montpellier University,37.6—40.6,32.7,18.1,64.6,35.9,57.7,39313,19.7,0.14,2017
351-400,Maynooth University,37.6—40.6,25.5,24.2,61,37.5,77.6,7850,28.8,0.12,2017
351-400,Norwegian University of Life Sciences,37.6—40.6,25.7,13.2,68.3,37.9,78,5655,7.3,0.21,2017
351-400,University of Oklahoma,37.6—40.6,33.5,17.9,64.1,37.3,33.6,27054,10.3,0.06,2017
351-400,Paris-Sorbonne University – Paris 4,37.6—40.6,48.6,38.6,27.9,32.2,54.2,21488,27.9,0.19,2017
351-400,University of Plymouth,37.6—40.6,20,20.4,71.9,32.5,66.6,18510,19.3,0.14,2017
351-400,Polytechnic University of Turin,37.6—40.6,25.8,19,66.8,49.4,48.5,29422,27.9,0.16,2017
351-400,University of Salerno,37.6—40.6,18.2,13.1,86.7,39.2,30.8,37862,56.3,0.01,2017
351-400,Swinburne University of Technology,37.6—40.6,22.9,24,60.3,35.5,74.5,13606,26.4,0.27,2017
351-400,The University of Texas at San Antonio,37.6—40.6,17.3,16.2,85,32.4,32.6,25870,21.4,0.07,2017
351-400,Toyota Technological Institute,37.6—40.6,22.2,17,78.6,59,24.1,505,11.2,0.03,2017
351-400,University of Trieste,37.6—40.6,26.1,17.9,74.9,35.7,46,18144,26.5,0.09,2017
351-400,Tulane University,37.6—40.6,41.4,15.7,61,35.5,37.9,11495,11.8,0.11,2017
351-400,University of Turin,37.6—40.6,21.2,20.4,72.9,45.4,38.9,67678,43.7,0.06,2017
351-400,Victoria University,37.6—40.6,22.5,22.1,66.9,37.2,70.8,15270,32.5,0.22,2017
351-400,Victoria University of Wellington,37.6—40.6,23.3,30.2,48.4,53.6,88.6,16940,20.1,0.21,2017
351-400,Washington State University,37.6—40.6,29.6,29.6,59.8,56.9,43.3,26439,20.1,0.08,2017
351-400,Wayne State University,37.6—40.6,33,15.7,71.9,42.2,33.3,22405,10.7,0.08,2017
351-400,École des Ponts ParisTech,37.6—40.6,32.9,13.8,61.2,69.7,65.9,1810,12.9,0.44,2017
351-400,Örebro University,37.6—40.6,17.7,5.9,91.7,33.7,43.6,8698,15.9,0.02,2017
401-500,American University,32.6—37.5,40.5,21.3,51.4,37.8,30.1,11636,12,0.12,2017
401-500,Aristotle University of Thessaloniki,32.6—37.5,20,15.8,61.8,37.3,39.9,44433,22.3,0.09,2017
401-500,Atılım University,32.6—37.5,19,8.1,75.3,47.9,33.2,6394,27.2,0.08,2017
401-500,University of Aveiro,32.6—37.5,30.2,26.2,44.5,41.5,46.5,10641,17.7,0.09,2017
401-500,Bar-Ilan University,32.6—37.5,23.5,23,49,32.8,51.5,16974,15.1,0.05,2017
401-500,University of Bari Aldo Moro,32.6—37.5,26,17,61.5,40.4,33.2,49536,67,0.02,2017
401-500,University of Bergamo,32.6—37.5,22.2,15.8,64.8,39,31.6,15849,49.2,0.06,2017
401-500,Boğaziçi University,32.6—37.5,20.9,23.8,57.7,57.4,45.4,11555,25.6,0.07,2017
401-500,University of Brescia,32.6—37.5,15.1,14.1,74.5,38.2,37.9,14616,26.4,0.07,2017
401-500,University of Campinas,32.6—37.5,44.9,39.6,28,46.5,24.1,26966,14.9,0.03,2017
401-500,University of Canberra,32.6—37.5,19.9,24.6,50.8,35,60.1,11287,31,0.28,2017
401-500,Universitat Politècnica de Catalunya,32.6—37.5,27.1,17.5,51.2,41.5,51.4,21995,10.2,0.12,2017
401-500,Central Queensland University,32.6—37.5,19,9.9,73.7,35.1,59.4,12300,26.6,0.28,2017
401-500,Charles University,32.6—37.5,30.5,21.4,54.6,32.4,54.6,50992,13.3,0.15,2017
401-500,Chung-Ang University,32.6—37.5,36.4,31.9,23.3,63.6,49.9,12221,16.8,0.22,2017
401-500,University of Coimbra,32.6—37.5,24.1,27.2,44.6,38.2,51.3,23329,20.1,0.14,2017
401-500,Curtin University,32.6—37.5,21,23.5,52.1,39.5,93.8,31353,18.4,0.36,2017
401-500,Cyprus University of Technology,32.6—37.5,17.1,13.1,70.3,34,67,3012,18.9,0.06,2017
401-500,Dublin City University,32.6—37.5,26.7,26.7,42.7,46.7,78.6,8856,24.9,0.18,2017
401-500,Ewha Womans University,32.6—37.5,28.4,23.9,46.7,68.7,41.4,14989,14.2,0.10,2017
401-500,Federico Santa María Technical University,32.6—37.5,14.2,10.8,69,41,54.7,18424,28.3,0.02,2017
401-500,University of Ferrara,32.6—37.5,18.8,17.2,68.4,40.3,42.8,13781,22.9,0.07,2017
401-500,University of Florence,32.6—37.5,20,14,72.6,38.1,40.4,53378,18.3,0.07,2017
401-500,Florida International University,32.6—37.5,25.4,20.1,57.7,35.2,35.3,33983,25.8,0.07,2017
401-500,University of Genoa,32.6—37.5,27.7,16.7,64.3,45.2,40.2,35777,29.2,0.09,2017
401-500,Georgia State University,32.6—37.5,28.1,23.7,60.2,32.3,30.5,28788,19.2,0.05,2017
401-500,University of Graz,32.6—37.5,23.1,17,56.2,33.2,69.5,20770,23.6,0.12,2017
401-500,University of Greifswald,32.6—37.5,30.3,19.7,60.6,37.7,43.8,8628,17,0.05,2017
401-500,Hasselt University,32.6—37.5,21.7,20.9,61.6,49.7,55.2,4913,16.8,0.10,2017
401-500,Heriot-Watt University,32.6—37.5,22.2,24,49.3,42.8,92.1,9290,16.9,0.42,2017
401-500,Hokkaido University,32.6—37.5,42.2,36.2,30.9,55,29.8,18055,8.1,0.09,2017
401-500,Huazhong University of Science and Technology,32.6—37.5,31,24.7,43.6,68,19.9,56211,17.1,0.04,2017
401-500,Indian Institute of Technology Delhi,32.6—37.5,37.5,23.9,47,71.7,15.9,6926,13.8,0.01,2017
401-500,Indian Institute of Technology Kanpur,32.6—37.5,34.6,22.9,38.4,98.8,17.9,6513,16.7,0.01,2017
401-500,Indian Institute of Technology Madras,32.6—37.5,38.3,22.3,41.2,81.1,17.5,8692,15.5,0.01,2017
401-500,Johannes Kepler University of Linz,32.6—37.5,25.3,15.5,49.9,41.2,58,6652,11.7,0.09,2017
401-500,University of Jyväskylä,32.6—37.5,27.7,13.9,55.4,35.4,48.2,9591,15.4,0.05,2017
401-500,Keele University,32.6—37.5,18.3,20.4,53.6,33.2,73.6,8300,15,0.22,2017
401-500,Kent State University,32.6—37.5,22.3,17.1,64.6,32.4,34.3,23059,18.6,0.08,2017
401-500,King Fahd University of Petroleum and Minerals,32.6—37.5,28.7,16.8,36.7,92.8,86.8,6617,6.8,0.21,2017
401-500,Lehigh University,32.6—37.5,24.9,18.5,63.2,38,39.1,6400,11.3,0.16,2017
401-500,University of Lille,32.6—37.5,19.3,18.8,56.9,37.4,55.4,67189,27.5,0.12,2017
401-500,Lincoln University,32.6—37.5,25.5,20.8,49.6,41.7,86,2985,14,0.23,2017
401-500,University of Lisbon,32.6—37.5,26.3,24,59,37.8,47.6,47756,17.8,0.10,2017
401-500,Makerere University,32.6—37.5,15.1,11.8,78,36.7,58.3,37423,29.2,0.09,2017
401-500,University of Manitoba,32.6—37.5,28.7,26.3,53.4,40.6,42.2,29111,28,0.13,2017
401-500,Marche Polytechnic University,32.6—37.5,21.2,7.2,85.8,37.5,28.1,16830,23.6,0.04,2017
401-500,"University of Maryland, Baltimore County",32.6—37.5,21.3,18.7,58.8,33.4,29.6,13979,17.8,0.08,2017
401-500,Massey University,32.6—37.5,22.5,19.6,43.3,39.1,92.2,18681,16.1,0.28,2017
401-500,University of Modena and Reggio Emilia,32.6—37.5,16.2,10.2,76.2,36,36,20141,26.4,0.06,2017
401-500,University of Montana,32.6—37.5,34.4,15.4,64.8,36,25.4,10304,17.6,0.04,2017
401-500,Murdoch University,32.6—37.5,17.9,23.5,57.3,42.8,90.7,16391,33.2,0.45,2017
401-500,Nantes Université,32.6—37.5,17.3,15.5,64.9,35.5,45.4,34714,22.8,0.11,2017
401-500,National Cheng Kung University (NCKU),32.6—37.5,30.4,38,29.2,99.4,29.9,21157,14.3,0.11,2017
401-500,National Chiao Tung University,32.6—37.5,33,40.2,35.3,89.3,33.4,12609,17.1,0.06,2017
401-500,National Taiwan University of Science and Technology (Taiwan Tech),32.6—37.5,30.1,40.5,38.5,70.1,32.3,8070,19,0.11,2017
401-500,University of Neuchâtel,32.6—37.5,24.9,17.6,46.1,34,91.4,4208,8.8,0.22,2017
401-500,New Mexico State University (Main campus),32.6—37.5,19.8,21,59.3,36.9,33,14479,17.8,0.07,2017
401-500,University of Nice Sophia Antipolis,32.6—37.5,21.9,8,58.1,32.5,79.2,28218,20.7,0.21,2017
401-500,Northern Arizona University,32.6—37.5,18.8,11.2,82.7,32.6,26.9,23167,24.8,0.05,2017
401-500,The Open University,32.6—37.5,18.8,15.8,58.8,32.6,51.7,70860,33.9,0.08,2017
401-500,Oxford Brookes University,32.6—37.5,27.7,25.3,37.8,32.3,71.5,12930,17.6,0.27,2017
401-500,Panthéon-Sorbonne University – Paris 1,32.6—37.5,48,40.6,7.3,32.4,50.3,40121,32.8,0.20,2017
401-500,University of Pisa,32.6—37.5,20.4,18.5,73.3,36.5,34.3,50937,19.8,0.05,2017
401-500,Pontificia Universidad Católica de Chile,32.6—37.5,27.5,23,41.8,35.7,53.2,26188,15.6,0.07,2017
401-500,University of Porto,32.6—37.5,28.6,26.2,42.3,39.9,45.3,31753,18.6,0.09,2017
401-500,University of Portsmouth,32.6—37.5,16.7,13.2,61.8,32.6,82.4,18950,16.4,0.25,2017
401-500,Université du Québec à Montréal,32.6—37.5,23.9,20.7,54.3,32.4,58.5,28830,26.1,0.19,2017
401-500,RMIT University,32.6—37.5,23,20.7,53.6,40,85.6,30795,17.3,0.26,2017
401-500,Renmin University of China,32.6—37.5,42.5,19.4,35.4,43.2,46,24859,11.7,0.06,2017
401-500,University of Rome II – Tor Vergata,32.6—37.5,25.5,15.3,64.2,38.9,37.9,31393,18.4,0.06,2017
401-500,University of Rome III,32.6—37.5,23.4,20.6,67.5,37.6,37.2,35290,59,0.04,2017
401-500,Rovira i Virgili University,32.6—37.5,21.5,15.8,72.1,35.2,45.5,12637,13,0.10,2017
401-500,University of Salento,32.6—37.5,25,11.8,65.6,37.6,25.2,19983,58.8,0.01,2017
401-500,San Diego State University,32.6—37.5,20.9,28.8,64.4,33.2,27.3,28358,31.8,0.06,2017
401-500,University of Saskatchewan,32.6—37.5,34.2,25,43.5,69,64.4,19154,17.9,0.15,2017
401-500,University of Siegen,32.6—37.5,22.2,24,60.8,40.7,50.1,19139,54.4,0.11,2017
401-500,SOAS University of London,32.6—37.5,32.9,29.4,29.7,32.2,76,4755,11.6,0.54,2017
401-500,University of St Gallen,32.6—37.5,27.2,14.8,50.9,42.8,96.5,7175,11.3,0.34,2017
401-500,Stellenbosch University,32.6—37.5,28.6,24.8,53,32.1,50.3,22478,23.9,0.08,2017
401-500,Stevens Institute of Technology,32.6—37.5,21.8,18.3,52.2,33.7,77.3,5999,18.3,0.34,2017
401-500,University of Strathclyde,32.6—37.5,24.2,31.2,36.2,46.6,75.1,15770,19.8,0.22,2017
401-500,Sun Yat-sen University,32.6—37.5,35.3,26.3,50,54.1,29.6,51866,16.9,0.08,2017
401-500,Tokyo Medical and Dental University (TMDU),32.6—37.5,39.4,19.5,50.1,58.2,23.2,2906,3.2,0.07,2017
401-500,Tokyo Metropolitan University,32.6—37.5,22.6,13.4,68.5,34,21.4,9294,9.6,0.04,2017
401-500,University of Tsukuba,32.6—37.5,40.1,32.7,35.1,42.4,37.1,16271,12.6,0.17,2017
401-500,UiT The Arctic University of Norway,32.6—37.5,22.7,17,64.3,36.9,67.3,12180,12,0.12,2017
401-500,Verona University,32.6—37.5,23.1,13.4,73.4,42.1,40.9,24390,18.7,0.06,2017
401-500,University of Waikato,32.6—37.5,20.9,23.2,49.5,34.7,87.8,9904,16.8,0.26,2017
401-500,Western Sydney University,32.6—37.5,17.9,24.4,57.9,35.6,77.5,30734,28.6,0.13,2017
401-500,Wuhan University,32.6—37.5,40.9,30.2,29.2,91.1,37.5,49152,14,0.07,2017
401-500,Xiamen University,32.6—37.5,26.7,21.6,54.2,7.7,25.5,42210,15.6,0.04,2017
401-500,École normale supérieure Paris-Saclay,32.6—37.5,32.1,9.6,54,44,50.7,1505,9.6,0.07,2017
501-600,American University of Beirut,27.6—32.5,28.5,12.8,38.4,38.5,88.1,7836,8.8,0.23,2017
501-600,"University of the Andes, Colombia",27.6—32.5,19.9,14.9,50,49.4,55.5,16880,17.5,0.02,2017
501-600,University of Arkansas,27.6—32.5,24.4,19.2,39.2,39.1,27.9,23545,20.3,0.05,2017
501-600,Athens University of Economics and Business,27.6—32.5,16.9,20.5,41.2,37.9,43.1,11659,48,0.06,2017
501-600,Auckland University of Technology,27.6—32.5,17.8,12.5,45.9,33.9,94.8,17627,16.9,0.39,2017
501-600,University of the Basque Country,27.6—32.5,20.9,14.3,50.2,34.7,37.9,44806,14.8,0.06,2017
501-600,Ben-Gurion University of the Negev,27.6—32.5,23.8,27.5,35.5,42.9,34.5,16477,20.1,0.03,2017
501-600,Bond University,27.6—32.5,18.7,21.2,37.1,36.3,89.5,3201,13.6,0.35,2017
501-600,Université Bourgogne Franche-Comté (UBFC),27.6—32.5,21.5,11.7,56.6,34.5,51.6,54487,26.2,0.11,2017
501-600,University of Cagliari,27.6—32.5,19,12.2,56.6,35.2,34.5,29743,30.5,0.02,2017
501-600,Carleton University,27.6—32.5,19.5,25.6,33.9,33.9,63.6,25795,30.4,0.19,2017
501-600,University of Catania,27.6—32.5,15.3,12.9,68.3,34.6,26.8,53120,33.9,0.01,2017
501-600,Catholic University of the Sacred Heart,27.6—32.5,18,7.6,56.4,40.3,39.1,30263,18.9,0.08,2017
501-600,Ca’ Foscari University of Venice,27.6—32.5,21.1,25.9,46.1,35.3,41.2,20478,41.9,0.07,2017
501-600,University of Chile,27.6—32.5,25.4,18.4,36.9,32.1,46.7,38079,17.4,0.04,2017
501-600,China Agricultural University,27.6—32.5,33.9,21.8,29.4,47.8,18.6,18945,11.7,0.02,2017
501-600,"China Medical University, Taiwan",27.6—32.5,24,24.4,45.2,69.6,27,7810,16.4,0.09,2017
501-600,Complutense University of Madrid,27.6—32.5,30.7,27.1,36.7,36,40.1,63925,20.3,0.12,2017
501-600,Concordia University,27.6—32.5,19.2,24.7,40.9,34.4,79.2,31440,30.6,0.27,2017
501-600,Creighton University,27.6—32.5,42.3,9.7,45.1,35.7,27.8,7127,9.8,0.09,2017
501-600,East China Normal University,27.6—32.5,27.4,18.7,46.7,45.1,41.6,28674,13.4,0.11,2017
501-600,East China University of Science and Technology,27.6—32.5,22.5,15.2,51.9,60.7,25.6,23869,13.3,0.05,2017
501-600,Edith Cowan University,27.6—32.5,17.9,19.1,45.7,36.5,68.5,16540,35.8,0.17,2017
501-600,University of Granada,27.6—32.5,21.9,16.8,46.3,33.2,43.1,59530,17.6,0.09,2017
501-600,Harbin Institute of Technology,27.6—32.5,31.1,27.7,24.4,97.7,27.9,31580,10.6,0.08,2017
501-600,University of Hertfordshire,27.6—32.5,15.9,11.5,56.2,33,77.5,17550,17,0.27,2017
501-600,Hiroshima University,27.6—32.5,30,14,41.2,45.4,24,14639,8.2,0.06,2017
501-600,University of Hull,27.6—32.5,19.9,20.8,46.4,34.2,73.3,14520,18,0.20,2017
501-600,Indian Institute of Technology Roorkee,27.6—32.5,26.9,15.8,55.1,64.3,15.2,8134,14.2,0.01,2017
501-600,University of Ioannina,27.6—32.5,14.3,14.8,64.8,35.5,40.3,21266,39.3,0.04,2017
501-600,Istanbul Technical University,27.6—32.5,24,24.6,32.4,100,24.8,34649,16.6,0.05,2017
501-600,Kansas State University,27.6—32.5,25,17.9,40.7,44.4,43.9,21472,14.3,0.10,2017
501-600,"Khalifa University of Science, Technology and Research",27.6—32.5,24.9,12.1,43.2,45.8,93.3,1047,8.7,0.22,2017
501-600,King Saud University,27.6—32.5,24,27.9,28.7,96.4,76,40404,13.4,0.07,2017
501-600,University of KwaZulu-Natal,27.6—32.5,21.5,25.3,42.9,39.5,59.4,32074,25.9,0.05,2017
501-600,Lappeenranta-Lahti University of Technology LUT,27.6—32.5,28.4,26.3,28.7,61.5,55.9,3576,23,0.20,2017
501-600,University of Limerick,27.6—32.5,18.5,19,44.3,36,82.6,13250,20.8,0.17,2017
501-600,Liverpool John Moores University,27.6—32.5,16.1,13.3,56.7,32.7,65,18200,18.4,0.14,2017
501-600,Louisiana State University,27.6—32.5,31.1,20.2,42.1,32.1,29.7,28541,19.9,0.05,2017
501-600,Mahidol University,27.6—32.5,29.4,13.4,36.8,50.8,42.9,28665,7.7,0.03,2017
501-600,University of Maribor,27.6—32.5,16,13.1,51.2,39.6,35.5,13956,16.5,0.03,2017
501-600,Memorial University of Newfoundland,27.6—32.5,18.8,16.8,50.9,52.1,37.9,15403,15.7,0.13,2017
501-600,Middlesex University,27.6—32.5,18.5,13.2,39.5,32.2,84.9,16035,20.4,0.44,2017
501-600,University of Minho,27.6—32.5,22.2,22.1,39.2,50.3,46.3,18475,18.4,0.10,2017
501-600,Missouri University of Science and Technology,27.6—32.5,20,24.7,34,45.4,65.3,7884,23,0.17,2017
501-600,Montana State University,27.6—32.5,18.7,20.7,56.7,43.3,26.2,13360,18.6,0.05,2017
501-600,Monterrey Institute of Technology,27.6—32.5,25,16.6,36.5,93.5,67.6,14168,20,0.15,2017
501-600,National Autonomous University of Mexico,27.6—32.5,36.8,33,17.8,60.2,37.2,139544,11.9,0.05,2017
501-600,National Institute of Applied Sciences of Lyon (INSA Lyon),27.6—32.5,27.3,11.9,43,66.7,76.4,6215,8.6,0.30,2017
501-600,National Taiwan Normal University,27.6—32.5,28.2,31.1,17.6,78.3,44.4,10752,12.9,0.23,2017
501-600,National Yang-Ming University,27.6—32.5,31.5,15.8,37.7,35.5,17.1,4363,5.2,0.02,2017
501-600,National and Kapodistrian University of Athens,27.6—32.5,27,16.4,46.8,38,43,61985,32.2,0.09,2017
501-600,University of Nebraska Medical Center,27.6—32.5,36.4,12.9,35.8,37.1,36.8,2847,2.5,0.08,2017
501-600,New Jersey Institute of Technology,27.6—32.5,21.3,17.8,47.9,47.6,55.1,9743,18,0.21,2017
501-600,NOVA University of Lisbon,27.6—32.5,23.7,21.7,45.2,42.3,52,19425,18.5,0.12,2017
501-600,Oklahoma State University,27.6—32.5,26.4,24.7,41.7,36.3,27.2,21252,21.4,0.07,2017
501-600,Old Dominion University,27.6—32.5,23.1,17.7,53.2,1.7,27.5,20131,20.2,0.03,2017
501-600,Otto von Guericke University of Magdeburg,27.6—32.5,23,14.2,40.3,41.1,49.2,14104,11.7,0.13,2017
501-600,Paderborn University,27.6—32.5,23.6,22.3,35.9,41.4,40.6,19621,48.1,0.09,2017
501-600,University of Palermo,27.6—32.5,17.8,11.1,70.5,34.2,24.1,46200,24.7,0.01,2017
501-600,University of Parma,27.6—32.5,15.1,19.8,58.2,37.2,36.4,26159,30.1,0.06,2017
501-600,Pontifical Javeriana University,27.6—32.5,15.8,8,63.7,32.8,44,22794,17.3,0.01,2017
501-600,Pusan National University,27.6—32.5,27.8,27.1,25.6,63.8,33.9,24882,19.8,0.12,2017
501-600,Qatar University,27.6—32.5,16.2,16.3,45.2,41.8,99.9,11844,18.7,0.43,2017
501-600,University of Regina,27.6—32.5,16.5,11.9,48.8,34.8,50.9,11821,23.4,0.14,2017
501-600,University of Rennes 1,27.6—32.5,22.3,17,50.7,41.6,54.9,26171,29.8,0.14,2017
501-600,Roskilde University,27.6—32.5,17.9,28.3,39.9,35.6,47.1,6023,14.6,0.08,2017
501-600,Sejong University,27.6—32.5,21.5,15.7,47.4,35.6,29.8,11622,16.4,0.04,2017
501-600,Semmelweis University,27.6—32.5,24,12.8,50.2,34.5,71.3,12592,10.7,0.25,2017
501-600,Université de Sherbrooke,27.6—32.5,22.2,13.3,45.8,34.7,56.2,14367,12.3,0.08,2017
501-600,University of Siena,27.6—32.5,20.7,13.8,52.2,34.7,42.4,18244,14.4,0.08,2017
501-600,Sogang University,27.6—32.5,24.9,27.5,32.7,48.4,26,10494,23.9,0.05,2017
501-600,"Soochow University, China",27.6—32.5,19.7,15.8,58.8,68.1,18.3,43366,15.1,0.02,2017
501-600,Southeast University,27.6—32.5,27.2,30.4,28.9,92.7,22,31983,11.7,0.04,2017
501-600,Southern Cross University,27.6—32.5,16.9,23.1,47.1,38.6,52.6,9143,35.4,0.15,2017
501-600,SUNY University at Albany,27.6—32.5,23.5,22.8,45.8,32.7,34.4,15363,16,0.08,2017
501-600,University of the Sunshine Coast,27.6—32.5,15.2,17.9,47.1,33.5,60,7512,28.5,0.16,2017
501-600,Tampere University of Technology,27.6—32.5,23,14.9,44.3,64.6,56.1,5696,15.3,0.13,2017
501-600,University of Texas at Arlington,27.6—32.5,20,17.4,48.3,40.7,36.3,26833,24.1,0.11,2017
501-600,Tianjin University,27.6—32.5,32.6,29.2,21.9,99.3,16.5,30103,12.1,0.01,2017
501-600,University of Toledo,27.6—32.5,32.8,14.1,33.6,44.3,38.8,18916,16.5,0.10,2017
501-600,Tongji University,27.6—32.5,32.4,35.2,22.3,98.7,39.2,36432,13.6,0.12,2017
501-600,The University of Tulsa,27.6—32.5,33.6,15.3,41.9,66.6,44.6,4682,12.4,0.26,2017
501-600,University of Ulsan,27.6—32.5,19.4,18.8,60.8,54.7,18.7,14841,13.6,0.02,2017
501-600,Ulster University,27.6—32.5,18.7,15.3,49.5,33.1,70.7,17660,14,0.07,2017
501-600,United Arab Emirates University,27.6—32.5,24,16,38.7,33.2,95.4,7101,8.8,0.27,2017
501-600,University of Urbino Carlo Bo,27.6—32.5,14.1,7.9,59.5,35,37.7,13381,33.8,0.07,2017
501-600,University of Valencia,27.6—32.5,20.9,18.4,50.5,34.4,41.7,52339,16.4,0.09,2017
501-600,Polytechnic University of Valencia,27.6—32.5,22.1,24.8,43.9,44.3,41.9,25288,10.6,0.11,2017
501-600,University of Warsaw,27.6—32.5,25,16.5,45.2,32.7,44.2,47940,13.7,0.07,2017
501-600,Warsaw University of Technology,27.6—32.5,18.4,9.9,59,36.7,21.5,34708,14.6,0.03,2017
501-600,University of Wisconsin-Milwaukee,27.6—32.5,21.1,17.8,53.6,34,28.2,22442,18.2,0.06,2017
501-600,Xi’an Jiaotong University,27.6—32.5,35.3,26.3,32.9,54.9,26.2,31851,11,0.04,2017
501-600,University of Zaragoza,27.6—32.5,20.3,12.5,49.7,38.6,35.1,30733,11.7,0.05,2017
601-800,University of A Coruña,18.6—27.5,17.6,10.9,23.7,35.5,27.3,16598,12.7,0.02,2017
601-800,AGH University of Science and Technology,18.6—27.5,16.1,11,40.3,36.6,19.4,33244,15.1,0.02,2017
601-800,Ajou University,18.6—27.5,20.8,12.4,28.1,48.4,22.2,11724,9.7,0.04,2017
601-800,University of Alcalá,18.6—27.5,19.6,11.5,31.8,42.2,55.8,16820,12.5,0.20,2017
601-800,Alfaisal University,18.6—27.5,16.9,7.3,32.2,37.4,96,1473,12.3,0.33,2017
601-800,Aligarh Muslim University,18.6—27.5,25.7,9.5,30.5,36.2,21.9,15627,12.3,0.02,2017
601-800,American University of Sharjah,18.6—27.5,16.3,12.3,13.6,33.2,95.3,5545,15,0.84,2017
601-800,American University in Cairo,18.6—27.5,24.8,8.7,16.4,33.2,69.4,5875,13.9,0.06,2017
601-800,Amirkabir University of Technology,18.6—27.5,22.7,18.9,35.5,59.9,15.4,12468,22.8,0.01,2017
601-800,"Asia University, Taiwan",18.6—27.5,13.5,18.4,24.1,45.1,19.6,12330,26.5,0.02,2017
601-800,Auburn University,18.6—27.5,31.7,18.3,24.2,40,30.9,22282,17.6,0.05,2017
601-800,Austral University of Chile,18.6—27.5,16.6,9.8,20,43.8,47.4,14061,17.1,0.02,2017
601-800,Australian Catholic University,18.6—27.5,14.9,17.7,44.2,35.4,40.3,21123,31.1,0.10,2017
601-800,Babeş-Bolyai University,18.6—27.5,25.2,11.5,29.9,32.7,38.1,37128,23,0.02,2017
601-800,University of Bedfordshire,18.6—27.5,14.9,10,22.6,32.8,73.1,12960,19.1,0.33,2017
601-800,Beijing Institute of Technology,18.6—27.5,30,24.7,13,78.4,19.2,27603,12.7,0.06,2017
601-800,University of Beira Interior,18.6—27.5,18.5,12.7,42.4,32.6,37.7,6930,15.4,0.07,2017
601-800,Bournemouth University,18.6—27.5,17,14.9,32.4,32.4,72.7,11690,17.4,0.18,2017
601-800,University of Bradford,18.6—27.5,17.9,14.4,25.9,36,78.2,10295,18.9,0.29,2017
601-800,University of Brighton,18.6—27.5,15.8,12.3,37.4,33.5,64.7,15575,17.1,0.21,2017
601-800,Brno University of Technology,18.6—27.5,17.6,12,30.1,38.8,40.4,22985,20.5,0.17,2017
601-800,Budapest University of Technology and Economics,18.6—27.5,15.8,13.6,32.2,45.8,28.5,20584,21.6,0.03,2017
601-800,Capital Medical University,18.6—27.5,27.1,18.2,17.1,34.2,19.1,12080,7.3,0.03,2017
601-800,University of Castilla-La Mancha,18.6—27.5,16.8,10.8,35.3,34.3,30.5,25646,15.5,0.04,2017
601-800,University of Central Lancashire,18.6—27.5,15.4,11.1,33,32.7,55.7,17705,16.8,0.16,2017
601-800,Chang Gung University,18.6—27.5,21.3,25.1,30.3,36.4,17.1,7504,12.6,0.01,2017
601-800,Carlos III University of Madrid,18.6—27.5,24.7,15.9,29.6,37.2,53.1,15787,10.9,0.14,2017
601-800,"University of Chemistry and Technology, Prague",18.6—27.5,24.1,7.2,23.4,39,48.6,4525,10.6,0.19,2017
601-800,Chiang Mai University,18.6—27.5,18.6,11.5,29.7,35.9,33.7,37084,16.8,0.01,2017
601-800,Chiba University,18.6—27.5,27.6,16.3,32.7,51.7,23.1,14085,10.2,0.05,2017
601-800,"China University of Geosciences, Wuhan",18.6—27.5,20,20.3,35.3,50.2,18.3,29098,20.1,0.03,2017
601-800,"China University of Petroleum, Beijing",18.6—27.5,24.3,25.5,8.8,100,18.3,14997,20.2,0.06,2017
601-800,Jeonbuk National University,18.6—27.5,19.2,14.9,25.6,36.1,27.7,23596,15.1,0.03,2017
601-800,Chonnam National University,18.6—27.5,17.5,13.4,31.1,35.6,22.5,35577,19.3,0.03,2017
601-800,Chulalongkorn University,18.6—27.5,26.6,16.8,19,50.2,33,38368,14.7,0.03,2017
601-800,Chung Yuan Christian University,18.6—27.5,14.9,23.2,17.7,43.2,21.5,15187,30.3,0.05,2017
601-800,Clemson University,18.6—27.5,23.5,22,33,38.8,35.6,19743,17,0.07,2017
601-800,Comenius University in Bratislava,18.6—27.5,21.9,11.7,24,32.4,47.9,22683,11.4,0.10,2017
601-800,University of Concepción,18.6—27.5,15.5,13,20.8,56.4,46.2,26253,17.6,0.01,2017
601-800,Coventry University,18.6—27.5,17,9.2,27.7,32.6,76.1,21285,13.9,0.41,2017
601-800,Czech Technical University in Prague,18.6—27.5,18.9,20.8,36.4,38.5,42.4,22015,13.6,0.15,2017
601-800,Dalian University of Technology,18.6—27.5,21.8,20.1,29.3,81.5,21,36595,15.5,0.02,2017
601-800,De Montfort University,18.6—27.5,16.3,12.4,37.7,32.8,62.1,16080,18.8,0.23,2017
601-800,University of Delhi,18.6—27.5,39,17.3,21.9,32.1,15.9,22494,20.4,0.01,2017
601-800,Diego Portales University,18.6—27.5,11.8,8.5,52.2,32.8,48.6,15868,14.2,0.02,2017
601-800,Dublin Institute of Technology,18.6—27.5,15,10.4,27.7,32.1,72.6,14215,19.6,0.24,2017
601-800,University of East London,18.6—27.5,18.8,12.8,11.7,32.2,76.7,13185,23.3,0.33,2017
601-800,Eastern Mediterranean University,18.6—27.5,13.3,7.7,24.1,32.8,71.5,16053,31.5,0.34,2017
601-800,Edinburgh Napier University,18.6—27.5,14.2,10.6,23.6,35.1,73.6,10645,20.5,0.31,2017
601-800,Ehime University,18.6—27.5,24.3,29.5,18.2,37.5,24.5,9597,11.3,0.03,2017
601-800,Eötvös Loránd University,18.6—27.5,20.7,11.8,34.8,32.9,46.5,24868,15.7,0.07,2017
601-800,Universidade Federal do ABC (UFABC),18.6—27.5,14.9,12.8,33.4,36.4,31.9,11423,20.8,0.01,2017
601-800,Federal University of Minas Gerais,18.6—27.5,30.6,14.3,25.5,33.6,22.7,42240,14.1,0.01,2017
601-800,Universidade Federal do Paraná (UFPR),18.6—27.5,24.3,23.9,8,32.1,17.2,23673,11.3,0.01,2017
601-800,Universidade Federal do Rio Grande do Sul,18.6—27.5,31,10.8,23.9,32.1,21.5,38897,14.1,0.01,2017
601-800,Federal University of Rio de Janeiro,18.6—27.5,31.1,15.7,20.1,41.7,27.9,53377,12.9,0.02,2017
601-800,Universidade Federal de Santa Catarina,18.6—27.5,25.3,12.4,20.1,54,24.4,33360,14.3,0.03,2017
601-800,Universidade Federal de São Paulo (UNIFESP),18.6—27.5,37.5,19.1,26.8,32.1,22.3,12525,8.4,0.01,2017
601-800,Feng Chia University,18.6—27.5,14.8,15.6,36,38,26,20848,24.6,0.09,2017
601-800,Florida Institute of Technology,18.6—27.5,25.5,13.4,28.8,36.6,60.6,4715,14,0.30,2017
601-800,University of La Frontera,18.6—27.5,14.3,10.2,22.8,53,40.9,9731,24.9,0.01,2017
601-800,University of Ghana,18.6—27.5,16.1,24.7,19.5,34.8,49.5,37804,31.7,0.02,2017
601-800,Glasgow Caledonian University,18.6—27.5,18,10.7,38.8,33.2,59.3,13730,21.8,0.18,2017
601-800,University of Greenwich,18.6—27.5,15.4,11.2,35.9,33.4,82.9,15210,19.6,0.34,2017
601-800,Hacettepe University,18.6—27.5,20.3,10.5,36.5,32.6,21.9,38109,18.2,0.05,2017
601-800,University of Haifa,18.6—27.5,22.2,24.7,27.7,33.7,35.3,17871,30.1,0.01,2017
601-800,Hofstra University,18.6—27.5,35.8,4.8,18.9,32.1,26.6,9920,14.2,0.10,2017
601-800,University of Huddersfield,18.6—27.5,18.3,12.6,24.5,32.9,63.6,15035,18.1,0.26,2017
601-800,Hunan University,18.6—27.5,17,17,34.8,45.2,16.2,43684,24.5,0.02,2017
601-800,ISCTE-University Institute of Lisbon,18.6—27.5,24.8,23.2,15.2,36.9,45.2,8926,26.7,0.11,2017
601-800,Indian Institute of Technology Guwahati,18.6—27.5,26.6,16.6,42.1,35.4,14.6,4959,13.3,0.01,2017
601-800,Inha University,18.6—27.5,21.3,19.8,23.3,59.9,25.2,20190,24,0.03,2017
601-800,Isfahan University of Technology,18.6—27.5,19.5,20,38.4,89.8,18.9,9182,19.5,0.01,2017
601-800,Istanbul University,18.6—27.5,22.5,23.6,11.8,52.4,22.2,90614,43.8,0.06,2017
601-800,Jagiellonian University,18.6—27.5,23.8,14.7,38.1,33.6,34.6,41788,11.8,0.06,2017
601-800,University of Jaén,18.6—27.5,13.7,10.9,50.1,34.2,25.9,16665,20.1,0.03,2017
601-800,Jilin University,18.6—27.5,28.1,15.9,20.5,42.2,25.2,66668,13.8,0.03,2017
601-800,University of Johannesburg,18.6—27.5,16.7,18.4,23.5,37.4,43.2,38156,31.5,0.04,2017
601-800,Jordan University of Science and Technology,18.6—27.5,10.4,7.6,50.2,33.2,62.4,24889,21.5,0.20,2017
601-800,Juntendo University,18.6—27.5,34.5,11.3,23.5,49.1,18.3,4054,3.7,0.01,2017
601-800,Kanazawa University,18.6—27.5,27.5,16,36.6,34.2,20.3,10500,10.3,0.05,2017
601-800,Kaohsiung Medical University,18.6—27.5,20.5,18.5,25.4,35.2,22.1,6981,12,0.05,2017
601-800,Universiti Kebangsaan Malaysia,18.6—27.5,30.6,18.6,11.1,34,33.8,20427,11.8,0.10,2017
601-800,Keio University,18.6—27.5,30.3,20.7,30.5,40.9,25.9,34594,11,0.06,2017
601-800,University Rey Juan Carlos,18.6—27.5,14.8,9.5,35.3,35,39.2,33335,26.6,0.10,2017
601-800,King Mongkut’s University of Technology Thonburi,18.6—27.5,16.6,11.4,42.1,80.3,28.8,16801,22.8,0.01,2017
601-800,Kingston University,18.6—27.5,16.6,14.2,27.5,32.7,79.7,18255,21.7,0.35,2017
601-800,Kindai University,18.6—27.5,18.8,8.3,33,35.6,17.9,32010,12.4,0.02,2017
601-800,Kobe University,18.6—27.5,29.3,19.2,25.3,41.5,22.7,15779,8.1,0.06,2017
601-800,Kochi University,18.6—27.5,20,9.4,42.7,39.6,25.9,5608,9.1,0.01,2017
601-800,Konkuk University,18.6—27.5,23.8,24.5,20.2,36.7,24,26890,31.5,0.06,2017
601-800,Kumamoto University,18.6—27.5,25.8,12.3,31.3,43.4,24.3,10221,7.5,0.05,2017
601-800,Kuwait University,18.6—27.5,18.1,8.9,28.3,37.1,69.4,37365,23.7,0.13,2017
601-800,Kyungpook National University,18.6—27.5,19.2,17.9,21.4,39.6,23.4,27191,18.2,0.04,2017
601-800,University of La Laguna,18.6—27.5,16.9,9.6,48.5,32.7,47.1,21497,14.6,0.06,2017
601-800,Leeds Beckett University,18.6—27.5,15.7,10.8,28.4,32.6,41.5,19910,20.8,0.12,2017
601-800,University of Lincoln,18.6—27.5,15.8,12.1,22.6,33.3,61.2,11000,18.3,0.15,2017
601-800,University of Ljubljana,18.6—27.5,24,14.7,27.3,35.4,35.8,45607,16.8,0.04,2017
601-800,London Metropolitan University,18.6—27.5,16.1,11.5,19.4,32.6,82,12475,22.5,0.36,2017
601-800,Manchester Metropolitan University,18.6—27.5,18.2,11.4,32.8,32.3,57.2,27325,17.5,0.14,2017
601-800,Masaryk University,18.6—27.5,20.8,18.1,34.3,33.5,54.3,38249,24.6,0.19,2017
601-800,Miami University,18.6—27.5,21.3,18.5,40.1,34.2,28,16659,22.3,0.08,2017
601-800,Middle East Technical University,18.6—27.5,27.3,19.5,31.4,58.8,27.8,26355,23.3,0.07,2017
601-800,University of Murcia,18.6—27.5,18.4,12.7,31,33.5,32,30192,15.4,0.05,2017
601-800,Nagasaki University,18.6—27.5,25.1,10.8,17.9,35,23.7,9172,7.1,0.04,2017
601-800,Nagoya City University,18.6—27.5,26.1,12.2,31.2,41.5,18.4,4313,8,0.02,2017
601-800,Nagoya Institute of Technology,18.6—27.5,19.1,18.7,18.5,48,19.7,5763,16.8,0.04,2017
601-800,Nanjing Agricultural University,18.6—27.5,22.8,15.2,38.6,42.9,16.4,25828,16.3,0.01,2017
601-800,Nanjing Medical University,18.6—27.5,27.2,22.9,33,33.2,18.2,12013,9,0.04,2017
601-800,Nanjing Normal University,18.6—27.5,17.9,9,33.8,46.9,15.7,26588,14.7,0.03,2017
601-800,National Central University,18.6—27.5,26.6,23.6,21.3,65.8,28.4,10826,9.6,0.07,2017
601-800,National Chung Cheng University,18.6—27.5,19.6,21.6,17.5,39.7,18.5,10129,19.4,0.04,2017
601-800,National Chung Hsing University,18.6—27.5,18.8,15.4,25.5,42.1,18.5,15729,19.2,0.04,2017
601-800,National University of Sciences and Technology,18.6—27.5,19.9,8.1,36.2,32.6,35.2,10227,8,0.03,2017
601-800,National Sun Yat-Sen University,18.6—27.5,23.8,27.2,28.9,44.5,26.4,9344,17.2,0.05,2017
601-800,National Taiwan Ocean University,18.6—27.5,16.3,18.7,23,51.3,21.1,8371,21,0.05,2017
601-800,National Institute of Technology Rourkela,18.6—27.5,21.5,8.6,31.7,32.7,14,5675,19.2,0.03,2017
601-800,Niigata University,18.6—27.5,23.7,10.6,19.1,36.1,22.2,12479,8.5,0.04,2017
601-800,University of North Carolina at Greensboro,18.6—27.5,19.3,15.5,41.6,33.2,19.4,18497,22.1,0.03,2017
601-800,Northeast Normal University,18.6—27.5,19,5.1,54.2,34,15,23287,15,0.02,2017
601-800,"Northeastern University, China",18.6—27.5,21,22,7.8,98.6,24.8,31278,15.4,0.04,2017
601-800,Northumbria University,18.6—27.5,17.6,13.2,38.4,33,61.2,22445,18.3,0.16,2017
601-800,Northwestern Polytechnical University,18.6—27.5,26.3,27.2,8.4,78.3,16.4,26345,15.5,0.03,2017
601-800,Nottingham Trent University,18.6—27.5,16.1,10.6,32.2,32.3,55.3,21930,17,0.18,2017
601-800,Oakland University,18.6—27.5,17.4,11.8,24.5,33.5,24.5,15083,20.4,0.02,2017
601-800,Ohio University (Main campus),18.6—27.5,24.9,14.2,28.5,34.2,29.5,30341,20.9,0.06,2017
601-800,Okayama University,18.6—27.5,26.1,14.6,26.4,44,21.9,13186,8.2,0.04,2017
601-800,Osaka City University,18.6—27.5,28.5,13.4,33.6,40.2,21.8,8493,9.8,0.04,2017
601-800,University of Oviedo,18.6—27.5,18.3,12.4,44.2,33.4,30.5,24845,14.5,0.02,2017
601-800,Palacký University Olomouc,18.6—27.5,19,12.6,40.8,32.9,52.2,18482,11.1,0.09,2017
601-800,Panjab University,18.6—27.5,23.8,9.2,46.2,32.3,15.2,15778,22.3,0.01,2017
601-800,University of Patras,18.6—27.5,15.3,11.4,35.9,43.6,34.6,24477,32.9,0.06,2017
601-800,Pontifical Catholic University of Rio Grande do Sul (PUCRS),18.6—27.5,20.3,11.8,28.7,46.2,23.1,21471,21.1,0.01,2017
601-800,Pontifical Catholic University of Rio de Janeiro (PUC-Rio),18.6—27.5,27.3,23.9,20.6,100,35.2,15047,21.9,0.03,2017
601-800,University of Pretoria,18.6—27.5,22.7,24.1,25.6,63.2,47.1,34447,23.3,0.08,2017
601-800,Universiti Putra Malaysia,18.6—27.5,26.9,24.3,14.4,36.3,59.6,24161,12,0.17,2017
601-800,University of Pécs,18.6—27.5,20,9.1,33.1,38.2,55.9,18109,14.6,0.13,2017
601-800,Rochester Institute of Technology,18.6—27.5,19.8,16.2,30.9,33.7,33.8,13518,14.1,0.16,2017
601-800,University of Roehampton,18.6—27.5,16.6,17.4,18.3,32.2,66.5,7455,18.4,0.23,2017
601-800,Universiti Sains Malaysia,18.6—27.5,33.1,16,13.1,37.9,44.2,28592,14.7,0.08,2017
601-800,University of Salamanca,18.6—27.5,23.3,14.4,32.2,35.2,44.5,32517,19.1,0.12,2017
601-800,University of Salford,18.6—27.5,19.6,14.4,23.7,32.7,64.9,15610,16.9,0.22,2017
601-800,University of Santiago de Compostela,18.6—27.5,19.8,14.9,40.9,35.7,42.4,28259,15.9,0.09,2017
601-800,Savitribai Phule Pune University,18.6—27.5,38.7,11.4,14.8,33,18.6,5493,14.7,0.04,2017
601-800,University of Science and Technology Beijing,18.6—27.5,26.8,22.4,10.8,63.3,16.3,24136,15.8,0.04,2017
601-800,University of Seville,18.6—27.5,19.5,13.9,33.1,37.9,34.4,62090,17,0.06,2017
601-800,Shinshu University,18.6—27.5,22.3,11.4,26.2,37.3,21.1,11026,10.4,0.02,2017
601-800,Shiraz University,18.6—27.5,19.1,19.4,17.7,54.7,15.2,13686,21.5,0.01,2017
601-800,Sichuan University,18.6—27.5,26.1,21.2,20.1,76.3,18.3,61533,14.1,0.04,2017
601-800,South China University of Technology,18.6—27.5,20.3,19.4,39.5,67.9,18.6,41868,17,0.03,2017
601-800,University of Southern Queensland,18.6—27.5,21.8,14.6,20.7,32.7,67.7,14388,27.9,0.20,2017
601-800,Suez Canal University,18.6—27.5,16.6,22.5,18.7,32.1,44.9,34490,12.3,0.02,2017
601-800,Sultan Qaboos University,18.6—27.5,23.2,9.6,17,40.9,70.3,7634,8.5,0.03,2017
601-800,Suranaree University of Technology,18.6—27.5,20.6,10.9,22.4,33.6,31.5,10548,26.8,0.01,2017
601-800,University of Szeged,18.6—27.5,20.6,11,30,36.1,50.8,21420,13.1,0.11,2017
601-800,Universidade Estadual Paulista (Unesp),18.6—27.5,29.5,18.8,9.2,34.5,18.8,53884,14.1,0.02,2017
601-800,TOBB University of Economics and Technology,18.6—27.5,13.6,10.6,28.3,32.4,30.1,4506,17.6,0.01,2017
601-800,Taipei Medical University,18.6—27.5,26.4,21.1,27.3,97.9,28.4,6102,10.4,0.06,2017
601-800,Tallinn University of Technology,18.6—27.5,14.7,11.4,44.7,44.7,42.5,13050,24.5,0.06,2017
601-800,Tata Institute of Fundamental Research,18.6—27.5,24.4,10,45.1,32.1,37.2,579,2.2,0.01,2017
601-800,Technical University of Madrid,18.6—27.5,21.9,13.7,30.8,39.1,41.9,40523,13.3,0.12,2017
601-800,Teesside University,18.6—27.5,15.8,8.8,34.4,32.4,44.4,11375,18.5,0.11,2017
601-800,University of Tehran,18.6—27.5,27.8,12.6,22.1,32.1,19.1,54000,27,0.01,2017
601-800,Tehran University of Medical Sciences,18.6—27.5,50.2,14.2,14.1,33.6,15.5,13388,8.1,0.02,2017
601-800,Universiti Teknologi Malaysia,18.6—27.5,26.8,15.7,27.1,33.1,54.8,21992,11.9,0.19,2017
601-800,Texas Tech University,18.6—27.5,27.7,16.6,25.4,33.6,41.1,30145,20.2,0.07,2017
601-800,University of Texas at El Paso,18.6—27.5,20.7,20.9,20.9,32.1,33,16389,24.3,0.07,2017
601-800,Tokushima University,18.6—27.5,27.4,17.9,14.2,54.3,18.5,7550,9,0.03,2017
601-800,Tokyo University of Agriculture and Technology,18.6—27.5,26.4,22.9,20.8,44.6,20.9,5802,14.8,0.05,2017
601-800,Tokyo University of Science,18.6—27.5,21.1,23.7,22.5,37.8,16.8,19911,25.2,0.01,2017
601-800,Toyohashi University of Technology (TUT),18.6—27.5,22.3,17.2,16.8,47.7,24.7,2331,9.9,0.08,2017
601-800,Universiti Teknologi Petronas,18.6—27.5,25.1,17,10.3,65.5,64.4,5466,14.1,0.27,2017
601-800,University of Vigo,18.6—27.5,15.5,11.7,33.2,37,36.5,20834,17.2,0.04,2017
601-800,Vilnius University,18.6—27.5,19.2,12.7,35,40.2,40.4,18442,11.9,0.04,2017
601-800,Waseda University,18.6—27.5,25.9,20,30.1,35.6,32.4,51809,16.6,0.08,2017
601-800,University of the West of England,18.6—27.5,15.6,13.4,38.3,32.9,53.3,20755,19.3,0.17,2017
601-800,University of the West of Scotland,18.6—27.5,14,10.3,40,32.3,56.7,11595,20.7,0.11,2017
601-800,West University of Timişoara,18.6—27.5,18.1,7.9,29.2,32.1,29.8,13555,18.3,0.04,2017
601-800,University of the Western Cape,18.6—27.5,17.9,14.3,40.1,32.7,58.4,20182,33.2,0.08,2017
601-800,University of Westminster,18.6—27.5,15.6,14,22.2,32.4,81,16570,20.1,0.45,2017
601-800,University of Windsor,18.6—27.5,18,13.7,24.7,35.3,48.3,15453,18.7,0.16,2017
601-800,Yamagata University,18.6—27.5,22.3,10,22.8,50.4,19.4,8866,8.3,0.02,2017
601-800,University of Yamanashi,18.6—27.5,25.3,10.2,19.5,35.9,19.8,4842,6.9,0.04,2017
601-800,Yeungnam University,18.6—27.5,33.1,11.4,35,38.9,28,22658,16.2,0.03,2017
601-800,Yokohama City University,18.6—27.5,23.8,6.4,38,39.4,16.9,4851,5,0.02,2017
601-800,Yuan Ze University,18.6—27.5,17.1,14.1,25.3,45.7,20.9,8814,20.9,0.05,2017
601-800,École Centrale de Lyon,18.6—27.5,28.8,15,23.7,82.7,64.9,1872,17.7,0.23,2017
601-800,Izmir Institute of Technology,18.6—27.5,17.7,9,25.2,42.5,29.2,4201,19,0.04,2017
801+,Acharya Nagarjuna University,8.3—18.5,36.2,7.8,1.7,39.9,17.1,5605,17.4,0.03,2017
801+,"Adam Mickiewicz University, Poznań",8.3—18.5,17.6,10.4,20.4,32.7,28.1,39291,15,0.02,2017
801+,Ain Shams University,8.3—18.5,19.2,7.9,9.6,33.3,31.2,133048,12.5,0.02,2017
801+,Alexandria University,8.3—18.5,16.2,8.7,20.6,34.8,42.2,154366,26.9,0.03,2017
801+,Alexandru Ioan Cuza University,8.3—18.5,20.1,11.7,11.2,32.2,48.7,23707,29.7,0.03,2017
801+,Amity University,8.3—18.5,15,7.5,10,32.9,16.6,25391,15,0.03,2017
801+,Amrita Vishwa Vidyapeetham,8.3—18.5,18.7,6,10.8,44.4,37.1,18938,11.9,0.09,2017
801+,Andhra University,8.3—18.5,33,8.1,1.6,35.5,15,10882,21,0.04,2017
801+,Ankara University,8.3—18.5,18,5.3,10.4,32.6,18.8,59554,16.4,0.04,2017
801+,Bandung Institute of Technology (ITB),8.3—18.5,19,11.1,1.9,84.4,28,19757,13.9,0.01,2017
801+,University of Belgrade,8.3—18.5,17.4,12.5,20.7,36.7,32.2,99335,25.4,0.04,2017
801+,University of Bucharest,8.3—18.5,22.3,7.4,9.4,32.2,25.5,31305,23.5,0.02,2017
801+,Cairo University,8.3—18.5,18.2,11.8,15.8,33.4,30.6,256470,46.3,0.02,2017
801+,Central South University,8.3—18.5,23.7,11.3,18.5,48.7,14.6,55100,17,0.01,2017
801+,University of Cergy-Pontoise,8.3—18.5,18.9,7.5,16.8,34.8,55.8,17165,9.3,0.14,2017
801+,Chiba Institute of Technology,8.3—18.5,13.5,9.6,8.9,34.5,15,9644,34,0.01,2017
801+,China University of Mining and Technology,8.3—18.5,19.2,14.4,11.3,65.4,13.4,43024,19,0.01,2017
801+,Chongqing University,8.3—18.5,18,17.5,14.4,65.4,18.4,46461,16.5,0.03,2017
801+,Chungnam National University,8.3—18.5,23.6,9.2,13,48.5,20.5,22433,21.9,0.03,2017
801+,Chuo University,8.3—18.5,23.3,8.5,18.6,34.4,20,26908,38.8,0.03,2017
801+,University of Colombo,8.3—18.5,12.2,6.8,11,32.1,37,16296,22.4,0.01,2017
801+,University of Costa Rica,8.3—18.5,19.3,7.7,16.6,2.5,42.4,30067,10.1,%,2017
801+,Czech University of Life Sciences Prague (CZU),8.3—18.5,15.8,11.4,9.1,48.5,65.7,18149,22,0.16,2017
801+,University of Debrecen,8.3—18.5,17.5,4.3,23.4,37.1,48.7,28812,19.7,0.13,2017
801+,Doshisha University,8.3—18.5,14.7,6.2,7.2,33.5,22.1,28899,23,0.03,2017
801+,University of Electronic Science and Technology of China,8.3—18.5,16,6.6,15,32.1,17.2,34483,16.1,0.01,2017
801+,Embry-Riddle Aeronautical University,8.3—18.5,18,6.6,12.2,33.2,25.6,15259,10.2,0.10,2017
801+,Erciyes University,8.3—18.5,15.4,10.1,26.6,37.1,19.8,31185,24.2,0.03,2017
801+,Universidade Federal da Bahia,8.3—18.5,18.5,5.2,14.4,1.1,22.2,35173,14.2,0.01,2017
801+,Universidade Federal do Ceará (UFC),8.3—18.5,22.9,4.7,16.6,1.5,19.8,34836,17.8,0.01,2017
801+,Federal University of Pernambuco,8.3—18.5,23.5,5,11.5,32.1,18.5,31512,12.3,0.01,2017
801+,Federal University of Rio Grande do Norte (UFRN),8.3—18.5,20.9,8.2,10.6,44,18.5,40110,18.7,0.01,2017
801+,Federal University of São Carlos,8.3—18.5,23,6.8,12.9,32.1,21.4,16556,14.3,0.02,2017
801+,Federal University of Viçosa,8.3—18.5,21.8,8.8,6.4,53.1,16.2,16819,13.9,0.02,2017
801+,Federal University of Lavras,8.3—18.5,31.9,14.2,5.1,43.7,14.9,11894,20.8,0.01,2017
801+,Ferdowsi University of Mashhad,8.3—18.5,21.6,8.6,16.1,0.6,19.3,23187,29.4,0.04,2017
801+,Fu Jen Catholic University,8.3—18.5,13.8,9.9,19.3,45.9,20.9,27427,25.2,0.05,2017
801+,Gazi University,8.3—18.5,17.5,9.1,9.6,36.8,14.5,76768,25,0.03,2017
801+,Gdańsk University of Technology,8.3—18.5,14.8,9.2,28.3,37.6,17.6,25491,20.9,0.01,2017
801+,Gifu University,8.3—18.5,21.8,12,16.2,36,19.7,7280,10,0.04,2017
801+,University of Guadalajara,8.3—18.5,14.9,3.1,6.1,32.1,27.7,109375,51,0.01,2017
801+,Gunma University,8.3—18.5,22.3,11.5,13.1,44.1,17.1,6393,9.6,0.03,2017
801+,Hallym University,8.3—18.5,18.6,7.2,11.3,33.3,17.7,9497,11.1,0.02,2017
801+,The Hashemite University,8.3—18.5,8.2,7.6,20.3,32.1,40.8,29803,32.8,0.01,2017
801+,Hosei University,8.3—18.5,14.1,4.9,14,33.1,20.8,29171,38.7,0.01,2017
801+,I-Shou University,8.3—18.5,12.7,14.8,15.7,47.9,27,16583,30.5,0.11,2017
801+,University of Ibadan,8.3—18.5,27.5,11.3,5.7,40.4,28.8,26753,17.3,0.01,2017
801+,Islamic Azad University Karaj,8.3—18.5,14,7.8,15.2,32.1,15.8,30000,52.4,0.01,2017
801+,Ivane Javakhishvili Tbilisi State University,8.3—18.5,12.1,9,2.1,32.9,37.8,21675,28.6,0.02,2017
801+,Iwate University,8.3—18.5,19.8,6.6,12.8,42,20.2,5719,14.4,0.03,2017
801+,Jiangsu University,8.3—18.5,20.5,8.5,11.6,52.8,25.2,32664,7.2,0.03,2017
801+,Jinan University,8.3—18.5,19.1,13.2,14.8,36.7,41.9,45094,19.7,0.26,2017
801+,The University of Jordan,8.3—18.5,19.2,6,9.6,33.8,66.4,26532,12.5,0.17,2017
801+,Kansai University,8.3—18.5,24.3,6.7,9.9,32.7,21.4,30178,10.9,0.03,2017
801+,Kasetsart University,8.3—18.5,14.5,9.7,8.7,40.2,34.7,67148,23,0.01,2017
801+,Kaunas University of Technology,8.3—18.5,17.5,10.9,4.2,36.1,21.5,9873,12.7,0.04,2017
801+,Khon Kaen University,8.3—18.5,18.5,8.5,21.3,45.6,29.9,37320,15.6,0.01,2017
801+,Kwansei Gakuin University,8.3—18.5,15.1,7.1,5.7,32.8,25.6,24107,15.6,0.04,2017
801+,Kyushu Institute of Technology (Kyutech),8.3—18.5,18,10.5,14.3,50.5,22.6,5872,16.1,0.04,2017
801+,University of Lahore,8.3—18.5,12.2,7.5,10.9,32.1,32.1,23831,19,0.02,2017
801+,University of Latvia,8.3—18.5,21.7,12,14.9,32.9,31.8,12480,31,0.06,2017
801+,London South Bank University,8.3—18.5,14.4,8.3,15.2,32.5,68.5,12480,17.1,0.34,2017
801+,Londrina State University,8.3—18.5,19.9,6.7,7.9,32.1,15.5,20546,12.1,0.01,2017
801+,Lviv Polytechnic National University,8.3—18.5,16.6,7.6,1,32.4,25,28037,13.5,0.01,2017
801+,Manipal Academy of Higher Education,8.3—18.5,20.7,9.2,2.3,32.2,25,24022,9.8,0.10,2017
801+,Mansoura University,8.3—18.5,15.7,2.6,19,32.1,37.1,113021,18,0.03,2017
801+,Marmara University,8.3—18.5,14.8,3.2,10.4,32.1,19.8,66212,32.6,0.04,2017
801+,University of Marrakech Cadi Ayyad,8.3—18.5,14.1,6.8,23.4,34.2,41.9,64260,44.1,0.01,2017
801+,Meiji University,8.3—18.5,14.7,10.5,16.9,43.2,20.9,32433,29.6,0.04,2017
801+,Ming Chuan University,8.3—18.5,12.2,8,8.8,32.5,24.8,18809,24.5,0.10,2017
801+,Mohammed V University of Rabat,8.3—18.5,21.8,7.7,9.8,37.6,31.3,75403,35.8,0.03,2017
801+,University of Monastir,8.3—18.5,15.9,7,9.6,32.1,39.4,24724,13.8,0.01,2017
801+,Tokyo City University,8.3—18.5,16.4,8.8,10.1,36.9,17.4,8150,15.9,0.01,2017
801+,Nagaoka University of Technology,8.3—18.5,24.2,12.4,14,38.9,31.4,2297,9.8,0.11,2017
801+,University of Nairobi,8.3—18.5,13.6,10,20.2,32.9,46.3,74654,42.2,0.01,2017
801+,Nanjing Tech University,8.3—18.5,15.4,11.5,16.1,67.7,15.7,28861,18.3,0.01,2017
801+,National Chengchi University,8.3—18.5,18.9,13.7,10.9,34.6,41.4,15922,17.4,0.12,2017
801+,National University of the South,8.3—18.5,21.3,6.9,8.8,1.1,17.5,19086,6.8,0.01,2017
801+,National Taipei University of Technology,8.3—18.5,15.8,13.7,17.9,74,19.1,10409,17,0.05,2017
801+,National Technical University of Ukraine – Igor Sikorsky Kyiv Polytechnic Institute,8.3—18.5,21.8,9.5,1.5,33.3,17.8,22328,8.8,0.02,2017
801+,Nicolaus Copernicus University in Toruń,8.3—18.5,18.6,8,16.3,33.7,22.6,22551,11.2,0.01,2017
801+,Ocean University of China,8.3—18.5,18.9,11.4,21,46.6,17.2,35373,19.8,0.01,2017
801+,Oita University,8.3—18.5,22.7,7.3,10.3,33.3,16.4,5834,7.1,0.02,2017
801+,Osaka Prefecture University,8.3—18.5,23.2,11.5,16.9,39.8,19.1,7931,7.4,0.03,2017
801+,Osmania University,8.3—18.5,29.6,12.2,7.3,32.4,9.1,11921,12.2,0.04,2017
801+,University of Pardubice,8.3—18.5,15.6,12.1,16.5,32.8,23.5,10508,19.4,0.04,2017
801+,University of the Philippines,8.3—18.5,20.1,9.3,13.5,40.8,42.1,48501,11.1,0.01,2017
801+,Pontifícia Universidade Católica do Paraná,8.3—18.5,14.4,8,24.6,33.9,19.3,24682,22.3,0.01,2017
801+,Pontifical Catholic University of Valparaíso,8.3—18.5,14,10.7,13.5,51.7,45.2,15241,25,0.01,2017
801+,Prince of Songkla University,8.3—18.5,14.6,7.6,25.7,33.2,31.2,41043,17.2,0.01,2017
801+,Riga Technical University,8.3—18.5,15.8,10.3,16.2,38.9,24.5,11790,27.3,0.07,2017
801+,Ritsumeikan University,8.3—18.5,15.6,8.5,12.8,33.5,24.3,34867,23.8,0.04,2017
801+,Robert Gordon University,8.3—18.5,15,9.6,15.1,33,63.4,9630,19.1,0.23,2017
801+,SRM Institute of Science and Technology,8.3—18.5,14.9,7.2,7.1,32.6,14.8,42345,15.6,0.02,2017
801+,Saitama University,8.3—18.5,19.1,11,22.8,33.3,22.6,7459,11.7,0.02,2017
801+,Saitama Medical University,8.3—18.5,22.8,7.3,21.3,37.2,13.5,1888,1.5,0.01,2017
801+,"University of Santiago, Chile (USACH)",8.3—18.5,15.9,10.8,9.6,32.3,40.4,22720,20.7,0.01,2017
801+,Sathyabama Institute of Science and Technology,8.3—18.5,14.8,7.9,3.7,32.4,12.4,15918,20.1,0.01,2017
801+,University of Seoul,8.3—18.5,22,8.7,20.1,33,21.2,10498,18.6,0.03,2017
801+,Shaanxi Normal University,8.3—18.5,16.4,9,21.7,32.1,14.5,25799,16.3,0.01,2017
801+,Shahid Beheshti University,8.3—18.5,18.9,14.8,14.8,53.8,15.1,18607,24.6,0.01,2017
801+,Shanghai University,8.3—18.5,18.1,14.7,19.8,44.5,16,48397,18.6,0.01,2017
801+,Sheffield Hallam University,8.3—18.5,16.6,10.3,19.7,32.5,48.6,25505,17.1,0.16,2017
801+,Shibaura Institute of Technology,8.3—18.5,15.8,8.4,6.9,34.6,17.1,9357,17.4,0.02,2017
801+,Shimane University,8.3—18.5,22.5,9.1,10.1,35.4,17.3,5974,9.3,0.02,2017
801+,Shizuoka University,8.3—18.5,17.4,12.2,15,36.2,22.7,10083,14.4,0.03,2017
801+,Sidi Mohamed Ben Abdellah University,8.3—18.5,21.9,6.2,2.4,32.1,21.1,82019,59.2,0.01,2017
801+,University of Silesia in Katowice,8.3—18.5,17.1,7.7,22.7,32.1,21.8,26470,14,0.02,2017
801+,Slovak University of Technology in Bratislava,8.3—18.5,20.3,9.5,13.8,34.9,27.9,16402,15.2,0.02,2017
801+,Sofia University,8.3—18.5,18.8,10.8,9.5,33.7,38,23158,13.7,0.04,2017
801+,Sophia University,8.3—18.5,19.9,10.4,7.7,33.4,36.9,13468,25.2,0.09,2017
801+,University of South Africa,8.3—18.5,16.9,9.9,12.6,32.4,34.3,187043,97.4,0.09,2017
801+,South Valley University,8.3—18.5,12.5,4.4,22.2,32.1,43.5,42020,53.7,0.01,2017
801+,University of Southern Mississippi,8.3—18.5,20.1,8.5,23,38.3,22.6,14143,17.8,0.03,2017
801+,Southwest Jiaotong University,8.3—18.5,18.1,12.1,5.8,76.5,18.5,40075,15.1,0.02,2017
801+,Universidade Estadual de Maringá,8.3—18.5,16.9,9.9,5.1,32.5,13.8,23532,14.9,0.01,2017
801+,University of Talca,8.3—18.5,14.1,11.2,12.3,32.1,46.2,10436,25.1,0.01,2017
801+,Tamkang University,8.3—18.5,13.4,11.2,12.2,34.6,23,27612,26.5,0.06,2017
801+,Taras Shevchenko National University of Kyiv,8.3—18.5,29.5,10.7,5.7,32.8,30.5,20759,8.2,0.03,2017
801+,Technical University of Liberec,8.3—18.5,17.8,9.6,3.7,35.7,28.8,6599,13.5,0.07,2017
801+,University of Abou Bekr Belkaïd Tlemcen,8.3—18.5,21.7,10.1,4.5,32.1,39.1,43008,25.1,0.01,2017
801+,Tokai University,8.3—18.5,19.5,8.6,20.7,36.4,20.2,29959,12.9,0.01,2017
801+,Tokyo Denki University,8.3—18.5,13.4,7.7,2.3,0.4,15.9,9652,26.8,0.02,2017
801+,Tokyo University of Marine Science and Technology,8.3—18.5,22.2,12.7,11,53,26.4,2678,11.4,0.06,2017
801+,Tomas Bata University in Zlín,8.3—18.5,15.9,13.7,12.6,34.5,46,10223,23.3,0.08,2017
801+,Tottori University,8.3—18.5,25,8.4,11.4,36.7,17.9,6185,8.2,0.02,2017
801+,University of Toyama,8.3—18.5,21.4,12,17.7,41.9,24.5,9308,11.3,0.03,2017
801+,University of Tunis El Manar,8.3—18.5,17.9,7.4,7.3,32.5,39.6,37781,21.1,0.01,2017
801+,Universiti Utara Malaysia,8.3—18.5,20.5,11,2.2,35.4,45.1,12538,12.1,0.18,2017
801+,Utsunomiya University,8.3—18.5,16.2,8.3,8.2,34,23.1,5024,14.6,0.05,2017
801+,V.N. Karazin Kharkiv National University,8.3—18.5,21.2,8.3,2.4,32.4,50.8,15778,10.4,0.25,2017
801+,VIT University,8.3—18.5,15,7.7,7.3,33.4,20.3,29572,20,0.02,2017
801+,VSB - Technical University of Ostrava,8.3—18.5,15.6,11.7,20.8,37.9,27.1,20191,25.2,0.07,2017
801+,University of West Bohemia,8.3—18.5,15.8,11.1,19.8,35.9,24.5,14067,19.7,0.03,2017
801+,Wuhan University of Technology,8.3—18.5,18.3,11.1,15.8,59.2,16.5,50753,14.9,0.03,2017
801+,Xiangtan University,8.3—18.5,13.3,8.9,31.5,36.4,14.6,28407,19.7,0.01,2017
801+,Xidian University,8.3—18.5,17.5,13.4,12.4,78.2,14.5,32064,16.8,0.02,2017
801+,Yamaguchi University,8.3—18.5,21.5,11.5,11.9,41,20.3,10573,11,0.03,2017
801+,Yokohama National University,8.3—18.5,20.9,17.2,11.9,45.4,23.1,10124,13,0.07,2017
801+,Yıldız Technical University,8.3—18.5,13.6,8.1,22.5,44.7,18.5,34417,28.3,0.04,2017
801+,University of Zagreb,8.3—18.5,20.4,11.6,17.1,44.6,25.4,67332,18.4,0.01,2017
801+,University of Łódź,8.3—18.5,15.9,8.3,14.1,32.3,21.5,36400,16.4,0.02,2017