rank,name,number_students,student_staff_ratio,intl_students,overall_score,teaching_score,research_score,citations_score,industry_income_score,international_outlook_score,year
1,University of Oxford,20410,0.11,0.38,94.3,86.7,99.5,99.1,63.7,95.0,2018
2,University of Cambridge,18390,0.11,0.35,93.2,87.8,97.8,97.5,51.5,93.0,2018
3,California Institute of Technology,2209,0.06,0.27,93,90.3,97.5,99.5,92.6,59.7,2018
4,Stanford University,15845,0.08,0.22,93,89.1,96.7,99.9,60.5,77.6,2018
5,Massachusetts Institute of Technology,11177,0.09,0.34,92.5,87.3,91.9,100.0,88.4,87.6,2018
6,Harvard University,20326,0.09,0.26,91.8,84.2,98.4,99.7,46.4,79.7,2018
7,Princeton University,7955,0.08,0.24,91.1,85.7,93.9,99.6,58.0,78.7,2018
8,Imperial College London,15855,0.11,0.55,89.2,81.7,88.7,96.7,71.6,96.6,2018
9,The University of Chicago,13525,0.06,0.25,88.6,85.3,90.1,99.4,39.8,69.6,2018
10,ETH Zurich,19233,0.15,0.38,87.7,76.4,92.0,94.3,60.3,98.1,2018
11,University of Pennsylvania,20361,0.06,0.2,87.7,83.7,90.1,98.5,56.9,61.3,2018
12,Yale University,12155,0.04,0.21,87.6,86.7,87.0,98.4,45.1,64.6,2018
13,Johns Hopkins University,15498,0.04,0.24,86.5,76.1,88.1,98.4,95.8,70.6,2018
14,Columbia University,26587,0.06,0.32,86,82.2,83.3,98.8,41.3,76.6,2018
15,"University of California, Los Angeles",39279,0.1,0.17,85.7,80.7,88.1,97.9,48.6,59.5,2018
16,UCL,30305,0.1,0.49,85.3,74.4,88.2,94.6,41.2,94.6,2018
17,Duke University,15256,0.04,0.22,85.1,80.7,80.6,98.3,100.0,62.5,2018
18,"University of California, Berkeley",36182,0.13,0.17,84.3,77.4,84.5,99.8,37.5,64.5,2018
19,Cornell University,21850,0.1,0.24,84.2,76.2,86.6,97.6,34.6,69.2,2018
20,Northwestern University,17466,0.13,0.18,83.3,72.6,86.7,96.9,78.2,59.2,2018
21,University of Michigan-Ann Arbor,41818,0.09,0.16,83.1,77.2,86.3,95.7,46.2,55.8,2018
22,National University of Singapore,30602,0.17,0.3,82.8,77.4,88.2,81.3,61.9,95.8,2018
23,University of Toronto,69427,0.19,0.17,82.8,74.6,84.8,92.6,46.5,80.1,2018
24,Carnegie Mellon University,12676,0.14,0.45,81.9,65.8,83.7,99.7,50.4,79.1,2018
25,London School of Economics and Political Science,10065,0.12,0.71,79.4,71.8,72.0,94.9,33.7,92.2,2018
26,University of Washington,44945,0.11,0.16,79.4,67.9,79.9,99.0,47.3,56.5,2018
27,University of Edinburgh,26760,0.12,0.4,79.2,66.8,74.2,97.0,36.3,92.0,2018
28,New York University,43860,0.1,0.26,79.2,73.7,77.4,96.5,37.0,53.4,2018
29,Peking University,42136,0.09,0.16,79.2,83.0,85.1,74.2,100.0,53.0,2018
30,Tsinghua University,42089,0.14,0.09,79,80.2,93.2,71.4,99.8,41.0,2018
31,"University of California, San Diego",29633,0.13,0.17,78.7,62.9,79.8,98.6,96.5,51.9,2018
32,University of Melbourne,42116,0.27,0.4,77.5,64.9,74.2,90.3,70.1,92.7,2018
33,Georgia Institute of Technology,20773,0.21,0.27,77,59.7,78.9,94.3,60.2,75.0,2018
34,University of British Columbia,51889,0.18,0.29,76.2,61.8,72.2,93.4,42.6,92.2,2018
35,LMU Munich,36091,0.16,0.15,76.2,65.4,72.3,91.3,100.0,66.3,2018
36,King’s College London,23205,0.12,0.41,75.6,59.3,71.2,94.4,43.9,94.5,2018
37,University of Illinois at Urbana-Champaign,43402,0.23,0.23,75.4,65.8,78.9,88.9,56.0,52.8,2018
38,École Polytechnique Fédérale de Lausanne,9928,0.11,0.55,75.3,58.8,66.8,94.2,76.0,98.7,2018
39,Karolinska Institute,7424,0.11,0.19,75.3,57.0,74.4,95.9,71.4,70.3,2018
40,University of Hong Kong,18364,0.18,0.42,75.1,68.8,77.9,74.2,54.0,99.5,2018
41,Technical University of Munich,38689,0.54,0.23,73.5,60.3,71.2,88.4,100.0,66.8,2018
42,McGill University,30940,0.13,0.26,73.2,63.4,70.8,84.7,39.8,87.5,2018
43,University of Wisconsin-Madison,38960,0.11,0.12,73.1,68.4,73.9,86.5,45.8,43.4,2018
44,The Hong Kong University of Science and Technology,10214,0.23,0.31,72.7,55.2,68.4,93.1,58.1,83.4,2018
45,Universität Heidelberg,28876,0.23,0.17,72.3,63.6,62.2,94.2,56.0,64.7,2018
46,The University of Tokyo,26000,0.07,0.1,72.2,79.5,85.2,63.7,52.7,32.2,2018
47,KU Leuven,44412,0.37,0.15,71.8,54.2,70.9,88.7,99.9,68.3,2018
48,Australian National University,15986,0.19,0.35,71.6,52.7,72.0,85.5,61.1,94.3,2018
49,University of Texas at Austin,48561,0.17,0.1,71.4,60.9,68.3,95.7,48.2,36.7,2018
50,Brown University,8898,0.11,0.2,70.8,63.8,57.9,96.7,34.1,59.0,2018
51,Washington University in St Louis,12600,0.08,0.17,70.8,60.8,59.7,99.4,36.9,52.1,2018
52,"Nanyang Technological University, Singapore",25499,0.16,0.31,70.5,49.5,63.0,90.7,94.0,95.9,2018
53,"University of California, Santa Barbara",23054,0.28,0.14,70,50.0,61.5,98.8,82.0,65.4,2018
54,"University of California, Davis",37365,0.14,0.1,69.5,60.9,64.5,86.0,53.4,63.7,2018
55,University of Manchester,35320,0.15,0.38,69.5,56.3,65.3,84.3,44.1,88.7,2018
56,University of Minnesota,60949,0.17,0.11,69,57.6,67.9,87.5,90.4,37.7,2018
57,University of North Carolina at Chapel Hill,34684,0.1,0.08,69,57.9,61.8,96.7,39.2,41.5,2018
58,Chinese University of Hong Kong,18072,0.17,0.31,68.5,57.0,64.4,80.6,56.8,86.6,2018
59,University of Amsterdam,23495,0.12,0.12,68.4,51.3,62.6,91.9,49.9,72.2,2018
60,Purdue University West Lafayette,38770,0.17,0.23,68.2,62.3,68.9,73.4,63.5,69.9,2018
61,The University of Sydney,44553,0.22,0.32,67.8,50.2,63.1,85.9,67.9,84.6,2018
62,Humboldt University of Berlin,32172,0.56,0.17,67.4,61.9,67.1,76.1,38.6,65.6,2018
63,Delft University of Technology,17057,0.2,0.27,67.3,53.4,72.0,68.5,99.8,88.5,2018
64,Wageningen University & Research,12326,0.2,0.29,67.2,46.6,53.6,95.2,100.0,80.6,2018
65,The University of Queensland,38968,0.36,0.26,67,47.6,59.4,87.8,76.2,88.8,2018
66,University of Southern California,38380,0.13,0.23,66.8,49.8,58.4,95.6,37.9,63.0,2018
67,Leiden University,24825,0.18,0.12,66,44.6,63.2,87.8,78.8,70.5,2018
68,Utrecht University,31522,0.15,0.07,65.8,45.5,63.1,89.9,72.6,59.6,2018
69,"University of Maryland, College Park",31772,0.16,0.1,65.7,49.6,63.0,93.5,38.4,39.0,2018
70,Boston University,24833,0.09,0.25,65.4,57.1,45.9,97.2,34.0,60.0,2018
71,Ohio State University (Main campus),53190,0.13,0.13,65.4,55.5,56.2,88.0,52.0,56.4,2018
72,Erasmus University Rotterdam,22047,0.2,0.2,65.2,38.9,57.2,96.7,51.7,80.6,2018
73,Paris Sciences et Lettres – PSL Research University Paris,19978,0.1,0.25,65.2,57.0,52.0,85.0,48.2,76.7,2018
74,Kyoto University,22481,0.09,0.08,64.9,71.8,78.6,50.9,93.8,28.8,2018
75,Seoul National University,26470,0.13,0.11,64.9,69.3,71.2,60.6,79.8,34.1,2018
76,University of Bristol,19995,0.14,0.27,64.8,45.7,51.2,94.7,39.3,84.8,2018
77,Penn State (Main campus),45411,0.15,0.14,64.6,53.6,64.8,81.6,50.0,44.3,2018
78,McMaster University,23693,0.25,0.15,63.4,45.6,48.8,89.9,89.8,78.1,2018
79,RWTH Aachen University,43721,0.58,0.18,63.3,53.4,62.4,72.8,99.7,56.4,2018
80,University of Glasgow,23390,0.15,0.36,63.2,43.4,48.9,92.6,38.6,90.4,2018
81,Monash University,46846,0.34,0.28,63.2,47.4,55.4,80.9,71.5,83.8,2018
82,University of Freiburg,20871,0.4,0.19,62.9,47.1,54.3,83.1,100.0,67.2,2018
83,University of Groningen,26197,0.24,0.17,62.8,40.7,54.8,89.0,77.2,74.4,2018
84,Michigan State University,44556,0.17,0.17,62.8,55.1,53.3,82.6,35.7,61.2,2018
85,UNSW Sydney,40133,0.27,0.34,62.5,40.9,57.5,82.8,49.8,91.4,2018
86,Rice University,6441,0.09,0.28,62.2,45.1,41.9,98.7,42.4,72.7,2018
87,Uppsala University,25174,0.17,0.11,62.2,42.9,56.1,84.6,79.5,68.8,2018
88,Free University of Berlin,34114,0.57,0.21,62.1,58.7,66.5,60.6,39.8,71.8,2018
89,Dartmouth College,6100,0.07,0.15,62,58.5,41.9,93.4,37.9,39.1,2018
90,University of Helsinki,22532,0.16,0.06,61.7,45.7,56.6,86.9,35.5,53.3,2018
91,University of Warwick,18425,0.13,0.39,61.6,46.6,52.0,80.4,41.0,91.9,2018
92,Technical University of Berlin,22390,0.64,0.2,61.5,49.0,58.0,74.2,97.8,62.4,2018
93,Lund University,28663,0.12,0.16,61.3,40.8,52.6,85.9,70.9,76.1,2018
94,University of Tübingen,27844,0.38,0.13,61.2,45.7,55.4,83.0,55.4,60.8,2018
95,University of Basel,12729,0.18,0.27,60.9,39.8,39.9,91.0,99.9,95.9,2018
96,Korea Advanced Institute of Science and Technology (KAIST),9464,0.11,0.09,60.9,56.3,59.2,70.4,100.0,35.6,2018
97,Durham University,16310,0.15,0.29,60.8,44.8,47.9,84.6,36.8,89.0,2018
98,Emory University,12649,0.04,0.19,60.7,47.1,40.4,98.1,42.3,53.3,2018
99,"University of California, Irvine",30419,0.17,0.21,60.6,43.4,44.9,93.6,43.9,65.2,2018
100,University of Bonn,35619,0.78,0.13,60.5,47.3,41.6,91.3,83.5,58.4,2018
101,University of Colorado Boulder,30780,0.16,0.1,60.5,44.8,45.8,97.4,37.5,42.4,2018
102,University of Pittsburgh-Pittsburgh campus,26367,0.06,0.1,60.5,45.7,48.7,94.9,39.9,36.8,2018
103,Maastricht University,16727,0.18,0.5,60.4,40.2,49.7,79.9,87.6,96.7,2018
104,University of Sheffield,24580,0.15,0.36,60.1,42.9,45.7,86.8,43.7,85.4,2018
105,University of Bern,10449,0.16,0.15,60,42.7,43.6,85.4,81.0,85.7,2018
106,Vanderbilt University,12011,0.03,0.13,60,47.7,41.4,96.9,52.8,38.9,2018
107,Ghent University,35909,0.36,0.1,59.8,44.4,56.2,77.6,84.3,56.8,2018
108,University of Montreal,41017,0.22,0.22,59.6,44.5,48.9,79.0,65.3,83.2,2018
109,Aarhus University,25167,0.14,0.12,59.4,37.3,53.6,82.7,67.6,75.3,2018
110,University of Copenhagen,30395,0.04,0.14,59.4,44.0,39.7,90.6,44.6,79.3,2018
111,Sungkyunkwan University (SKKU),24055,0.2,0.12,59.3,54.1,55.1,69.5,93.7,44.7,2018
112,The University of Western Australia,18787,0.22,0.25,59.3,33.5,46.1,90.6,54.5,91.9,2018
113,University of Göttingen,28554,0.28,0.12,59.2,47.1,50.3,82.4,33.7,58.6,2018
114,University of Virginia (Main campus),24055,0.1,0.12,59.2,52.4,40.7,89.3,40.6,46.5,2018
115,École Polytechnique,2799,0.05,0.36,59.1,54.4,38.2,75.1,70.8,93.4,2018
116,Fudan University,32859,0.12,0.1,58.9,59.5,57.5,65.1,53.0,38.7,2018
117,Indiana University,66835,0.14,0.15,58.7,50.5,46.5,81.9,51.5,50.5,2018
118,Trinity College Dublin,16157,0.23,0.27,58.7,45.3,44.8,79.0,41.2,92.1,2018
119,University of Alberta,32435,0.22,0.26,58.6,47.2,51.2,70.5,63.4,84.8,2018
120,City University of Hong Kong,9240,0.11,0.35,58.6,40.8,48.6,79.4,65.9,84.4,2018
121,Queen Mary University of London,15405,0.13,0.45,58.5,32.8,38.2,96.7,39.1,95.5,2018
122,Radboud University Nijmegen,19358,0.19,0.12,58.4,33.9,50.4,89.4,44.8,68.8,2018
123,Georgetown University,15956,0.09,0.17,58.3,51.8,37.2,87.5,66.3,49.6,2018
124,Pierre and Marie Curie University,25117,0.12,0.2,58.3,49.5,39.8,85.7,31.8,66.6,2018
125,University of Mannheim,10995,0.74,0.16,58.2,41.8,53.0,80.5,57.8,55.9,2018
126,Arizona State University (Tempe),44475,0.2,0.19,58.1,41.5,48.3,87.1,35.7,55.2,2018
127,Charité - Universitätsmedizin Berlin,6792,0.16,0.18,58.1,43.3,39.2,88.6,87.5,60.7,2018
128,University of Southampton,21670,0.12,0.33,58.1,37.9,43.7,86.0,38.5,92.0,2018
129,Université Catholique de Louvain,24451,0.38,0.19,58,38.9,52.2,78.6,54.0,76.7,2018
130,University of Exeter,19160,0.18,0.28,57.8,34.5,39.3,93.7,34.6,88.8,2018
131,University of Geneva,16085,0.15,0.4,57.8,35.8,43.6,82.9,68.7,98.2,2018
132,University of Science and Technology of China,16032,0.08,0.03,57.7,52.7,49.1,76.9,81.7,27.9,2018
133,Karlsruhe Institute of Technology,25824,0.26,0.18,57.6,44.6,47.7,75.7,97.9,62.9,2018
134,University of Adelaide,21241,0.34,0.26,57.5,35.9,43.1,85.3,67.3,86.6,2018
135,Stockholm University,33156,0.25,0.08,57.5,33.1,48.4,89.1,34.5,72.7,2018
136,University of Zurich,26363,0.06,0.2,57.4,42.0,36.0,87.0,43.2,90.8,2018
137,Pohang University of Science and Technology (POSTECH),3046,0.1,0.04,57.3,47.9,49.8,76.4,99.8,34.3,2018
138,University of York,14960,0.15,0.27,57.3,40.5,44.9,81.6,34.1,85.3,2018
139,University of Leeds,27995,0.15,0.26,57.1,42.2,46.7,77.8,38.8,82.1,2018
140,Pompeu Fabra University,11172,0.21,0.12,56.9,34.7,38.9,97.1,40.0,62.3,2018
141,University of Birmingham,27060,0.15,0.27,56.8,36.5,38.3,89.7,37.2,86.3,2018
142,Eindhoven University of Technology,7637,0.19,0.17,56.8,41.3,49.0,72.3,100.0,73.9,2018
143,University of Florida,46346,0.18,0.09,56.6,52.8,51.2,68.4,80.7,37.9,2018
144,University of St Andrews,9005,0.13,0.48,56.6,42.9,42.5,76.6,33.6,95.5,2018
145,University of Cologne,45087,0.51,0.1,56.4,39.8,42.7,84.8,76.8,57.1,2018
146,University of Oslo,27730,0.19,0.19,56.3,36.0,42.8,86.8,41.9,73.4,2018
147,Autonomous University of Barcelona,32309,0.13,0.16,56.2,43.3,36.1,89.5,42.1,60.1,2018
148,University of Nottingham,29175,0.14,0.3,56.2,40.5,41.9,80.5,38.5,84.4,2018
149,University of Sussex,12385,0.15,0.38,56.2,34.1,38.1,89.5,33.3,91.5,2018
150,Lancaster University,11635,0.13,0.38,55.9,37.0,40.5,83.2,33.7,91.1,2018
151,University of Notre Dame,11912,0.13,0.11,55.9,49.8,37.9,83.0,35.3,50.7,2018
152,University of Lausanne,13065,0.14,0.25,55.7,30.4,47.4,78.5,78.4,90.8,2018
153,University of Rochester,9636,0.04,0.29,55.6,41.7,34.2,90.2,39.5,63.7,2018
154,Technical University of Denmark,8548,0.06,0.24,55.6,35.9,39.5,81.6,63.8,91.6,2018
155,Sant’Anna School of Advanced Studies – Pisa,690,0.12,0.14,55.5,41.6,36.0,88.0,87.8,48.3,2018
156,TU Dresden,34514,0.36,0.13,55.5,42.8,46.9,74.2,95.0,52.6,2018
157,Ulm University,10657,0.28,0.13,55.5,37.1,37.4,90.0,77.3,56.5,2018
158,Case Western Reserve University,10130,0.07,0.19,55.2,44.4,34.9,90.1,36.7,46.1,2018
159,University of Leicester,14635,0.14,0.38,55,32.2,34.5,91.4,35.2,89.9,2018
160,Texas A&M University,56245,0.24,0.09,55,50.4,56.3,60.2,41.2,52.0,2018
161,University of Arizona,38334,0.13,0.09,54.9,44.3,38.7,85.4,46.1,43.3,2018
162,"University of California, Santa Cruz",17866,0.23,0.04,54.8,31.5,35.0,99.9,38.2,51.6,2018
163,Cardiff University,24185,0.14,0.26,54.8,35.8,39.3,84.5,35.5,80.6,2018
164,University of Erlangen-Nuremberg,38730,0.58,0.12,54.8,39.8,44.0,77.6,95.9,53.0,2018
165,University of Vienna,35375,0.21,0.26,54.7,42.6,47.6,66.0,33.2,93.4,2018
166,Vrije Universiteit Amsterdam,24554,0.18,0.07,54.7,32.5,40.7,89.1,56.3,60.7,2018
167,University of Würzburg,22537,0.34,0.09,54.7,35.8,42.8,86.5,46.1,53.7,2018
168,University of Alabama at Birmingham,15703,0.15,0.06,54.6,39.7,32.8,95.1,67.6,34.6,2018
169,Nanjing University,33456,0.14,0.1,54.5,49.6,47.0,64.9,77.8,54.4,2018
170,Tufts University,10463,0.09,0.16,54.5,44.1,33.4,88.1,36.7,52.7,2018
171,University of Cape Town,20775,0.12,0.18,54.4,30.5,36.2,87.0,88.5,81.1,2018
172,Rutgers University – New Brunswick,43439,0.11,0.1,54.3,43.0,45.3,79.7,36.9,39.2,2018
173,KTH Royal Institute of Technology,12951,0.16,0.17,54.2,42.3,46.3,67.0,50.9,83.7,2018
174,University of Münster,42287,0.43,0.07,54.2,40.3,42.1,81.2,60.8,47.7,2018
175,Université Libre de Bruxelles,25343,0.43,0.35,54,32.4,42.2,80.4,48.4,83.2,2018
176,Newcastle University,20950,0.16,0.3,54,33.4,40.8,80.6,41.6,86.7,2018
177,University of Liverpool,19815,0.12,0.35,53.9,32.7,34.7,86.8,37.1,89.9,2018
178,Zhejiang University,50051,0.14,0.06,53.9,57.0,63.7,45.1,89.4,25.2,2018
179,University of Luxembourg,4969,0.15,0.57,53.8,26.8,32.4,91.9,39.6,99.8,2018
180,University of Twente,6697,0.13,0.27,53.8,35.5,47.0,68.5,83.6,85.3,2018
181,Paris-Sud University,27221,0.14,0.16,53.7,40.4,33.1,86.8,32.3,63.5,2018
182,École Normale Supérieure de Lyon,2221,0.08,0.13,53.6,40.1,37.8,80.9,37.9,67.3,2018
183,Hong Kong Polytechnic University,21773,0.27,0.25,53.6,39.1,48.1,67.7,45.8,79.9,2018
184,Scuola Normale Superiore di Pisa,515,0.05,0.07,53.4,53.7,33.3,75.4,37.7,49.4,2018
185,University of Aberdeen,12055,0.14,0.36,53.3,30.3,33.6,87.1,41.9,93.3,2018
186,University of Miami,15860,0.06,0.16,53.1,42.5,24.4,90.3,37.2,67.1,2018
187,University of Dundee,10895,0.15,0.24,52.9,26.3,32.0,94.5,43.4,79.8,2018
188,University of East Anglia,13520,0.14,0.3,52.8,29.9,31.6,90.5,32.2,85.6,2018
189,Shanghai Jiao Tong University,37288,0.12,0.06,52.8,53.5,62.5,44.1,88.9,33.4,2018
190,Aalto University,12744,0.2,0.2,52.7,37.8,35.8,79.5,52.5,72.5,2018
191,University of Massachusetts,59230,0.13,0.14,52.6,36.3,32.2,88.8,51.0,54.8,2018
192,University of Auckland,30348,0.19,0.29,52.5,32.5,40.7,73.8,67.3,90.6,2018
193,"Northeastern University, US",18780,0.14,0.32,52.4,35.6,26.8,91.7,35.4,70.1,2018
194,Tilburg University,7738,0.22,0.13,52.1,38.4,50.1,61.3,59.0,75.8,2018
195,Paris-Sorbonne University – Paris 4,22042,0.3,0.15,52,44.6,34.3,77.1,32.1,57.9,2018
196,"Royal Holloway, University of London",8930,0.15,0.4,51.9,33.9,27.9,85.0,35.0,93.0,2018
197,"University of California, Riverside",20740,0.21,0.14,51.7,30.0,30.9,92.3,37.4,63.9,2018
198,University of Gothenburg,18378,0.1,0.13,51.7,26.7,39.2,87.5,38.9,62.5,2018
199,National Taiwan University (NTU),31758,0.12,0.08,51.7,50.4,54.7,53.4,65.0,33.4,2018
200,Aalborg University,15512,0.14,0.13,53.35,28.2,36.2,84.2,46.5,70.7,2018
201,University of Antwerp,16056,0.35,0.16,53.29,34.6,40.1,73.3,75.9,66.3,2018
202,University of Barcelona,47458,0.12,0.1,53.24,32.4,32.5,83.2,34.0,50.6,2018
203,University of Bergen,12554,0.12,0.13,53.18,29.2,30.6,90.0,35.2,75.3,2018
204,University of Bologna,62296,0.22,0.1,53.12,43.6,30.1,80.0,39.1,47.4,2018
205,Brandeis University,5620,0.13,0.25,53.07,28.9,24.3,99.7,33.7,49.8,2018
206,University of Calgary,27084,0.16,0.19,53.01,34.6,35.8,77.2,53.5,73.6,2018
207,Chalmers University of Technology,9112,0.11,0.16,52.96,35.1,39.6,62.3,70.2,78.3,2018
208,University of Cincinnati – Uptown,28035,0.21,0.09,52.9,36.9,30.3,82.0,41.0,35.6,2018
209,Copenhagen Business School,19079,0.44,0.23,52.85,24.2,36.6,80.8,40.4,91.2,2018
210,University of Delaware,20125,0.17,0.1,52.79,27.8,37.5,79.5,91.0,45.4,2018
211,University of Duisburg-Essen,41916,0.54,0.13,52.74,32.8,29.9,88.8,73.8,52.7,2018
212,Florida State University,38386,0.26,0.07,52.69,41.3,42.0,73.3,37.2,47.3,2018
213,University of Fribourg,10769,0.45,0.18,52.63,34.2,35.0,65.5,58.5,86.9,2018
214,George Washington University,22015,0.13,0.16,52.58,44.8,30.4,77.2,32.6,50.3,2018
215,University of Hamburg,38182,0.48,0.12,52.53,43.5,42.0,65.0,67.7,58.0,2018
216,University of Hawai’i at Mānoa,16256,0.11,0.13,52.47,37.3,37.1,76.2,49.9,65.9,2018
217,Hebrew University of Jerusalem,17454,0.11,0.05,52.42,39.9,41.7,71.8,36.3,58.2,2018
218,University of Iceland,8693,0.15,0.1,52.37,19.5,29.0,93.4,57.3,63.0,2018
219,University of Iowa,27310,0.12,0.13,52.32,42.0,34.0,78.2,60.6,35.4,2018
220,James Cook University,11867,0.22,0.12,52.27,23.4,27.7,89.1,42.9,73.9,2018
221,University of Kiel,25392,0.23,0.08,52.21,31.5,28.1,94.4,9.1,52.4,2018
222,King Abdulaziz University,31554,0.08,0.21,52.16,25.6,15.3,97.3,77.8,92.0,2018
223,University of Konstanz,11381,0.48,0.12,52.11,39.1,44.5,65.2,69.9,61.8,2018
224,Korea University,23037,0.16,0.19,52.06,44.7,47.7,49.0,97.7,49.0,2018
225,University of Galway,13898,0.27,0.18,52.01,26.8,30.1,80.5,42.5,80.3,2018
226,Osaka University,23256,0.1,0.1,51.96,53.7,57.6,38.7,81.3,33.5,2018
227,University of Otago,18157,0.2,0.2,51.91,31.2,30.7,82.2,45.1,88.6,2018
228,University of Ottawa,35177,0.26,0.17,51.86,37.6,37.5,69.1,40.2,73.6,2018
229,Paris Diderot University – Paris 7,27992,0.15,0.17,51.81,30.2,25.8,89.7,32.6,67.7,2018
230,University of Passau,11804,0.75,0.09,51.76,30.2,23.6,92.7,40.8,49.0,2018
231,University of Potsdam,20066,0.59,0.1,51.71,35.6,41.4,74.3,42.2,55.0,2018
232,Queen’s University Belfast,17945,0.17,0.32,51.66,28.3,32.3,83.1,35.7,94.6,2018
233,Queensland University of Technology,35211,0.37,0.17,51.61,30.7,40.3,73.0,63.2,79.1,2018
234,RCSI University of Medicine and Health Sciences,2136,0.18,0.64,51.56,31.9,21.8,92.8,40.7,88.6,2018
235,University of Reading,12875,0.15,0.33,51.51,34.6,34.9,73.9,36.9,88.8,2018
236,Ruhr University Bochum,43004,0.61,0.13,51.47,36.6,42.9,62.3,73.2,52.3,2018
237,"St George’s, University of London",3175,0.15,0.17,51.42,21.4,23.4,100.0,35.3,69.9,2018
238,University of South Australia,17575,0.26,0.41,51.37,31.5,36.3,63.3,81.6,91.8,2018
239,University of Stuttgart,26059,0.53,0.18,51.32,41.1,48.8,60.0,68.8,52.6,2018
240,University of Tampere,9360,0.22,0.03,51.28,25.8,32.4,88.2,51.5,41.6,2018
241,Technical University of Darmstadt,17776,0.44,0.16,51.23,39.2,43.7,57.2,95.9,54.3,2018
242,University of Technology Sydney,25256,0.44,0.37,51.18,29.7,40.5,71.7,51.0,94.2,2018
243,Tel Aviv University,22973,0.23,0.04,51.13,41.5,52.1,59.4,42.7,49.5,2018
244,University of Texas at Dallas,22967,0.25,0.25,51.09,25.7,29.4,89.8,41.5,57.7,2018
245,Tohoku University,17494,0.06,0.1,51.04,49.6,50.6,46.5,68.3,34.7,2018
246,Ulsan National Institute of Science and Technology (UNIST),4046,0.14,0.07,50.99,22.9,30.7,95.9,66.0,47.9,2018
247,University College Dublin,21605,0.23,0.26,50.95,29.2,37.5,74.0,38.1,89.3,2018
248,University of Utah,30040,0.14,0.1,50.9,37.2,34.1,88.5,46.1,33.0,2018
249,Vita-Salute San Raffaele University,2598,0.07,0.05,50.86,34.0,23.1,96.3,32.8,45.7,2018
250,University of Waterloo,32000,0.26,0.17,50.81,35.7,41.7,69.8,42.6,80.0,2018
251,Western University,28996,0.22,0.17,50.77,41.8,36.1,68.8,55.7,75.2,2018
252,Yonsei University (Seoul campus),18038,0.15,0.21,50.72,48.6,50.2,46.1,99.2,54.6,2018
253,Aix-Marseille University,66623,0.17,0.12,50.68,40.2,22.4,70.0,34.4,60.7,2018
254,University of Bath,12515,0.16,0.32,50.63,33.9,31.7,67.3,36.0,88.3,2018
255,University of Bayreuth,12917,0.38,0.08,50.59,34.4,34.1,67.8,62.7,54.7,2018
256,Bielefeld University,23683,0.67,0.08,50.54,36.9,42.0,58.6,54.5,46.3,2018
257,University of Bremen,19040,0.34,0.11,50.5,36.4,36.5,63.2,45.7,52.1,2018
258,University at Buffalo,25247,0.18,0.18,50.45,38.8,28.5,69.8,44.7,62.5,2018
259,Clark University,3316,0.12,0.26,50.41,23.7,23.7,93.4,32.6,60.0,2018
260,University of Colorado Denver/Anschutz Medical Campus,15491,0.05,0.08,50.36,30.2,18.0,95.1,42.0,29.0,2018
261,Colorado School of Mines,5557,0.18,0.11,50.32,33.6,26.8,81.7,55.5,41.3,2018
262,Dalhousie University,15201,0.15,0.2,50.28,26.6,28.3,74.3,41.5,82.4,2018
263,École des Ponts ParisTech,1749,0.12,0.41,50.23,38.1,16.9,74.9,63.3,79.4,2018
264,University of Essex,10985,0.16,0.43,50.19,33.4,32.0,62.8,32.5,95.8,2018
265,Goethe University Frankfurt,45387,0.13,0.15,50.15,32.5,27.8,73.4,38.6,60.7,2018
266,Griffith University,31772,0.22,0.19,50.1,23.4,29.8,77.7,40.7,82.0,2018
267,University of Hohenheim,9557,0.43,0.13,50.06,34.9,28.8,70.0,50.3,51.7,2018
268,University of Illinois Chicago,25450,0.11,0.19,50.02,42.1,31.6,68.2,42.1,56.2,2018
269,Indian Institute of Science,3550,0.08,0.01,49.98,53.8,48.6,44.4,49.5,19.5,2018
270,University of Innsbruck,14530,0.13,0.39,49.94,27.5,18.5,77.8,37.5,96.7,2018
271,Johannes Gutenberg University of Mainz,34219,0.32,0.1,49.89,36.4,23.6,79.8,57.5,55.2,2018
272,Université Laval,29322,0.17,0.13,49.85,37.7,28.7,70.3,54.7,66.8,2018
273,Macquarie University,27955,0.31,0.22,49.81,31.3,34.4,70.0,41.0,77.0,2018
274,University of Marburg,26062,0.37,0.09,49.77,35.7,27.7,75.0,36.6,49.9,2018
275,Medical University of Vienna,7209,0.03,0.28,49.73,31.2,13.5,90.2,36.6,84.1,2018
276,University of Newcastle,22921,0.22,0.17,49.68,28.0,26.9,73.0,62.9,79.9,2018
277,North Carolina State University,30254,0.13,0.13,49.64,35.6,34.5,68.4,42.5,52.8,2018
278,Norwegian University of Science and Technology,21571,0.17,0.11,49.6,30.7,34.6,68.3,42.0,64.9,2018
279,University of Oregon,23728,0.19,0.14,49.56,31.1,30.1,84.7,32.0,37.0,2018
280,Oregon Health and Science University,2895,0.01,0.02,49.52,32.2,15.1,99.0,44.5,24.4,2018
281,University of Oulu,10287,0.24,0.06,49.48,30.2,30.0,79.1,43.2,53.1,2018
282,Queen’s University,21227,0.23,0.12,49.44,40.0,35.9,61.7,51.0,66.3,2018
283,University of São Paulo,82258,0.15,0.04,49.4,52.9,55.5,31.5,38.1,30.9,2018
284,Simon Fraser University,26309,0.28,0.29,49.36,25.6,33.4,75.6,43.5,90.4,2018
285,University of Southern Denmark,25328,0.14,0.16,49.32,21.4,25.3,83.4,68.8,78.1,2018
286,University of South Florida (Tampa),33053,0.2,0.12,49.28,29.6,35.8,74.4,93.0,46.9,2018
287,Stony Brook University,23136,0.1,0.24,49.24,33.0,23.8,84.4,33.4,58.7,2018
288,University of Surrey,11025,0.14,0.38,49.2,30.3,33.1,64.5,46.3,92.7,2018
289,Swansea University,13895,0.16,0.24,49.16,22.1,25.6,80.4,34.9,79.9,2018
290,Swedish University of Agricultural Sciences,3812,0.04,0.04,49.12,30.0,27.1,79.3,98.1,42.5,2018
291,Syracuse University,20180,0.16,0.19,49.08,32.8,28.7,79.5,37.0,45.6,2018
292,Tokyo Institute of Technology,9570,0.07,0.13,49.04,49.5,52.9,39.8,67.8,35.8,2018
293,University of Trento,17759,0.29,0.08,49.0,26.2,29.6,85.1,39.9,58.2,2018
294,Umeå University,16553,0.12,0.1,48.97,24.9,29.8,81.8,34.9,60.6,2018
295,Wake Forest University,7579,0.04,0.06,48.93,34.8,18.4,91.4,38.4,28.2,2018
296,William & Mary,8044,0.12,0.09,48.89,44.9,18.2,84.6,32.6,32.2,2018
297,University of the Witwatersrand,25342,0.25,0.08,48.85,26.6,23.2,76.5,99.9,69.8,2018
298,University of Wollongong,16947,0.27,0.24,48.81,29.4,33.2,67.1,47.7,88.1,2018
299,Aberystwyth University,7920,0.18,0.18,48.77,24.2,25.5,76.7,36.6,74.9,2018
300,University of Alaska Fairbanks,3769,0.08,0.06,48.74,25.3,23.2,78.3,44.9,52.8,2018
301,Anglia Ruskin University (ARU),15195,0.22,0.25,48.7,16.7,11.2,99.4,32.6,71.1,2018
302,Babol Noshirvani University of Technology,4749,0.29,0.0,48.66,24.8,12.2,99.1,56.1,15.5,2018
303,Bangor University,9325,0.18,0.25,48.62,25.7,21.4,72.7,33.4,83.8,2018
304,"Birkbeck, University of London",9015,0.17,0.39,48.59,30.5,32.0,62.2,32.4,87.5,2018
305,University of Bordeaux,52526,0.21,0.12,48.55,31.0,22.0,75.2,34.8,54.3,2018
306,Boston College,12943,0.16,0.12,48.51,37.0,20.0,74.1,43.8,53.8,2018
307,Brighton and Sussex Medical School,760,0.12,0.16,48.47,18.8,12.9,97.0,31.7,72.0,2018
308,Charles Darwin University,6551,0.22,0.32,48.44,17.9,18.6,88.0,38.8,82.2,2018
309,University of Connecticut,26669,0.13,0.12,48.4,35.7,28.5,66.8,34.6,48.5,2018
310,Deakin University,36768,0.33,0.17,48.36,23.3,26.6,72.0,36.2,77.7,2018
311,University of Denver,9671,0.13,0.11,48.33,35.9,29.8,74.4,35.7,28.8,2018
312,University of Eastern Finland,11459,0.18,0.06,48.29,25.2,26.1,79.1,36.2,49.3,2018
313,Flinders University,16757,0.24,0.18,48.25,22.9,27.6,77.9,39.4,68.4,2018
314,Free University of Bozen-Bolzano,3304,0.12,0.12,48.22,22.0,14.3,88.6,32.1,68.9,2018
315,George Mason University,27749,0.18,0.08,48.18,28.5,26.4,76.0,33.2,40.8,2018
316,"Goldsmiths, University of London",7415,0.14,0.37,48.14,33.9,26.0,62.0,31.8,77.0,2018
317,Grenoble Alpes University,39298,0.17,0.15,48.11,30.9,22.9,74.9,33.8,60.7,2018
318,University of Houston,41128,0.43,0.1,48.07,36.8,34.1,60.5,37.8,39.8,2018
319,Iowa State University,31307,0.19,0.12,48.04,29.1,31.4,65.3,48.6,53.8,2018
320,University of Kent,16950,0.13,0.31,48.0,25.1,23.6,67.8,32.1,90.2,2018
321,Khalifa University,3134,0.08,0.32,47.97,23.4,18.7,71.4,84.5,97.9,2018
322,Koç University,5172,0.15,0.1,47.93,25.7,32.1,65.2,84.3,53.8,2018
323,University of Liège,21910,0.27,0.23,47.9,25.8,33.6,57.9,96.8,71.0,2018
324,Loughborough University,13455,0.15,0.22,47.86,34.0,32.9,52.7,38.5,74.8,2018
325,Medical University of Graz,3323,0.07,0.23,47.83,24.3,15.7,85.8,46.9,74.8,2018
326,University of Milan,56805,0.28,0.05,47.79,34.1,25.9,73.7,42.9,41.4,2018
327,Nagoya University,15594,0.08,0.1,47.76,44.9,47.2,43.2,87.2,29.9,2018
328,National Tsing Hua University,10194,0.14,0.05,47.72,38.0,37.1,59.4,54.8,29.0,2018
329,University of Navarra,10827,0.15,0.19,47.69,27.9,24.5,74.6,63.9,59.7,2018
330,University of Nebraska-Lincoln,22578,0.16,0.12,47.65,32.4,29.6,65.9,37.9,50.4,2018
331,Oregon State University,23668,0.16,0.1,47.62,30.1,29.3,72.4,36.5,48.5,2018
332,Politecnico di Milano,33189,0.24,0.14,47.58,32.2,31.7,65.0,58.1,53.1,2018
333,Rensselaer Polytechnic Institute,7240,0.16,0.17,47.55,28.9,31.8,71.7,67.3,46.2,2018
334,Rush University,2437,0.02,0.03,47.51,35.3,12.4,88.2,41.3,14.8,2018
335,Sapienza University of Rome,111453,0.32,0.07,47.48,38.4,34.7,64.1,41.2,38.9,2018
336,University of Stirling,8505,0.15,0.21,47.45,24.4,25.7,76.2,33.6,76.7,2018
337,University of Tartu,8835,0.12,0.05,47.41,24.5,25.3,83.6,33.5,50.4,2018
338,University of Tasmania,11346,0.14,0.22,47.38,24.1,30.8,65.4,51.5,82.2,2018
339,Technion Israel Institute of Technology,14693,0.22,0.05,47.35,32.7,34.8,58.6,39.0,64.4,2018
340,The University of Tennessee-Knoxville,25264,0.16,0.05,47.31,32.4,21.7,79.2,41.3,42.7,2018
341,TU Dortmund University,32870,1.0,0.1,47.28,34.9,31.1,64.0,45.5,42.0,2018
342,TU Wien,17931,0.36,0.28,47.25,37.2,29.2,53.2,67.6,81.1,2018
343,Victoria University,14795,0.31,0.2,47.21,24.1,23.2,73.4,39.5,71.1,2018
344,University of Victoria,18388,0.23,0.15,47.18,24.8,21.9,72.2,41.4,76.7,2018
345,Virginia Polytechnic Institute and State University,30975,0.18,0.11,47.15,33.5,39.6,65.1,43.8,33.5,2018
346,Vrije Universiteit Brussel,12785,0.22,0.21,47.11,30.6,25.6,68.7,51.7,71.6,2018
347,Washington State University,27135,0.2,0.07,47.08,29.3,27.7,70.3,50.9,45.6,2018
348,The University of Alabama,33679,0.22,0.05,47.05,30.0,20.6,76.7,33.3,27.7,2018
349,American University,11534,0.12,0.13,47.01,39.4,23.6,66.8,38.2,32.2,2018
350,Aston University,8990,0.2,0.31,46.98,23.7,26.4,63.3,33.7,92.1,2018
351,Autonomous University of Madrid,29305,0.13,0.13,46.95,33.0,28.1,58.4,34.9,49.0,2018
352,Brunel University London,11360,0.16,0.41,46.92,28.1,25.4,53.9,36.3,93.1,2018
353,University of Canberra,11438,0.3,0.28,46.88,22.9,25.2,68.0,33.6,65.9,2018
354,University of Canterbury,11931,0.17,0.21,46.85,23.7,26.9,60.9,37.9,90.4,2018
355,"City, University of London",13460,0.17,0.53,46.82,26.6,26.7,57.8,33.4,93.0,2018
356,"Colorado State University, Fort Collins",23921,0.16,0.06,46.79,28.7,30.9,67.9,36.7,37.7,2018
357,University of Côte d’Azur,33839,0.22,0.23,46.76,26.4,14.6,70.4,36.7,81.1,2018
358,University of Crete,14522,0.26,0.04,46.72,20.0,17.6,85.9,37.4,47.1,2018
359,Curtin University,31483,0.18,0.37,46.69,22.6,23.7,60.6,39.5,94.4,2018
360,Cyprus University of Technology,3072,0.19,0.08,46.66,17.8,13.8,88.6,33.0,69.9,2018
361,Drexel University,20714,0.11,0.18,46.63,33.6,16.9,68.5,37.4,49.4,2018
362,Federal University of Toulouse Midi-Pyrénées,98538,0.25,0.17,46.6,30.9,25.8,65.4,35.6,61.4,2018
363,University of Georgia,33842,0.16,0.07,46.57,30.1,32.3,60.7,34.3,42.6,2018
364,Georgia State University,28593,0.19,0.06,46.54,30.9,24.7,65.4,32.1,39.7,2018
365,Gwangju Institute of Science and Technology (GIST),1731,0.12,0.06,46.5,38.6,40.5,40.9,66.8,34.4,2018
366,Hanyang University,20879,0.15,0.17,46.47,35.6,38.1,41.9,84.7,56.4,2018
367,Heriot-Watt University,9260,0.16,0.41,46.44,26.2,21.5,65.2,37.8,92.4,2018
368,Indian Institute of Technology Bombay,9870,0.18,0.01,46.41,43.1,37.6,47.8,53.4,19.9,2018
369,Justus Liebig University Giessen,28201,0.47,0.09,46.38,32.8,29.4,61.7,40.2,48.0,2018
370,University of Kansas,24515,0.07,0.09,46.35,36.2,22.7,63.3,39.1,36.7,2018
371,Kyushu University,18696,0.08,0.12,46.32,42.5,40.7,35.7,71.6,33.9,2018
372,La Trobe University,20343,0.34,0.26,46.29,27.1,33.0,49.8,58.1,79.5,2018
373,Leibniz University Hannover,25162,0.65,0.12,46.26,37.3,36.9,47.1,56.3,43.7,2018
374,Linköping University,18740,0.08,0.11,46.23,23.4,14.9,78.4,41.9,63.1,2018
375,University of Macau,9230,0.14,0.33,46.2,22.0,26.5,56.7,42.0,98.7,2018
376,University of Malaya,21990,0.11,0.18,46.17,31.2,26.6,54.4,49.5,77.0,2018
377,Montpellier University,39828,0.2,0.14,46.14,34.8,16.7,68.7,35.2,58.7,2018
378,Örebro University,8800,0.16,0.02,46.11,18.6,19.7,83.3,33.1,44.4,2018
379,University of Padua,62218,0.31,0.04,46.08,27.4,17.1,81.9,35.8,41.0,2018
380,University of Pavia,23632,0.37,0.07,46.05,24.3,21.9,74.7,54.7,44.8,2018
381,University of Pisa,50810,0.29,0.04,46.02,22.4,20.1,80.1,37.3,38.0,2018
382,Royal Veterinary College,1855,0.1,0.18,45.99,24.0,18.3,70.8,40.3,84.5,2018
383,Sabancı University,3247,0.2,0.09,45.96,23.2,35.2,62.1,87.8,46.6,2018
384,University of Salerno,37230,0.51,0.01,45.93,19.1,15.5,87.8,39.4,33.5,2018
385,University of South Carolina-Columbia,30869,0.18,0.05,45.9,33.6,27.8,63.2,33.2,39.8,2018
386,Stellenbosch University,23207,0.26,0.08,45.87,28.3,36.1,60.0,7.3,52.6,2018
387,University of Strasbourg,41399,0.16,0.19,45.84,29.9,20.9,67.2,35.4,69.4,2018
388,Sun Yat-sen University,51089,0.16,0.09,45.81,39.9,32.3,55.9,52.0,32.8,2018
389,Temple University,33958,0.12,0.08,45.78,34.2,19.1,74.6,36.1,34.3,2018
390,University of Trieste,17054,0.25,0.08,45.75,29.6,17.8,75.0,32.5,45.6,2018
391,Tulane University,11193,0.11,0.11,45.72,39.7,14.7,66.1,35.1,39.5,2018
392,University of Turku,12263,0.16,0.05,45.69,25.7,27.6,70.0,33.9,50.3,2018
393,University College Cork,15890,0.22,0.17,45.66,28.0,26.9,61.0,45.9,78.5,2018
394,University of Vermont,10992,0.09,0.03,45.63,27.4,20.0,82.8,45.2,26.5,2018
395,Université de Versailles Saint-Quentin-en-Yvelines,17323,0.22,0.14,45.61,18.4,15.1,85.5,33.9,58.1,2018
396,University of Waikato,10019,0.17,0.27,45.58,21.0,24.1,63.5,39.1,89.2,2018
397,Wayne State University,22215,0.11,0.09,45.55,32.5,16.6,75.1,42.5,36.7,2018
398,York University,46146,0.41,0.23,45.52,30.5,40.9,47.9,37.2,73.9,2018
399,Auckland University of Technology,17861,0.16,0.42,45.49,19.7,14.2,60.5,33.5,96.1,2018
400,University of Bari Aldo Moro,47856,0.6,0.02,45.46,25.0,17.9,70.1,38.9,34.7,2018
401,Bar-Ilan University,16412,0.18,0.05,45.43,27.6,32.7,44.9,59.0,53.3,2018
402,University of Bergamo,16769,0.56,0.06,45.41,20.2,20.0,69.6,41.5,34.3,2018
403,Bilkent University,10007,0.14,0.05,45.38,23.3,20.3,67.1,42.8,55.6,2018
404,Boğaziçi University,11967,0.27,0.08,45.35,21.5,21.4,57.3,55.1,47.7,2018
405,University of Brescia,14542,0.26,0.07,45.32,17.5,15.6,73.9,35.2,40.2,2018
406,University of Calabria,28313,0.35,0.03,45.29,16.9,25.2,69.2,32.6,34.3,2018
407,University of Campinas,26811,0.14,0.04,45.27,43.5,40.0,31.7,45.5,27.1,2018
408,CentraleSupélec,4226,0.12,0.33,45.24,26.3,16.2,56.7,45.0,82.5,2018
409,Charles University,50495,0.13,0.16,45.21,29.0,22.0,56.3,32.1,55.6,2018
410,Chung-Ang University,11381,0.16,0.28,45.18,37.4,35.6,25.9,77.5,58.2,2018
411,Claude Bernard University Lyon 1,27067,0.13,0.12,45.15,23.1,18.2,68.9,37.1,53.3,2018
412,University of Cyprus,6989,0.23,0.09,45.13,20.8,25.0,63.1,48.1,76.8,2018
413,Dublin City University,9180,0.26,0.17,45.1,27.8,29.0,44.2,48.5,78.5,2018
414,University of Florence,53112,0.16,0.07,45.07,20.5,11.4,73.1,36.3,41.5,2018
415,Florida International University,32838,0.24,0.08,45.04,28.2,19.5,59.2,35.6,37.4,2018
416,University of Genoa,35711,0.27,0.09,45.02,28.0,16.7,66.6,41.0,42.7,2018
417,University of Graz,21053,0.23,0.13,44.99,23.7,18.3,58.1,32.8,74.0,2018
418,Graz University of Technology,6395,0.1,0.17,44.96,26.2,16.3,58.5,69.3,74.7,2018
419,University of Greifswald,10857,0.21,0.06,44.93,29.1,20.2,63.6,36.7,46.0,2018
420,Hamburg University of Technology,7391,0.55,0.19,44.91,34.4,23.1,51.6,87.9,48.9,2018
421,Hasselt University,5045,0.19,0.12,44.88,23.8,27.1,53.9,48.3,57.2,2018
422,Hofstra University,10001,0.14,0.1,44.85,32.9,4.8,74.9,31.7,28.5,2018
423,Hokkaido University,18038,0.08,0.09,44.83,42.1,40.2,33.1,52.0,32.6,2018
424,Hong Kong Baptist University,11467,0.11,0.3,44.8,22.0,13.8,66.9,32.4,84.8,2018
425,Huazhong University of Science and Technology,56140,0.17,0.05,44.77,31.2,27.5,50.3,63.9,22.5,2018
426,University of Hull,13480,0.17,0.19,44.75,24.0,21.5,53.1,34.2,73.1,2018
427,Jordan University of Science and Technology,23103,0.13,0.2,44.72,14.8,7.0,79.4,34.3,64.1,2018
428,University of Jyväskylä,10020,0.16,0.05,44.69,28.6,28.2,58.4,33.7,50.0,2018
429,University of Kaiserslautern,14493,0.52,0.16,44.67,34.1,22.8,48.7,73.2,48.5,2018
430,University of KwaZulu-Natal,32023,0.25,0.05,44.64,25.0,30.8,49.8,41.2,59.3,2018
431,Kyung Hee University,23512,0.17,0.18,44.61,29.0,37.0,46.0,82.2,54.3,2018
432,University of Lille,67978,0.28,0.12,44.59,21.1,20.9,62.3,37.4,56.5,2018
433,Louisiana State University,29533,0.2,0.06,44.56,35.1,35.4,52.4,7.7,33.0,2018
434,Makerere University,36688,0.29,0.08,44.53,17.5,11.6,75.8,38.1,58.5,2018
435,University of Manitoba,29017,0.28,0.15,44.51,27.0,27.2,56.9,40.2,45.4,2018
436,Marche Polytechnic University,16931,0.24,0.04,44.48,25.3,14.7,79.8,39.0,29.1,2018
437,"University of Maryland, Baltimore County",11781,0.19,0.08,44.46,23.6,17.0,70.7,33.4,32.8,2018
438,Massey University,18688,0.16,0.29,44.43,22.5,18.9,48.9,37.6,92.5,2018
439,Maynooth University,8361,0.31,0.12,44.4,23.2,27.6,51.0,36.3,78.1,2018
440,Middlesex University,14755,0.18,0.46,44.38,19.7,15.1,61.2,32.1,87.0,2018
441,University of Milan-Bicocca,34245,0.48,0.07,44.35,28.4,16.5,73.3,43.1,43.6,2018
442,Mizzou - University of Missouri,30535,0.12,0.06,44.33,32.0,19.5,59.8,33.1,36.0,2018
443,University of Modena and Reggio Emilia,20737,0.28,0.06,44.3,18.5,16.8,74.1,40.6,38.0,2018
444,University of Montana,9573,0.17,0.03,44.28,34.6,17.7,69.9,33.6,25.6,2018
445,Murdoch University,15526,0.31,0.48,44.25,20.4,23.9,58.9,41.5,91.5,2018
446,University of Naples Federico II,81056,0.56,0.0,44.22,18.4,24.8,77.5,43.0,28.3,2018
447,National Chiao Tung University,12639,0.18,0.07,44.2,34.6,41.1,31.5,89.0,35.8,2018
448,National Taiwan University of Science and Technology (Taiwan Tech),7981,0.19,0.13,44.17,30.4,43.1,39.9,85.1,36.0,2018
449,University of Nebraska Medical Center,2856,0.02,0.09,44.15,34.7,10.6,58.6,36.2,41.2,2018
450,University of Neuchâtel,4216,0.09,0.23,44.12,23.6,20.9,47.4,33.7,90.9,2018
451,Northern Arizona University,27227,0.27,0.05,44.1,19.7,11.3,91.6,32.1,29.8,2018
452,Norwegian University of Life Sciences,5723,0.07,0.22,44.07,24.0,7.9,68.0,37.3,77.9,2018
453,University of Oklahoma,27333,0.11,0.07,44.05,32.6,18.6,68.2,38.5,37.2,2018
454,The Open University,67355,0.33,0.08,44.02,20.9,16.2,67.6,32.4,53.6,2018
455,Oxford Brookes University,13255,0.18,0.28,44.0,31.7,27.2,40.3,32.2,75.3,2018
456,University of Parma,24307,0.28,0.06,43.97,18.6,19.0,69.0,37.3,37.3,2018
457,University of Plymouth,18335,0.18,0.15,43.95,21.5,19.7,68.6,32.3,68.3,2018
458,Universitat Politècnica de Catalunya,21581,0.1,0.12,43.92,27.1,17.6,55.3,41.6,53.2,2018
459,Polytechnic University of Turin,30903,0.3,0.14,43.9,26.9,20.9,68.6,48.1,48.1,2018
460,Qatar University,13342,0.18,0.42,43.87,19.8,18.3,60.7,46.1,99.8,2018
461,Quaid-i-Azam University,13559,0.27,0.0,43.85,21.6,1.3,81.2,31.7,42.1,2018
462,Reykjavík University,3206,0.29,0.06,43.82,14.9,16.0,79.1,33.7,60.1,2018
463,RMIT University,31465,0.17,0.25,43.8,24.2,20.5,53.3,38.4,87.1,2018
464,University of Rome II – Tor Vergata,32325,0.18,0.06,43.77,25.2,15.4,71.9,38.5,43.3,2018
465,University of Rome III,34492,0.56,0.04,43.75,26.3,10.6,67.3,37.4,38.4,2018
466,Roskilde University,6034,0.14,0.09,43.72,20.0,29.3,52.1,35.0,49.6,2018
467,Rovira i Virgili University,12604,0.13,0.1,43.7,22.2,17.2,76.4,34.5,47.7,2018
468,University of St Gallen,7456,0.13,0.35,43.68,30.1,19.5,52.0,43.7,96.0,2018
469,Saint Louis University,10976,0.07,0.07,43.65,35.7,14.7,65.0,34.7,28.0,2018
470,San Diego State University,29136,0.31,0.07,43.63,23.6,23.4,69.1,32.8,30.2,2018
471,University of Saskatchewan,16712,0.16,0.17,43.6,34.7,24.5,40.9,60.2,66.8,2018
472,Sciences Po,9679,0.38,0.45,43.58,32.6,27.1,52.1,36.2,70.5,2018
473,Semmelweis University,10880,0.11,0.31,43.56,22.6,11.9,61.5,34.4,73.8,2018
474,University of Siegen,19339,0.49,0.11,43.53,24.8,25.2,61.2,39.6,52.4,2018
475,University of Siena,17928,0.14,0.06,43.51,20.7,13.8,68.8,34.4,41.3,2018
476,SOAS University of London,4855,0.12,0.56,43.48,37.1,35.0,31.0,31.8,77.0,2018
477,Southern Cross University,8298,0.32,0.18,43.46,23.3,23.5,52.6,41.0,57.7,2018
478,University of Strathclyde,17495,0.22,0.27,43.44,26.1,32.2,44.1,45.1,80.9,2018
479,SUNY Binghamton University,17238,0.24,0.15,43.41,23.0,19.5,70.3,34.9,42.9,2018
480,Swinburne University of Technology,13269,0.25,0.25,43.39,25.6,24.3,59.0,36.1,74.2,2018
481,The University of Texas at San Antonio,25945,0.26,0.06,43.36,18.8,18.4,84.2,32.4,34.2,2018
482,Tokyo Medical and Dental University (TMDU),2906,0.03,0.07,43.34,35.9,20.5,53.2,57.1,24.5,2018
483,Tongji University,35810,0.13,0.11,43.32,36.5,38.2,25.4,99.4,47.5,2018
484,University of Tsukuba,16514,0.13,0.19,43.29,38.6,35.0,34.1,47.0,39.9,2018
485,The University of Tulsa,4671,0.12,0.25,43.27,35.5,14.1,62.1,56.5,44.9,2018
486,University of Turin,59116,0.31,0.07,43.25,20.6,20.3,72.3,45.3,43.7,2018
487,UiT The Arctic University of Norway,12601,0.12,0.12,43.22,20.9,17.1,63.5,40.5,68.0,2018
488,University of Urbino Carlo Bo,11658,0.29,0.09,43.2,17.9,10.0,81.3,34.1,43.4,2018
489,Verona University,24582,0.21,0.06,43.18,22.8,11.9,79.8,36.8,42.0,2018
490,Victoria University of Wellington,17086,0.2,0.2,43.15,27.6,30.4,48.0,57.2,87.6,2018
491,Western Sydney University,32744,0.34,0.13,43.13,19.1,26.0,62.3,37.1,77.8,2018
492,University of Wisconsin-Milwaukee,21928,0.19,0.06,43.11,23.2,20.4,65.7,33.4,30.7,2018
493,Wuhan University,50178,0.14,0.07,43.08,44.9,33.7,37.5,89.9,37.7,2018
494,Xiamen University,41430,0.15,0.04,43.06,28.8,24.9,56.4,9.7,28.9,2018
495,Alfaisal University,1891,0.14,0.34,43.04,16.1,27.3,39.3,54.3,97.4,2018
496,American University of Beirut,8045,0.09,0.22,43.01,25.7,12.2,52.9,38.3,87.5,2018
497,Aristotle University of Thessaloniki,45709,0.25,0.04,42.99,20.6,15.9,53.8,38.5,38.2,2018
498,University of Arkansas,24140,0.2,0.06,42.97,26.4,19.5,47.6,44.5,30.0,2018
499,Athens University of Economics and Business,9674,0.42,0.07,42.95,17.7,22.8,51.8,48.6,45.8,2018
500,Australian Catholic University,21846,0.31,0.09,42.92,16.8,19.7,59.5,35.3,45.0,2018
501,University of Aveiro,10105,0.17,0.1,42.9,23.5,26.3,45.5,39.8,49.0,2018
502,Blaise Pascal University,15538,0.15,0.13,42.88,21.5,6.5,61.1,33.5,62.9,2018
503,Bond University,3215,0.14,0.39,42.86,19.3,23.4,37.6,34.6,88.9,2018
504,Université Bourgogne Franche-Comté (UBFC),56702,0.29,0.11,42.83,23.9,13.0,55.6,35.7,50.6,2018
505,Ca’ Foscari University of Venice,19353,0.41,0.08,42.81,25.6,28.4,37.3,34.7,43.3,2018
506,Carleton University,25973,0.3,0.2,42.79,20.5,28.0,43.0,33.6,65.6,2018
507,University of Catania,35168,0.23,0.01,42.77,17.2,11.7,70.1,34.3,28.4,2018
508,Catholic University of the Sacred Heart,32844,0.11,0.08,42.74,19.7,11.6,62.5,35.3,35.8,2018
509,Central China Normal University,36706,0.23,0.07,42.72,23.5,9.2,72.5,39.0,28.7,2018
510,Central Queensland University,13048,0.28,0.29,42.7,27.8,10.1,58.9,34.3,61.2,2018
511,"China Medical University, Taiwan",7752,0.17,0.1,42.68,24.4,27.1,42.3,79.1,29.3,2018
512,University of Coimbra,21928,0.17,0.16,42.65,25.3,23.4,48.2,37.8,55.1,2018
513,Complutense University of Madrid,62392,0.2,0.13,42.63,35.2,27.4,38.5,33.5,41.7,2018
514,Concordia University,32331,0.31,0.28,42.61,21.4,24.0,40.3,34.8,80.7,2018
515,Creighton University,8213,0.11,0.09,42.59,37.1,10.3,56.2,35.0,31.1,2018
516,Diego Portales University,16348,0.14,0.02,42.57,15.7,8.7,74.7,31.8,47.7,2018
517,East China Normal University,27189,0.13,0.13,42.54,25.4,20.1,46.9,46.0,47.2,2018
518,Edith Cowan University,16315,0.36,0.23,42.52,20.4,20.3,52.2,36.4,77.4,2018
519,Ewha Womans University,15044,0.14,0.11,42.5,27.1,26.4,43.0,68.9,42.6,2018
520,Universidade Federal de São Paulo (UNIFESP),14475,0.09,0.01,42.48,35.8,16.9,41.2,34.0,24.6,2018
521,Federico Santa María Technical University,19265,0.3,0.02,42.46,14.6,10.7,64.8,40.0,51.7,2018
522,University of Ferrara,13902,0.08,0.07,42.43,21.2,10.2,69.6,34.2,44.8,2018
523,Fujita Health University,2810,0.03,0.0,42.41,24.2,7.7,74.5,35.2,17.3,2018
524,University of Granada,59539,0.18,0.14,42.39,22.5,19.2,46.8,32.8,50.1,2018
525,Harbin Institute of Technology,29395,0.1,0.09,42.37,34.4,31.9,31.4,99.0,31.6,2018
526,University of Hertfordshire,17330,0.17,0.28,42.35,18.2,11.9,54.0,32.6,79.0,2018
527,Indian Institute of Technology Delhi,7284,0.13,0.01,42.33,36.6,19.2,48.7,51.8,16.8,2018
528,Indian Institute of Technology Kanpur,6472,0.15,0.01,42.3,32.6,21.7,38.5,92.7,19.5,2018
529,Indian Institute of Technology Kharagpur,11016,0.18,0.0,42.28,32.6,29.5,43.3,73.7,16.8,2018
530,Indian Institute of Technology Roorkee,8240,0.14,0.01,42.26,30.2,18.1,56.1,69.9,16.0,2018
531,University of Ioannina,21672,0.42,0.04,42.24,19.2,14.9,68.1,36.5,42.7,2018
532,Johannes Kepler University of Linz,6449,0.11,0.1,42.22,26.3,15.3,49.8,53.7,59.9,2018
533,Keele University,7985,0.14,0.23,42.2,19.8,19.5,54.5,33.8,73.4,2018
534,Kent State University,23647,0.19,0.09,42.17,23.8,16.9,60.2,32.1,37.3,2018
535,King Fahd University of Petroleum and Minerals,6471,0.06,0.2,42.15,26.8,12.8,37.4,61.7,85.5,2018
536,King Saud University,34489,0.09,0.1,42.13,24.5,27.6,30.7,95.1,78.8,2018
537,Konkuk University,15229,0.28,0.12,42.11,33.1,32.5,23.3,39.4,40.5,2018
538,Lappeenranta-Lahti University of Technology LUT,3622,0.23,0.19,42.09,26.7,26.5,32.6,55.8,58.7,2018
539,Lehigh University,6476,0.11,0.16,42.07,24.7,19.9,54.5,36.6,40.5,2018
540,University of Limerick,13302,0.2,0.18,42.05,22.1,19.9,46.5,36.0,85.0,2018
541,Lincoln University,2455,0.04,0.34,42.03,29.1,16.1,41.8,36.6,83.7,2018
542,University of Lisbon,49682,0.19,0.1,42.01,24.0,22.6,53.2,36.8,49.4,2018
543,Liverpool John Moores University,18270,0.18,0.13,41.98,18.0,14.7,62.7,32.7,66.8,2018
544,University of Lorraine,55606,0.18,0.15,41.96,21.9,11.3,60.7,37.8,58.0,2018
545,Mahidol University,28996,0.1,0.03,41.94,27.1,16.0,43.4,60.0,45.0,2018
546,Masaryk University,34756,0.22,0.2,41.92,22.2,22.7,42.8,33.7,56.3,2018
547,Memorial University of Newfoundland,15116,0.13,0.15,41.9,19.1,16.1,55.9,49.5,58.3,2018
548,Missouri University of Science and Technology,8146,0.24,0.17,41.88,26.2,23.9,40.6,47.5,65.9,2018
549,Montana State University,14023,0.19,0.04,41.86,18.1,18.2,66.1,48.2,27.2,2018
550,Nantes Université,37231,0.25,0.1,41.84,20.2,19.3,55.7,36.2,46.8,2018
551,National and Kapodistrian University of Athens,60850,0.33,0.09,41.82,26.3,13.6,54.4,49.3,46.2,2018
552,National Cheng Kung University (NCKU),21337,0.14,0.11,41.8,28.3,38.2,28.3,99.8,31.9,2018
553,National Taiwan Normal University,10718,0.13,0.26,41.78,28.8,33.5,25.3,82.9,47.9,2018
554,New Jersey Institute of Technology,11423,0.21,0.18,41.76,19.7,14.7,59.7,34.2,55.4,2018
555,Northumbria University,22175,0.18,0.16,41.74,19.1,15.2,50.3,32.4,65.1,2018
556,NOVA University of Lisbon,19495,0.19,0.14,41.72,24.8,24.8,46.5,43.9,55.9,2018
557,Oklahoma State University,21677,0.22,0.06,41.7,27.5,22.4,42.5,36.1,29.8,2018
558,University of Palermo,43249,0.28,0.01,41.67,19.1,13.5,67.8,33.0,25.7,2018
559,Panthéon-Sorbonne University – Paris 1,40270,0.33,0.21,41.65,49.3,40.1,10.4,32.0,50.8,2018
560,Polytechnic University of Valencia,23471,0.1,0.11,41.63,24.0,25.4,44.4,43.5,43.6,2018
561,Pontificia Universidad Católica de Chile,27065,0.15,0.07,41.61,25.9,25.1,42.5,35.8,53.9,2018
562,Pontifical Javeriana University,28108,0.17,0.01,41.59,17.0,8.7,66.6,32.6,44.7,2018
563,University of Porto,31743,0.19,0.11,41.57,27.1,26.9,47.0,39.8,48.3,2018
564,University of Portsmouth,19095,0.16,0.27,41.55,19.1,14.3,57.1,32.1,83.1,2018
565,Université du Québec,54033,0.2,0.1,41.53,26.2,22.4,43.4,40.9,62.9,2018
566,Renmin University of China,25183,0.12,0.06,41.51,42.3,21.4,37.6,38.2,42.6,2018
567,University of Salento,19025,0.38,0.01,41.49,20.1,11.8,62.4,36.6,26.6,2018
568,University of Sassari,12194,0.2,0.01,41.47,20.9,13.1,61.0,34.1,35.8,2018
569,Sejong University,11884,0.16,0.06,41.45,25.5,18.5,50.2,35.0,33.2,2018
570,Shandong University,45900,0.15,0.05,41.43,35.4,30.9,29.5,69.7,22.7,2018
571,Université de Sherbrooke,14373,0.12,0.08,41.41,29.0,13.2,51.3,33.4,57.2,2018
572,"Soochow University, China",45109,0.16,0.05,41.39,21.1,17.7,61.6,68.4,22.5,2018
573,South China University of Technology,42076,0.16,0.02,41.37,22.5,24.1,48.3,65.9,22.5,2018
574,University of South Dakota,15624,0.32,0.03,41.35,30.9,14.0,56.4,33.6,24.1,2018
575,Southeast University,32464,0.12,0.05,41.33,29.7,32.9,33.2,92.7,21.7,2018
576,University of Split,20817,0.31,0.01,41.31,16.8,12.5,60.3,33.5,41.7,2018
577,Stevens Institute of Technology,5636,0.16,0.35,41.29,20.6,16.2,59.5,33.2,64.2,2018
578,University of the Sunshine Coast,8202,0.28,0.16,41.27,17.1,20.9,46.5,34.4,63.3,2018
579,Tampere University of Technology,5490,0.2,0.08,41.25,25.4,15.9,54.2,80.2,51.0,2018
580,University of Texas at Arlington,26325,0.25,0.14,41.23,20.8,16.4,51.5,37.7,41.3,2018
581,Texas Tech University,32486,0.22,0.09,41.22,31.0,18.4,39.5,33.1,42.5,2018
582,Tianjin University,30513,0.12,0.01,41.2,36.9,32.8,28.5,97.1,18.8,2018
583,Tokyo Metropolitan University,9263,0.1,0.04,41.18,22.7,13.3,57.8,34.0,24.8,2018
584,University of Toledo,18525,0.16,0.1,41.16,32.7,13.9,42.9,42.9,41.9,2018
585,Universiti Tunku Abdul Rahman (UTAR),18642,0.17,0.01,41.14,15.4,7.8,71.3,32.5,30.8,2018
586,University of Ulsan,13689,0.13,0.03,41.12,20.1,20.3,59.4,56.2,20.7,2018
587,Ulster University,18550,0.15,0.08,41.1,21.0,15.6,50.6,33.0,72.0,2018
588,United Arab Emirates University,7492,0.09,0.26,41.08,22.9,16.9,49.1,38.4,95.1,2018
589,University of Valencia,48725,0.15,0.09,41.06,21.9,18.4,56.2,34.4,42.2,2018
590,University of Warsaw,50026,0.14,0.09,41.04,25.9,18.3,47.1,32.4,44.6,2018
591,University of the West of Scotland,11160,0.2,0.13,41.02,14.9,10.9,68.2,32.4,61.4,2018
592,Xi’an Jiaotong University,32199,0.11,0.04,41.0,32.7,26.2,35.0,56.0,35.8,2018
593,University of the Aegean,12264,0.38,0.01,40.98,17.7,16.4,41.3,32.4,35.4,2018
594,AGH University of Science and Technology,32930,0.15,0.02,40.96,18.6,12.3,35.6,35.7,20.3,2018
595,The University of Aizu,1228,0.12,0.03,40.94,19.4,10.0,42.7,34.8,67.5,2018
596,University of Alcalá,18023,0.13,0.21,40.93,20.4,12.2,45.9,40.5,59.8,2018
597,University of Algarve,7643,0.12,0.11,40.91,19.5,11.2,42.3,33.2,56.9,2018
598,Aligarh Muslim University,17732,0.15,0.02,40.89,29.9,10.1,33.1,31.7,23.9,2018
599,American University in Cairo,6093,0.12,0.05,40.87,23.3,18.0,24.7,32.5,68.3,2018
600,American University of Sharjah,5778,0.15,0.84,40.85,15.5,12.5,22.7,35.4,96.2,2018
601,Amirkabir University of Technology,12815,0.23,0.01,40.83,27.4,27.2,35.3,74.4,16.8,2018
602,"University of the Andes, Colombia",16664,0.15,0.02,40.81,21.1,15.0,49.4,39.9,53.2,2018
603,Atılım University,7100,0.16,0.05,40.79,16.1,7.5,60.0,33.3,34.6,2018
604,Auburn University,23186,0.18,0.05,40.77,31.8,20.2,30.9,38.9,33.2,2018
605,Babeş-Bolyai University,37961,0.24,0.02,40.75,24.8,11.3,32.9,32.2,40.8,2018
606,Banaras Hindu University,24399,0.19,0.02,40.74,24.8,15.5,26.4,31.7,16.0,2018
607,University of the Basque Country,44028,0.15,0.06,40.72,21.0,14.8,51.4,34.8,40.8,2018
608,Baylor University,16736,0.17,0.05,40.7,30.7,16.7,39.2,33.1,27.1,2018
609,University of Bedfordshire,11365,0.19,0.32,40.68,17.6,12.0,24.5,32.0,71.8,2018
610,Beihang University,28884,0.14,0.06,40.66,27.1,30.6,21.0,99.1,24.2,2018
611,Beijing Institute of Technology,28174,0.13,0.07,40.64,29.2,28.5,16.5,93.9,22.1,2018
612,University of Beira Interior,6925,0.16,0.08,40.62,20.0,15.0,48.7,32.0,41.8,2018
613,Ben-Gurion University of the Negev,16568,0.2,0.03,40.6,24.6,26.4,34.7,42.7,35.5,2018
614,Beni-Suef University,69962,0.32,0.01,40.59,18.4,6.4,63.2,31.8,43.3,2018
615,Bournemouth University,12300,0.17,0.19,40.57,18.1,15.7,40.9,32.1,77.0,2018
616,University of Bradford,9635,0.17,0.3,40.55,19.2,14.5,26.7,34.6,81.4,2018
617,University of Brighton,16665,0.18,0.22,40.53,18.2,12.5,39.3,32.7,69.6,2018
618,University of Cagliari,29645,0.33,0.02,40.51,20.5,6.1,62.6,34.4,36.0,2018
619,Capital Medical University,12488,0.07,0.04,40.49,26.4,18.9,19.0,32.4,20.5,2018
620,Carlos III University of Madrid,16429,0.11,0.14,40.48,24.6,15.3,33.6,36.3,56.8,2018
621,University of Central Lancashire,16500,0.16,0.18,40.46,17.2,12.5,35.3,32.2,59.3,2018
622,Central South University,55707,0.17,0.01,40.44,23.6,23.7,26.8,68.4,16.6,2018
623,Chang Gung University,7540,0.12,0.02,40.42,22.1,25.5,29.9,41.7,19.1,2018
624,"University of Chemistry and Technology, Prague",4210,0.1,0.2,40.4,24.8,13.8,20.9,39.2,49.4,2018
625,Chiba University,14002,0.1,0.05,40.38,27.6,17.7,32.1,52.5,24.2,2018
626,University of Chile,38848,0.17,0.05,40.37,24.4,19.0,34.3,31.8,49.1,2018
627,China Agricultural University,18725,0.11,0.02,40.35,33.3,23.1,34.7,45.2,20.6,2018
628,"China University of Geosciences, Beijing",17840,0.18,0.01,40.33,27.7,14.5,41.8,50.7,20.6,2018
629,"China University of Geosciences, Wuhan",30585,0.2,0.03,40.31,21.6,15.2,33.5,48.0,21.8,2018
630,Chonnam National University,23984,0.14,0.03,40.29,20.8,14.5,31.1,36.9,24.1,2018
631,Chulalongkorn University,38734,0.15,0.03,40.28,27.0,14.9,18.4,73.3,34.8,2018
632,Comenius University in Bratislava,22857,0.11,0.11,40.26,22.6,11.9,25.3,31.8,49.1,2018
633,COMSATS University Islamabad,30126,0.1,0.0,40.24,17.5,7.4,56.8,31.8,44.3,2018
634,Coventry University,22735,0.14,0.45,40.22,18.6,10.1,28.7,32.3,82.0,2018
635,Czech Technical University in Prague,21266,0.13,0.16,40.2,20.2,17.3,28.5,39.3,45.3,2018
636,Dalian University of Technology,38678,0.17,0.02,40.19,23.3,21.3,32.6,82.9,23.1,2018
637,University of Dayton,10502,0.15,0.15,40.17,30.2,15.1,22.3,37.8,33.0,2018
638,University of Delhi,22107,0.23,0.01,40.15,40.2,17.6,23.1,31.9,18.4,2018
639,De Montfort University,15880,0.19,0.25,40.13,18.9,13.6,31.9,31.9,65.5,2018
640,Dublin Institute of Technology,14544,0.2,0.26,40.11,17.0,10.7,34.6,33.5,77.5,2018
641,East China University of Science and Technology,24207,0.17,0.06,40.1,20.9,17.2,45.9,83.8,30.6,2018
642,Eastern Mediterranean University,19069,0.32,0.84,40.08,18.0,16.3,36.1,79.5,80.9,2018
643,University of East London,11855,0.2,0.33,40.06,22.4,13.1,18.2,31.8,77.3,2018
644,École Centrale de Lyon,1871,0.15,0.22,40.04,29.2,15.0,33.9,71.4,61.9,2018
645,École normale supérieure Paris-Saclay,1631,0.1,0.15,40.03,31.3,10.6,42.2,45.0,55.3,2018
646,Edinburgh Napier University,10955,0.2,0.32,40.01,17.0,10.9,30.4,34.2,77.1,2018
647,Embry-Riddle Aeronautical University,15514,0.15,0.11,39.99,16.6,7.4,63.6,31.9,27.6,2018
648,Eötvös Loránd University,23558,0.15,0.07,39.97,21.1,12.6,42.2,32.4,47.0,2018
649,Universidade Estadual Paulista (Unesp),44059,0.13,0.03,39.96,33.7,21.6,12.7,33.1,22.2,2018
650,Universidade Federal do ABC (UFABC),12467,0.2,0.01,39.94,29.2,12.1,29.3,34.5,32.8,2018
651,Federal University of Itajubá,7559,0.15,0.01,39.92,29.5,20.4,11.8,100.0,19.6,2018
652,Federal University of Minas Gerais,45138,0.14,0.02,39.9,29.3,14.5,30.8,34.3,24.8,2018
653,Federal University of Rio de Janeiro,54989,0.14,0.02,39.89,30.2,19.8,23.2,40.5,28.3,2018
654,Universidade Federal do Rio Grande do Sul,39588,0.14,0.01,39.87,30.0,9.0,30.7,6.1,23.5,2018
655,Florida Atlantic University,17330,0.16,0.1,39.85,19.0,12.9,40.6,1.7,45.5,2018
656,Florida Institute of Technology,5343,0.15,0.35,39.83,22.4,12.7,26.1,34.7,59.7,2018
657,Fuzhou University,35901,0.18,0.01,39.82,17.5,10.2,54.0,42.1,20.0,2018
658,Gebze Technical University,5781,0.23,0.02,39.8,19.8,10.4,34.7,33.4,26.6,2018
659,Glasgow Caledonian University,13825,0.22,0.19,39.78,17.1,10.9,42.9,32.7,59.9,2018
660,University of Greenwich,14680,0.19,0.35,39.76,17.1,12.3,40.1,33.2,84.7,2018
661,Hacettepe University,39181,0.18,0.05,39.75,28.2,10.7,42.9,33.8,23.6,2018
662,University of Haifa,17917,0.31,0.02,39.73,24.9,30.0,34.3,33.8,35.9,2018
663,Hiroshima University,14769,0.08,0.06,39.71,29.7,19.6,39.0,48.9,26.8,2018
664,Huazhong Agricultural University,25619,0.18,0.01,39.7,26.8,12.9,48.0,39.8,18.5,2018
665,University of Huddersfield,15155,0.22,0.26,39.68,20.5,16.3,26.5,33.5,66.0,2018
666,Hunan University,42004,0.22,0.02,39.66,20.5,19.6,42.2,51.3,18.3,2018
667,Indian Institute of Technology Guwahati,5419,0.13,0.01,39.64,24.8,19.2,46.4,36.1,15.1,2018
668,Indian Institute of Technology (Indian School of Mines) Dhanbad,6692,0.25,0.01,39.63,22.8,11.9,43.1,49.7,13.2,2018
669,Indian Institute of Technology Madras,9033,0.15,0.0,39.61,36.9,22.1,29.2,71.5,18.2,2018
670,Inha University,19921,0.24,0.03,39.59,23.0,19.5,23.1,66.3,27.1,2018
671,Iran University of Science and Technology,13206,0.32,0.0,39.58,25.5,24.7,36.3,51.2,15.1,2018
672,ISCTE-University Institute of Lisbon,8699,0.23,0.12,39.56,24.6,24.7,17.5,33.5,46.6,2018
673,Isfahan University of Technology,9323,0.2,0.01,39.54,21.4,20.5,41.8,84.1,20.1,2018
674,Istanbul Technical University,36061,0.17,0.04,39.53,22.5,24.2,33.5,100.0,25.6,2018
675,Jadavpur University,11011,0.18,0.0,39.51,33.3,18.5,33.3,38.6,14.9,2018
676,University of Jaén,16894,0.2,0.08,39.49,16.7,11.7,39.8,34.2,32.2,2018
677,Jagiellonian University,42594,0.12,0.06,39.47,23.1,14.2,37.9,32.7,34.3,2018
678,Jeonbuk National University,23728,0.21,0.03,39.46,21.6,18.7,26.0,37.2,28.3,2018
679,University of Johannesburg,28122,0.27,0.07,39.44,19.3,23.5,36.3,42.7,55.6,2018
680,Juntendo University,4246,0.04,0.01,39.42,32.2,12.4,27.9,48.5,20.1,2018
681,Kagawa University,6453,0.1,0.02,39.41,21.6,11.1,33.1,36.9,27.9,2018
682,Kanazawa University,10464,0.1,0.05,39.39,27.4,16.7,31.7,33.8,21.5,2018
683,Kansas State University,22017,0.15,0.11,39.37,24.3,17.8,44.1,41.5,45.1,2018
684,Kaohsiung Medical University,6894,0.12,0.06,39.36,20.2,19.1,28.1,50.2,24.4,2018
685,Universiti Kebangsaan Malaysia,19353,0.12,0.12,39.34,30.5,21.4,11.0,34.1,39.1,2018
686,Keio University,34689,0.11,0.07,39.32,31.6,23.2,33.1,40.1,27.5,2018
687,King Mongkut’s University of Technology Thonburi,16413,0.22,0.01,39.31,18.0,10.6,42.3,98.0,30.1,2018
688,Kingston University,17340,0.22,0.36,39.29,18.8,15.6,26.4,32.2,80.2,2018
689,K.N. Toosi University of Technology,7079,0.23,0.0,39.28,19.4,18.5,27.0,47.4,16.7,2018
690,Kobe University,15751,0.08,0.07,39.26,30.3,19.3,26.5,38.9,24.8,2018
691,Kochi University,5584,0.08,0.01,39.24,20.1,9.4,36.0,37.6,25.8,2018
692,Kumamoto University,10214,0.08,0.06,39.23,24.8,13.6,24.9,43.8,26.4,2018
693,Kuwait University,37752,0.24,0.13,39.21,19.1,8.8,27.1,35.3,70.8,2018
694,Kyungpook National University,27162,0.18,0.04,39.19,22.1,19.6,22.9,39.0,24.5,2018
695,University of La Laguna,20248,0.14,0.04,39.18,18.1,9.7,57.5,32.4,46.6,2018
696,Leeds Beckett University,20120,0.21,0.14,39.16,16.8,11.1,39.5,32.2,46.8,2018
697,University of Lincoln,10875,0.16,0.16,39.14,17.0,12.1,30.1,32.8,65.5,2018
698,University of Ljubljana,42922,0.16,0.04,39.13,25.7,16.1,35.8,35.6,38.5,2018
699,Manchester Metropolitan University,26685,0.15,0.15,39.11,19.1,11.8,29.9,32.0,59.4,2018
700,University of Maribor,13197,0.15,0.04,39.09,18.9,15.3,49.0,39.2,36.7,2018
701,Marquette University,10664,0.12,0.05,39.08,35.1,12.7,30.0,34.6,22.0,2018
702,Middle East Technical University,26739,0.26,0.07,39.06,28.6,20.6,31.9,61.2,29.4,2018
703,University of Minho,18257,0.18,0.1,39.05,23.2,22.8,35.8,67.6,47.3,2018
704,Mississippi State University,38420,0.29,0.04,39.03,19.0,15.8,42.9,34.9,23.1,2018
705,Monterrey Institute of Technology,14003,0.17,0.13,39.01,24.3,14.8,31.9,80.1,65.4,2018
706,University of Murcia,30623,0.15,0.06,39.0,20.1,12.4,32.1,33.0,34.7,2018
707,Nagoya City University,4317,0.08,0.03,38.98,23.1,12.5,32.2,42.8,19.5,2018
708,Nanjing Agricultural University,26301,0.16,0.01,38.97,23.0,16.2,43.1,42.9,18.0,2018
709,Nanjing Medical University,12783,0.09,0.05,38.95,24.9,22.6,37.6,32.8,19.5,2018
710,Nanjing Normal University,26714,0.15,0.03,38.93,19.9,10.2,40.2,47.3,18.4,2018
711,Nanjing Tech University,30098,0.18,0.01,38.92,17.7,12.0,39.4,62.0,18.0,2018
712,National Autonomous University of Mexico,145024,0.12,0.06,38.9,34.4,29.4,19.4,57.3,39.3,2018
713,National Central University,10859,0.1,0.1,38.89,25.0,23.3,20.9,67.2,35.1,2018
714,National Chengchi University,15555,0.17,0.13,38.87,23.0,24.5,11.5,34.0,42.8,2018
715,National Institute of Applied Sciences of Lyon (INSA Lyon),6029,0.08,0.3,38.85,25.7,12.6,39.0,62.8,75.3,2018
716,National Institute of Technology Rourkela,5746,0.19,0.04,38.84,25.3,13.9,47.4,33.3,15.5,2018
717,National University of Sciences and Technology,10373,0.08,0.03,38.82,20.3,8.7,39.9,32.6,37.0,2018
718,National Sun Yat-Sen University,9013,0.16,0.05,38.81,24.4,28.1,26.4,46.8,27.9,2018
719,National Yang-Ming University,4255,0.05,0.02,38.79,37.8,18.0,37.7,34.8,18.6,2018
720,New Mexico State University (Main campus),13670,0.17,0.08,38.77,22.8,9.0,57.7,36.4,35.2,2018
721,University of North Carolina at Greensboro,17774,0.24,0.03,38.76,22.9,20.2,41.0,33.0,19.1,2018
722,Northeast Normal University,24802,0.16,0.01,38.74,22.7,5.8,51.2,33.5,16.4,2018
723,University of Northern British Columbia (UNBC),2752,0.11,0.1,38.73,20.2,13.1,34.6,36.6,38.9,2018
724,Northwestern Polytechnical University,26904,0.14,0.03,38.71,23.9,29.7,17.2,76.4,18.4,2018
725,Nottingham Trent University,23045,0.17,0.18,38.7,18.3,11.4,35.1,32.0,60.0,2018
726,Okayama University,13115,0.08,0.04,38.68,25.4,15.4,26.4,45.9,22.5,2018
727,Old Dominion University,19148,0.2,0.03,38.66,24.2,18.2,51.0,1.7,28.8,2018
728,Osaka City University,8386,0.09,0.04,38.65,25.2,13.9,26.0,38.7,22.4,2018
729,Otto von Guericke University of Magdeburg,14248,0.12,0.14,38.63,23.4,12.8,47.3,41.6,52.9,2018
730,University of Oviedo,23806,0.13,0.02,38.62,27.0,13.5,49.1,34.1,31.9,2018
731,Palacký University Olomouc,18332,0.11,0.1,38.6,19.3,12.2,45.0,32.5,54.6,2018
732,Panjab University,17046,0.23,0.01,38.59,27.1,8.6,55.5,31.8,16.0,2018
733,University of Patras,24989,0.34,0.05,38.57,19.1,12.4,37.2,45.1,35.7,2018
734,University of Pécs,16396,0.13,0.17,38.56,19.4,10.1,39.3,46.9,55.3,2018
735,University of the Philippines,51086,0.11,0.01,38.54,20.5,10.0,40.0,32.6,39.8,2018
736,Pontifical Catholic University of Peru,27013,0.17,0.03,38.52,15.4,5.2,40.6,31.7,51.3,2018
737,Pontifical Catholic University of Rio de Janeiro (PUC-Rio),15638,0.22,0.03,38.51,27.5,23.1,21.5,99.8,40.3,2018
738,Portland State University,21207,0.16,0.09,38.49,20.4,15.4,49.4,39.6,32.0,2018
739,University of Pretoria,36005,0.24,0.08,38.48,25.7,26.5,29.3,63.5,49.9,2018
740,Pusan National University,25464,0.2,0.11,38.46,27.1,27.9,28.8,63.1,34.9,2018
741,Universiti Putra Malaysia,25929,0.13,0.18,38.45,26.6,23.7,17.2,36.0,61.1,2018
742,University of Regina,12178,0.22,0.15,38.43,16.9,6.2,42.5,32.5,51.2,2018
743,University Rey Juan Carlos,33849,0.26,0.11,38.42,18.8,10.3,37.3,34.6,42.8,2018
744,Rochester Institute of Technology,13784,0.16,0.17,38.4,20.1,17.7,41.2,33.6,37.9,2018
745,University of Roehampton,7170,0.18,0.28,38.39,18.8,19.2,16.2,32.1,72.0,2018
746,Universiti Sains Malaysia,25975,0.13,0.08,38.37,32.2,17.7,15.0,38.4,45.8,2018
747,University of Salamanca,30943,0.18,0.14,38.36,24.8,13.7,35.5,33.5,47.7,2018
748,University of Salford,15790,0.17,0.26,38.34,21.2,14.3,22.0,32.6,69.9,2018
749,University of Santiago de Compostela,27573,0.16,0.08,38.32,20.9,15.0,48.2,35.2,44.2,2018
750,Savitribai Phule Pune University,6155,0.16,0.03,38.31,38.9,7.2,21.6,34.4,18.3,2018
751,University of Science and Technology Beijing,24384,0.16,0.03,38.29,25.6,22.2,16.0,60.1,17.4,2018
752,University of Seoul,8902,0.17,0.05,38.28,24.9,15.5,22.2,33.9,25.0,2018
753,University of Seville,54413,0.18,0.02,38.26,20.9,15.4,35.7,42.8,34.7,2018
754,Shanghai University,36461,0.14,0.05,38.25,20.6,15.9,25.5,45.7,23.5,2018
755,Shantou University,9857,0.12,0.0,38.23,18.6,10.5,38.3,34.2,33.6,2018
756,Sharif University of Technology,11228,0.18,0.0,38.22,25.5,26.5,36.7,96.4,19.6,2018
757,Sichuan University,60848,0.14,0.04,38.2,30.6,24.5,25.2,71.2,20.7,2018
758,Sogang University,9440,0.22,0.07,38.19,27.2,28.3,25.4,48.7,28.6,2018
759,University of Southern Queensland,11921,0.26,0.19,38.17,21.9,16.5,26.0,33.1,69.1,2018
760,University of South Wales,17330,0.17,0.19,38.16,16.5,9.0,38.5,32.3,61.1,2018
761,Suranaree University of Technology,14107,0.33,0.01,38.14,21.9,10.1,33.6,40.6,32.2,2018
762,University of Szeged,20864,0.13,0.12,38.13,20.4,10.8,34.0,35.4,51.7,2018
763,University of Tabriz,22421,0.3,0.0,38.11,25.0,14.6,35.2,41.2,16.0,2018
764,Taipei Medical University,5929,0.12,0.07,38.1,25.2,26.4,32.1,99.6,31.4,2018
765,Tallinn University of Technology,10921,0.21,0.1,38.08,17.9,11.8,34.9,45.5,50.7,2018
766,Technical University of Madrid,40371,0.14,0.12,38.07,23.8,13.6,34.8,43.0,45.0,2018
767,University of Technology of Compiègne,4321,0.15,0.24,38.05,23.0,9.5,41.6,38.1,79.1,2018
768,Teesside University,11095,0.18,0.12,38.04,16.5,9.3,38.6,32.0,48.0,2018
769,University of Tehran,59457,0.29,0.02,38.03,31.1,21.7,28.2,31.7,21.4,2018
770,Tehran University of Medical Sciences,12668,0.08,0.03,38.01,44.2,14.0,21.4,35.6,17.7,2018
771,Universiti Teknologi Malaysia,18214,0.1,0.14,38.0,31.1,20.4,22.7,38.6,51.1,2018
772,Universiti Teknologi Petronas,5875,0.15,0.22,37.98,22.4,23.4,16.1,87.5,63.6,2018
773,University of Texas at El Paso,16595,0.24,0.07,37.97,20.9,20.6,33.9,31.7,35.7,2018
774,Tezpur University,3611,0.14,0.0,37.95,31.4,26.1,36.6,31.9,13.2,2018
775,Tokyo University of Agriculture and Technology,5797,0.15,0.06,37.94,26.1,22.6,21.3,44.1,23.4,2018
776,Tokyo University of Science,19791,0.25,0.01,37.92,23.2,24.9,21.7,37.4,18.0,2018
777,University of Vigo,19472,0.17,0.06,37.91,19.4,12.2,32.2,35.7,40.3,2018
778,Vilnius University,17364,0.12,0.06,37.89,20.1,13.5,35.6,40.0,47.9,2018
779,Warsaw University of Technology,31101,0.13,0.05,37.88,19.9,9.8,44.1,36.2,23.4,2018
780,Waseda University,49840,0.16,0.08,37.86,31.0,22.1,31.3,35.6,34.2,2018
781,University of the West of England,20470,0.18,0.19,37.85,17.0,14.0,32.6,32.4,57.5,2018
782,University of the Western Cape,20382,0.32,0.09,37.83,18.8,17.6,35.9,33.3,60.8,2018
783,University of Westminster,17040,0.2,0.46,37.82,19.8,15.0,32.2,32.1,82.2,2018
784,University of Windsor,15227,0.19,0.17,37.81,19.3,15.0,26.6,34.9,50.8,2018
785,Yeungnam University,20532,0.15,0.04,37.79,19.1,11.7,37.3,39.4,32.2,2018
786,Yokohama City University,4889,0.04,0.02,37.78,26.2,6.5,37.8,37.5,19.1,2018
787,University of Zaragoza,29924,0.11,0.06,37.76,20.5,12.3,50.8,37.1,37.6,2018
788,University of Abou Bekr Belkaïd Tlemcen,42407,0.24,0.01,37.75,27.9,8.0,4.8,31.9,40.0,2018
789,University of A Coruña,15735,0.12,0.02,37.73,19.1,11.2,23.7,34.3,30.6,2018
790,"Adam Mickiewicz University, Poznań",40412,0.15,0.02,37.72,18.7,11.6,22.8,32.3,30.5,2018
791,"University of Agriculture, Faisalabad",19736,0.33,0.0,37.7,17.7,12.4,20.2,31.9,27.1,2018
792,Ain Shams University,131200,0.14,0.02,37.69,21.1,8.2,13.5,33.0,34.9,2018
793,Ajou University,11629,0.1,0.04,37.68,22.0,8.2,27.7,45.9,23.7,2018
794,Akdeniz University,33904,0.26,0.02,37.66,16.2,15.6,12.3,99.7,18.4,2018
795,Alexandria University,166350,0.27,0.04,37.65,16.8,7.9,23.9,33.4,44.5,2018
796,Alexandru Ioan Cuza University,23476,0.18,0.06,37.63,22.0,9.3,17.2,31.8,36.7,2018
797,University of Alicante,28005,0.2,0.07,37.62,18.5,11.8,26.5,34.1,38.3,2018
798,University of Almería,12315,0.18,0.07,37.6,18.0,11.2,25.3,33.9,33.8,2018
799,Amrita Vishwa Vidyapeetham,14233,0.12,0.13,37.59,21.6,9.5,17.0,52.5,47.0,2018
800,Andhra University,9632,0.19,0.03,37.58,33.6,8.8,4.3,35.4,16.3,2018
801,Universidad Andrés Bello (UNAB),44906,0.26,0.01,37.56,14.3,6.7,26.0,31.9,45.0,2018
802,Annamalai University,33028,0.16,0.02,37.55,22.8,7.7,17.1,32.0,7.9,2018
803,University of Antioquia,39524,0.23,0.0,37.53,18.1,21.7,17.5,38.7,38.8,2018
804,"Asia University, Taiwan",12514,0.31,0.02,37.52,16.6,21.2,19.8,51.4,23.9,2018
805,Assiut University,60170,0.33,0.01,37.5,20.0,6.8,15.2,1.1,43.9,2018
806,Austral University of Chile,14423,0.17,0.02,37.49,17.4,10.9,24.4,42.8,48.5,2018
807,Bandung Institute of Technology (ITB),16786,0.12,0.02,37.48,20.8,11.8,8.1,83.0,31.0,2018
808,Beijing Jiaotong University,24610,0.14,0.06,37.46,22.2,21.9,11.9,58.2,22.5,2018
809,"Birla Institute of Technology and Science, Pilani",12502,0.18,0.0,37.45,18.7,7.9,31.9,32.6,16.2,2018
810,University of Brasília,51179,0.19,0.02,37.43,23.4,12.4,19.1,31.7,31.2,2018
811,Brno University of Technology,22278,0.21,0.19,37.42,19.1,13.6,24.0,40.1,43.7,2018
812,University of Bucharest,31234,0.23,0.02,37.41,22.7,6.5,17.1,31.8,39.5,2018
813,Budapest University of Technology and Economics,20258,0.2,0.03,37.39,17.7,12.8,29.0,45.3,29.7,2018
814,Cairo University,252095,0.46,0.02,37.38,21.5,11.4,22.6,33.0,32.9,2018
815,University of Calcutta,18922,0.36,0.0,37.36,33.3,13.3,14.0,33.5,14.6,2018
816,"California Polytechnic State University, San Luis Obispo",18838,0.2,0.02,37.35,16.6,7.0,33.3,37.0,32.4,2018
817,University of Castilla-La Mancha,24174,0.14,0.05,37.34,18.1,10.4,28.7,33.7,33.3,2018
818,Catholic University of the North,11187,0.2,0.01,37.32,16.3,11.7,12.5,33.2,51.1,2018
819,Central University of Venezuela,48426,0.15,0.01,37.31,16.4,7.3,18.9,31.9,37.6,2018
820,University of Cergy-Pontoise,18125,0.09,0.15,37.29,19.4,9.3,20.8,35.1,63.2,2018
821,Chiang Mai University,35809,0.17,0.01,37.28,21.0,12.8,19.8,49.7,34.7,2018
822,China University of Mining and Technology,43095,0.18,0.01,37.27,20.0,15.0,15.9,57.9,14.8,2018
823,"China University of Petroleum, Beijing",15133,0.19,0.05,37.25,22.0,22.9,12.8,99.6,19.0,2018
824,Chongqing University,49391,0.18,0.03,37.24,19.2,17.8,20.8,58.8,19.0,2018
825,Chungnam National University,22674,0.22,0.03,37.23,23.2,18.3,13.1,43.9,21.9,2018
826,Chung Yuan Christian University,15769,0.32,0.09,37.21,16.8,23.9,15.0,42.2,28.5,2018
827,Chuo University,26870,0.38,0.03,37.2,26.4,8.8,18.4,34.4,21.2,2018
828,Cochin University of Science and Technology,8168,0.32,0.0,37.18,26.5,12.3,7.2,32.3,15.2,2018
829,University of Colombo,22826,0.32,0.0,37.17,25.0,7.9,12.9,0.6,38.2,2018
830,University of Concepción,26682,0.18,0.01,37.16,17.1,13.5,20.4,57.2,47.6,2018
831,Corvinus University of Budapest,13724,0.25,0.12,37.14,16.9,9.5,18.0,32.0,43.7,2018
832,University of Costa Rica,30436,0.1,0.02,37.13,18.2,6.9,19.1,0.6,48.2,2018
833,Czech University of Life Sciences Prague (CZU),17077,0.21,0.18,37.12,18.7,12.1,12.1,47.7,66.9,2018
834,University of Debrecen,27519,0.18,0.14,37.1,18.8,3.4,27.5,40.4,50.1,2018
835,Del Rosario University,8458,0.11,0.03,37.09,17.7,8.1,25.6,31.9,45.7,2018
836,University of Derby,12215,0.15,0.14,37.07,16.4,8.5,29.5,32.4,54.4,2018
837,Ehime University,9526,0.13,0.03,37.06,20.9,13.0,17.9,38.6,24.9,2018
838,The University of Electro-Communications,4982,0.17,0.05,37.05,20.4,19.8,17.1,36.3,27.0,2018
839,University of Electronic Science and Technology of China,34052,0.16,0.01,37.03,19.6,14.3,21.4,86.9,20.0,2018
840,Erciyes University,35263,0.25,0.02,37.02,17.0,11.0,21.8,71.2,20.8,2018
841,Universidade do Estado do Rio de Janeiro (UERJ),25811,0.1,0.0,37.01,21.4,9.9,12.8,40.4,19.7,2018
842,Universidade Federal do Ceará (UFC),34084,0.16,0.0,36.99,22.1,9.1,18.8,33.0,22.1,2018
843,Federal University of Pelotas,17882,0.14,0.01,36.98,18.3,8.1,35.0,1.1,19.7,2018
844,Federal University of Pernambuco,32408,0.13,0.01,36.97,23.2,9.1,14.6,47.0,20.4,2018
845,Federal University of Rio Grande do Norte (UFRN),42613,0.19,0.0,36.95,19.9,8.3,15.8,42.1,20.6,2018
846,Universidade Federal de Santa Catarina,34183,0.14,0.02,36.94,25.0,10.6,23.6,38.4,26.1,2018
847,Federal University of São Carlos,18145,0.14,0.02,36.93,25.5,12.0,15.9,32.3,22.4,2018
848,Feng Chia University,21014,0.25,0.12,36.91,17.1,15.9,25.0,37.6,32.2,2018
849,Ferdowsi University of Mashhad,23211,0.28,0.04,36.9,22.9,14.7,20.1,35.8,20.2,2018
850,University of La Frontera,10157,0.25,0.0,36.89,16.5,9.1,17.2,32.2,43.5,2018
851,Fu Jen Catholic University,23154,0.19,0.07,36.87,17.9,13.3,24.6,45.3,24.7,2018
852,Universitas Gadjah Mada,42398,0.12,0.01,36.86,18.9,10.4,18.1,60.6,38.9,2018
853,Gdańsk University of Technology,24230,0.2,0.01,36.85,16.6,9.5,28.6,37.4,19.1,2018
854,University of Ghana,39436,0.35,0.02,36.83,17.7,18.3,20.4,34.2,48.4,2018
855,Gifu University,7320,0.08,0.04,36.82,22.7,10.8,15.5,34.7,21.3,2018
856,Grigore T. Popa University of Medicine and Pharmacy,9710,0.12,0.29,36.81,20.1,7.1,9.9,32.0,51.2,2018
857,University of Guilan,16946,0.15,0.0,36.79,18.0,10.9,24.4,32.0,14.0,2018
858,Hallym University,8688,0.1,0.03,36.78,18.8,13.4,14.8,32.9,20.0,2018
859,Hamamatsu University School of Medicine,1198,0.04,0.02,36.77,27.5,6.0,21.2,37.2,17.4,2018
860,Hosei University,28937,0.38,0.02,36.75,17.0,8.0,30.4,32.5,23.2,2018
861,Huaqiao University,23442,0.15,0.15,36.74,16.0,9.0,19.6,38.8,45.3,2018
862,University of Ibadan,26783,0.16,0.01,36.73,25.9,11.4,7.4,40.3,32.0,2018
863,Imam Abdulrahman Bin Faisal University,22257,0.09,0.04,36.71,20.7,6.3,5.3,32.3,70.8,2018
864,University of Indonesia,42854,0.14,0.05,36.7,23.9,10.4,18.9,40.8,49.6,2018
865,University of Isfahan,12473,0.19,0.01,36.69,24.8,20.2,9.1,41.4,16.1,2018
866,I-Shou University,16705,0.31,0.11,36.67,16.1,14.4,15.5,49.0,28.7,2018
867,Istanbul University,96144,0.46,0.06,36.66,26.4,18.1,14.9,52.6,24.4,2018
868,Iwate University,5713,0.15,0.02,36.65,20.7,10.4,16.4,41.7,21.3,2018
869,Izmir Institute of Technology,4211,0.19,0.04,36.63,18.8,9.2,32.3,42.4,29.8,2018
870,Jamia Millia Islamia,16710,0.23,0.01,36.62,29.2,7.5,25.4,33.8,20.8,2018
871,Jiangsu University,32350,0.07,0.04,36.61,21.5,9.9,16.6,51.5,27.6,2018
872,The Jikei University School of Medicine,1020,0.01,0.04,36.59,25.5,8.6,28.3,35.1,18.6,2018
873,Jinan University,34016,0.15,0.25,36.58,21.4,13.8,19.1,37.2,44.1,2018
874,The University of Jordan,31278,0.16,0.14,36.57,19.3,9.1,11.5,34.8,62.8,2018
875,Kagoshima University,10577,0.1,0.03,36.56,21.2,10.9,20.4,38.6,20.8,2018
876,Kansai Medical University,829,0.01,0.02,36.54,26.9,7.0,28.4,32.2,16.8,2018
877,Kasetsart University,68505,0.23,0.01,36.53,18.4,10.7,10.5,40.4,36.3,2018
878,University of Kerala,9593,0.31,0.01,36.52,31.5,11.8,12.3,31.8,13.6,2018
879,Khon Kaen University,34661,0.19,0.02,36.5,19.8,9.3,16.9,53.5,30.9,2018
880,Kindai University,30609,0.13,0.02,36.49,15.6,9.4,35.4,37.0,20.4,2018
881,King Mongkut’s Institute of Technology Ladkrabang,23946,0.25,0.0,36.48,16.8,18.0,10.2,88.6,19.3,2018
882,Kitasato University,8555,0.06,0.0,36.47,23.5,8.8,19.6,43.3,15.7,2018
883,Kyoto Institute of Technology,4057,0.13,0.05,36.45,23.1,13.9,8.0,40.4,20.6,2018
884,Kyushu Institute of Technology (Kyutech),5793,0.16,0.04,36.44,20.2,11.9,18.2,46.4,24.8,2018
885,University of Latvia,12034,0.14,0.07,36.43,18.8,9.3,20.0,32.3,40.1,2018
886,London South Bank University,12270,0.17,0.35,36.41,16.4,8.9,12.1,32.7,69.7,2018
887,Mansoura University,109714,0.26,0.04,36.4,17.4,6.5,29.3,40.0,36.2,2018
888,Marmara University,78666,0.4,0.03,36.39,19.4,22.7,16.5,31.7,20.5,2018
889,University of Marrakech Cadi Ayyad,76560,0.52,0.01,36.38,18.1,7.2,25.0,34.1,41.6,2018
890,Meiji University,32270,0.29,0.04,36.36,16.3,10.0,18.1,53.3,22.0,2018
891,Metropolitan Autonomous University,57092,0.2,0.0,36.35,17.0,15.9,16.4,38.9,25.3,2018
892,Mie University,7298,0.13,0.02,36.34,21.6,13.1,16.4,47.5,19.3,2018
893,University of Miyazaki,5507,0.08,0.02,36.32,21.1,8.8,19.4,33.8,21.1,2018
894,Mohammed V University of Rabat,71147,0.32,0.04,36.31,24.4,7.9,20.0,37.8,30.0,2018
895,Nagaoka University of Technology,2341,0.1,0.12,36.3,23.0,12.8,11.3,39.1,32.0,2018
896,Nagasaki University,8881,0.07,0.03,36.29,24.9,12.3,19.2,35.3,25.7,2018
897,Nagoya Institute of Technology,5695,0.16,0.04,36.27,19.2,18.7,17.1,47.7,20.8,2018
898,University of Nairobi,84614,0.47,0.0,36.26,15.1,9.4,21.1,32.2,46.6,2018
899,Nara Medical University,1155,0.03,0.01,36.25,25.4,9.6,13.8,38.0,14.5,2018
900,National Chung Cheng University,10925,0.17,0.04,36.24,20.2,19.5,13.4,38.3,19.4,2018
901,National University of Colombia,51432,0.22,0.01,36.22,21.0,14.4,6.5,31.9,34.7,2018
902,National University of Córdoba,87926,0.22,0.01,36.21,18.3,8.6,20.2,5.0,30.9,2018
903,National Dong Hwa University,10174,0.18,0.07,36.2,18.3,13.7,21.2,60.8,32.0,2018
904,National University of Tainan,5996,0.25,0.03,36.18,20.6,15.8,26.1,35.3,15.5,2018
905,National Taipei University,8563,0.17,0.04,36.17,18.0,7.3,27.2,33.8,22.8,2018
906,National Taipei University of Technology,10288,0.17,0.05,36.16,19.0,18.3,19.9,89.6,20.9,2018
907,National Taiwan Ocean University,8609,0.22,0.07,36.15,19.1,22.3,18.6,52.5,23.5,2018
908,Nicolaus Copernicus University in Toruń,21497,0.1,0.02,36.13,19.2,8.9,20.9,32.9,24.2,2018
909,Niigata University,12522,0.08,0.04,36.12,22.7,10.7,25.6,36.2,23.5,2018
910,"Northeastern University, China",33348,0.15,0.04,36.11,21.7,22.7,9.2,98.9,24.3,2018
911,Northwest University,22167,0.15,0.02,36.1,19.4,11.6,31.8,38.2,16.4,2018
912,NorthWest A&F University,30722,0.17,0.01,36.08,20.6,11.2,25.8,40.0,20.5,2018
913,Oakland University,15401,0.19,0.03,36.07,19.6,12.3,26.0,32.8,25.2,2018
914,Ocean University of China,35410,0.19,0.01,36.06,21.0,13.6,26.1,50.9,18.8,2018
915,Osaka Prefecture University,7931,0.07,0.03,36.05,23.8,12.3,17.9,39.2,20.5,2018
916,Osmania University,12017,0.16,0.03,36.03,33.9,8.4,14.5,32.0,15.1,2018
917,University of Ostrava,10062,0.22,0.07,36.02,16.0,11.4,24.1,31.9,39.4,2018
918,University of Pardubice,8487,0.16,0.03,36.01,18.4,13.4,14.2,32.4,23.9,2018
919,Paris Nanterre University,33635,0.36,0.16,36.0,21.3,12.9,18.7,31.7,48.2,2018
920,Pondicherry University,6278,0.17,0.01,35.99,35.3,10.1,11.3,31.8,13.8,2018
921,Pontifical Catholic University of Rio Grande do Sul (PUCRS),20944,0.24,0.01,35.97,22.7,12.6,25.7,45.4,25.0,2018
922,Pontifical Catholic University of Valparaíso,14953,0.23,0.01,35.96,17.4,12.9,13.2,49.0,47.7,2018
923,Pontifícia Universidade Católica do Paraná,26022,0.23,0.01,35.95,17.1,8.6,27.7,34.5,23.0,2018
924,Prince of Songkla University,42751,0.18,0.01,35.94,16.4,8.1,20.3,34.0,32.2,2018
925,Riga Technical University,11119,0.27,0.09,35.92,18.3,11.3,14.8,39.0,32.7,2018
926,Ritsumeikan University,35228,0.14,0.04,35.91,18.6,9.0,13.9,32.7,31.8,2018
927,Robert Gordon University,9615,0.18,0.24,35.9,16.9,9.8,17.2,33.0,68.3,2018
928,Saga University,7015,0.1,0.03,35.89,21.1,11.3,17.8,48.1,22.3,2018
929,Saitama University,8808,0.14,0.05,35.87,19.0,11.7,24.9,33.0,27.7,2018
930,Saitama Medical University,1874,0.02,0.0,35.86,23.7,7.8,18.3,36.3,14.3,2018
931,"University of Santiago, Chile (USACH)",23401,0.21,0.01,35.85,17.4,10.0,12.1,32.4,40.9,2018
932,Seoul National University of Science and Technology (SeoulTech),12471,0.17,0.02,35.84,25.3,18.9,13.7,36.2,18.2,2018
933,Shaanxi Normal University,26388,0.14,0.03,35.83,18.3,9.6,29.5,36.2,18.2,2018
934,Shahid Beheshti University,17113,0.23,0.01,35.81,21.8,19.8,19.1,46.7,16.4,2018
935,University of Sharjah,13300,0.24,0.61,35.8,18.1,8.9,16.5,36.3,99.3,2018
936,Sheffield Hallam University,24625,0.16,0.14,35.79,18.3,10.8,24.9,32.1,48.8,2018
937,Shiga University of Medical Science,1134,0.03,0.02,35.78,24.8,9.4,27.7,40.9,21.0,2018
938,Shimane University,6122,0.08,0.02,35.76,21.8,10.0,12.6,34.4,18.2,2018
939,Shinshu University,10944,0.1,0.02,35.75,21.3,8.9,28.0,40.0,22.5,2018
940,Shiraz University,12879,0.19,0.01,35.74,22.9,20.5,18.4,45.3,16.6,2018
941,Shizuoka University,10032,0.14,0.03,35.73,19.1,12.5,11.4,36.1,24.3,2018
942,Showa University,3747,0.02,0.01,35.72,27.1,8.8,13.2,34.7,15.9,2018
943,University of Silesia in Katowice,26470,0.14,0.02,35.7,18.5,7.8,20.4,31.8,22.9,2018
944,Simón Bolívar University,9731,0.12,0.0,35.69,19.0,6.3,14.9,46.7,41.6,2018
945,Slovak University of Technology in Bratislava,15749,0.15,0.02,35.68,21.6,13.2,11.5,34.7,26.5,2018
946,Sophia University,12907,0.24,0.08,35.67,23.6,10.7,11.2,32.6,37.1,2018
947,University of South Africa,184432,0.9,0.12,35.66,18.3,10.8,13.5,32.3,37.5,2018
948,University of Southern Mississippi,13576,0.18,0.03,35.64,20.4,9.2,25.1,48.8,22.4,2018
949,South Valley University,52098,0.61,0.01,35.63,14.7,6.5,18.7,31.7,44.5,2018
950,Sri Venkateswara University,7663,0.14,0.0,35.62,34.0,9.4,20.2,32.5,18.5,2018
951,State University of Ponta Grossa,8219,0.09,0.01,35.61,20.1,17.8,13.2,31.7,15.5,2018
952,Suez Canal University,33846,0.13,0.01,35.6,18.2,7.0,31.9,0.5,45.4,2018
953,Sultan Qaboos University,7623,0.08,0.03,35.58,22.2,10.0,15.7,47.9,71.4,2018
954,University of Talca,10532,0.25,0.01,35.57,15.7,10.4,20.7,1.0,49.2,2018
955,Taras Shevchenko National University of Kyiv,22152,0.09,0.04,35.56,27.3,10.1,7.6,32.5,33.5,2018
956,Technical University of Košice,9714,0.12,0.03,35.55,21.4,12.4,23.5,41.9,19.5,2018
957,Universiti Tenaga Nasional (UNITEN),8231,0.22,0.07,35.54,17.1,11.7,28.6,73.4,30.7,2018
958,Texas State University,30054,0.2,0.01,35.52,21.2,12.0,25.2,32.6,17.5,2018
959,Thapar Institute of Engineering and Technology,5576,0.14,0.01,35.51,19.1,7.7,28.5,32.1,13.4,2018
960,TOBB University of Economics and Technology,5053,0.16,0.01,35.5,15.6,10.2,31.1,32.4,26.9,2018
961,Tokai University,30061,0.13,0.02,35.49,19.6,8.3,17.5,34.3,22.9,2018
962,Tokushima University,7543,0.09,0.03,35.48,23.7,18.1,16.0,55.8,20.4,2018
963,Tokyo University of Marine Science and Technology,2660,0.11,0.07,35.47,23.8,12.8,11.6,50.9,28.6,2018
964,Tomas Bata University in Zlín,9263,0.21,0.09,35.45,17.9,13.0,13.4,33.6,33.6,2018
965,University of Toyama,9326,0.11,0.04,35.44,20.5,11.6,17.2,39.9,26.2,2018
966,Toyohashi University of Technology (TUT),2350,0.1,0.07,35.43,21.1,16.7,16.1,46.1,24.2,2018
967,University of Valparaíso,15654,0.17,0.03,35.42,15.9,8.2,19.2,32.1,46.3,2018
968,VIT University,30473,0.18,0.03,35.41,17.8,8.9,24.5,33.0,22.6,2018
969,VSB - Technical University of Ostrava,18270,0.23,0.08,35.39,18.6,13.1,12.8,39.5,30.4,2018
970,University of West Bohemia,12991,0.19,0.03,35.38,18.5,11.8,13.6,35.7,26.4,2018
971,West University of Timişoara,13524,0.17,0.04,35.37,20.1,7.8,26.3,31.8,30.7,2018
972,University of Wrocław,23852,0.13,0.03,35.36,20.1,10.9,25.8,33.8,32.5,2018
973,Wuhan University of Technology,50876,0.15,0.03,35.35,19.0,11.2,22.9,54.8,19.0,2018
974,Xiangtan University,30810,0.21,0.01,35.34,15.3,10.6,35.6,36.2,15.9,2018
975,Xidian University,32722,0.17,0.02,35.32,19.7,13.9,16.4,75.8,16.5,2018
976,Yamagata University,8961,0.08,0.01,35.31,21.0,10.3,23.2,49.9,20.3,2018
977,Yamaguchi University,10639,0.11,0.04,35.3,21.8,9.3,12.6,38.9,22.3,2018
978,University of Yamanashi,4777,0.07,0.04,35.29,24.2,10.5,21.7,34.4,21.2,2018
979,Yıldız Technical University,35670,0.28,0.04,35.28,18.7,7.7,26.6,42.6,20.5,2018
980,Yokohama National University,9968,0.13,0.07,35.27,22.8,21.8,14.6,45.5,24.2,2018
981,Yuan Ze University,8652,0.21,0.06,35.25,18.8,15.0,25.9,47.1,22.6,2018
982,University of Zagreb,73465,0.17,0.01,35.24,21.0,11.1,20.3,41.6,28.5,2018
983,Akita University,5127,0.09,0.03,35.23,21.9,9.1,9.2,35.1,19.0,2018
984,Alzahra University,10637,0.31,0.0,35.22,18.0,9.2,14.3,33.3,13.8,2018
985,Amity University,25607,0.15,0.04,35.21,16.7,7.6,13.2,32.7,17.9,2018
986,Anadolu University,1824383,8.65,0.01,35.2,13.8,9.7,15.5,32.3,15.9,2018
987,"University of the Andes, Venezuela",52972,0.21,0.0,35.19,16.4,7.5,11.3,31.7,43.2,2018
988,Ankara University,65703,0.17,0.04,35.17,18.9,8.9,11.4,32.4,20.8,2018
989,Universidad Autónoma del Estado de Hidalgo,32210,0.18,0.0,35.16,17.0,7.0,3.0,33.8,21.2,2018
990,Universidad Autónoma del Estado de Mexico (UAEMex),55667,0.22,0.0,35.15,16.4,7.7,8.8,32.0,25.0,2018
991,Universidad Autónoma de Nuevo León (UANL),96916,0.26,0.01,35.14,14.9,6.8,11.3,32.7,29.1,2018
992,Universidad Autónoma de Yucatán,12208,0.12,0.0,35.13,15.6,8.3,15.1,32.8,28.5,2018
993,Autonomous University of Baja California,59539,0.2,0.02,35.12,14.7,7.8,5.5,32.6,29.4,2018
994,Bahauddin Zakariya University,24069,0.33,0.0,35.1,14.9,10.4,18.2,0.1,28.8,2018
995,Benemérita Universidad Autónoma de Puebla,70345,0.35,0.0,35.09,15.5,7.2,11.6,34.6,28.5,2018
996,University of Birjand,11284,0.34,0.01,35.08,15.5,7.6,8.7,32.0,14.6,2018
997,Chaoyang University of Technology,17235,0.43,0.07,35.07,13.5,11.2,6.1,39.7,20.6,2018
998,Chiba Institute of Technology,9668,0.31,0.01,35.06,15.0,8.2,7.4,34.0,15.6,2018
999,University of Dhaka,63010,0.07,0.05,35.05,20.4,6.8,9.0,31.7,41.9,2018
1000,Dokuz Eylül University,58134,0.18,0.02,35.04,16.1,7.6,14.5,32.8,16.9,2018
1001,Doshisha University,29220,0.24,0.03,35.02,16.4,6.4,6.2,33.4,24.2,2018
1002,Universidade Estadual de Maringá,23341,0.14,0.01,35.01,18.8,9.3,6.0,32.0,15.2,2018
1003,Universidade Estadual do Oeste do Paraná (Unioeste),10791,0.05,0.0,35.0,22.4,4.6,2.4,31.9,13.6,2018
1004,Federal University of Goiás,27514,0.1,0.0,34.99,18.7,7.3,13.6,31.7,17.6,2018
1005,Federal University of Lavras,12168,0.18,0.01,34.98,25.1,11.3,7.0,33.7,17.1,2018
1006,Universidade Federal de Ouro Preto (UFOP),15380,0.16,0.0,34.97,16.6,5.5,18.0,32.4,19.5,2018
1007,Universidade Federal do Paraná (UFPR),33820,0.14,0.01,34.96,19.6,5.3,9.2,31.7,20.4,2018
1008,Federal University of Santa Maria,25751,0.14,0.0,34.95,22.3,5.1,9.3,33.3,15.8,2018
1009,Federal University of Viçosa,16752,0.14,0.03,34.93,25.8,7.4,8.7,50.3,19.1,2018
1010,Fluminense Federal University,61662,0.18,0.0,34.92,17.8,8.6,12.2,32.0,24.1,2018
1011,University of Fukui,4980,0.09,0.04,34.91,20.5,10.2,8.4,37.2,20.3,2018
1012,Gazi University,78021,0.28,0.03,34.9,18.8,9.1,11.2,36.2,15.7,2018
1013,"G.B. Pant University of Agriculture & Technology, Pantnagar",4567,0.08,0.0,34.89,22.3,7.3,2.2,32.3,12.5,2018
1014,University of Gdańsk,28397,0.17,0.01,34.88,17.5,9.3,14.8,32.2,28.8,2018
1015,GITAM University,14822,0.16,0.01,34.87,16.0,6.7,9.6,31.9,13.7,2018
1016,Government College University Lahore,8526,0.19,0.01,34.86,17.5,7.9,4.0,0.0,35.3,2018
1017,University of Guadalajara,118665,0.54,0.0,34.84,16.8,3.0,8.4,31.7,28.9,2018
1018,Guangxi University,33970,0.16,0.05,34.83,16.0,8.8,9.1,35.6,19.3,2018
1019,The Hashemite University,24958,0.26,0.04,34.82,11.1,7.9,9.7,31.7,46.1,2018
1020,University of Hyogo,6682,0.14,0.02,34.81,17.1,11.6,10.2,38.1,16.9,2018
1021,Ibaraki University,8113,0.14,0.03,34.8,17.4,5.4,11.2,36.1,22.6,2018
1022,Instituto Politécnico Nacional (IPN),173868,0.1,0.0,34.79,19.9,8.8,9.7,32.9,21.2,2018
1023,IPB University,22718,0.16,0.01,34.78,18.4,8.7,8.9,68.2,36.6,2018
1024,Ivane Javakhishvili Tbilisi State University,21866,0.28,0.02,34.77,16.2,8.7,2.7,32.2,40.9,2018
1025,Ivan Franko National University of Lviv,18632,0.11,0.01,34.76,20.2,3.1,3.7,1.4,36.4,2018
1026,Jawaharlal Nehru Technological University Anantapur (JNTUA),4621,0.14,0.0,34.74,23.6,9.7,5.3,32.5,12.7,2018
1027,Kanagawa University,18467,0.39,0.03,34.73,15.0,8.6,14.3,31.7,24.0,2018
1028,Kansai University,30211,0.12,0.02,34.72,23.8,7.3,5.9,32.9,21.2,2018
1029,Kaunas University of Technology,10439,0.14,0.06,34.71,18.1,11.7,3.3,35.7,23.7,2018
1030,King Mongkut's University of Technology North Bangkok,25640,0.24,0.0,34.7,18.4,7.6,13.8,33.0,21.2,2018
1031,Kogakuin University,6506,0.2,0.01,34.69,17.0,8.2,9.5,37.7,18.3,2018
1032,Kwansei Gakuin University,24410,0.15,0.04,34.68,16.2,7.1,7.0,32.4,25.0,2018
1033,University of Lahore,27872,0.16,0.02,34.67,15.0,7.0,14.1,31.7,34.2,2018
1034,University of Łódź,35088,0.16,0.03,34.66,17.4,9.5,13.8,31.9,23.0,2018
1035,Lodz University of Technology,19984,0.15,0.02,34.64,17.0,10.4,12.8,36.4,19.4,2018
1036,Londrina State University,16461,0.1,0.0,34.63,23.8,9.4,10.6,31.8,16.3,2018
1037,Lviv Polytechnic National University,28691,0.12,0.01,34.62,18.2,7.6,3.7,31.8,25.0,2018
1038,Maharaja Sayajirao University of Baroda,29624,0.29,0.0,34.61,14.5,7.5,13.6,32.2,13.3,2018
1039,Manipal Academy of Higher Education,24705,0.1,0.09,34.6,20.7,9.4,3.5,31.9,25.6,2018
1040,Meijo University,15485,0.32,0.02,34.59,15.4,8.1,10.2,33.1,21.8,2018
1041,Ming Chuan University,18843,0.22,0.11,34.58,15.3,10.2,7.7,32.4,27.0,2018
1042,University of Monastir,23637,0.12,0.01,34.57,17.5,7.3,9.6,31.7,40.9,2018
1043,University of Mysore,8535,0.2,0.09,34.56,28.5,7.7,2.9,31.9,28.4,2018
1044,National Chiayi University,12750,0.27,0.04,34.55,14.6,11.0,7.8,65.0,16.6,2018
1045,National University of Kaohsiung,5416,0.23,0.03,34.54,15.1,15.9,8.9,35.8,21.7,2018
1046,National Technical University of Ukraine – Igor Sikorsky Kyiv Polytechnic Institute,21601,0.08,0.01,34.52,22.0,8.2,1.9,32.6,18.2,2018
1047,Oita University,5793,0.07,0.02,34.51,21.0,7.6,11.8,33.5,17.8,2018
1048,Ondokuz Mayis University,42911,0.19,0.04,34.5,16.7,7.3,4.3,33.2,16.8,2018
1049,University of Peshawar,7900,0.15,0.01,34.49,23.4,7.5,6.8,31.7,27.8,2018
1050,PMAS Arid Agriculture University Rawalpindi,9957,0.4,0.0,34.48,17.9,9.0,9.8,31.7,28.3,2018
1051,PSG College of Technology,8490,0.15,0.0,34.47,16.6,8.4,7.2,32.2,12.8,2018
1052,SASTRA University,13147,0.19,0.0,34.46,16.2,8.2,15.0,32.4,12.6,2018
1053,Sathyabama Institute of Science and Technology,17861,0.22,0.01,34.45,17.0,7.9,2.1,32.2,13.3,2018
1054,Shanghai Maritime University,23552,0.19,0.03,34.44,15.2,8.1,16.8,33.8,28.8,2018
1055,Shibaura Institute of Technology,9911,0.18,0.04,34.43,17.1,8.5,8.4,35.1,20.6,2018
1056,Sidi Mohamed Ben Abdellah University,82558,0.58,0.02,34.42,25.6,6.3,9.7,31.8,22.0,2018
1057,Sofia University,23956,0.14,0.04,34.41,19.6,8.6,9.0,33.0,39.2,2018
1058,Southwest Jiaotong University,40819,0.15,0.02,34.39,18.6,12.0,9.0,76.0,20.2,2018
1059,SRM Institute of Science and Technology,42886,0.15,0.02,34.38,16.4,7.3,8.9,31.9,15.9,2018
1060,Tamil Nadu Agricultural University,5780,0.07,0.0,34.37,24.9,8.8,2.8,35.3,14.8,2018
1061,Tamkang University,27060,0.24,0.06,34.36,16.0,11.1,9.3,33.5,25.0,2018
1062,Technical University of Liberec,6129,0.12,0.09,34.35,18.5,10.2,4.7,37.1,30.9,2018
1063,Tokyo City University,7904,0.16,0.01,34.34,18.5,9.6,11.5,39.3,18.4,2018
1064,Tokyo Denki University,9400,0.26,0.02,34.33,15.5,7.9,2.9,0.6,17.0,2018
1065,Tottori University,6165,0.08,0.02,34.32,22.4,8.1,10.8,32.8,18.3,2018
1066,Toyo University,30142,0.34,0.01,34.31,15.7,9.3,8.1,32.7,21.2,2018
1067,University of Tunis El Manar,30301,0.17,0.01,34.3,22.7,9.3,7.3,32.1,38.3,2018
1068,Unisinos University,14412,0.21,0.01,34.29,23.0,12.0,5.6,33.2,17.9,2018
1069,Universiti Utara Malaysia,14315,0.13,0.18,34.28,24.2,10.3,2.9,32.2,45.3,2018
1070,Utsunomiya University,4928,0.14,0.04,34.27,18.5,9.2,7.2,33.2,22.0,2018
1071,"University of Veterinary and Animal Sciences, Lahore",5003,0.29,0.0,34.26,15.7,9.1,4.4,35.1,29.3,2018
1072,V.N. Karazin Kharkiv National University,16067,0.1,0.27,34.25,21.3,7.9,3.1,32.0,51.4,2018
1073,Yazd University,13600,0.24,0.0,34.23,14.6,9.9,14.8,0.4,15.5,2018
1074,Yeditepe University,23260,0.25,0.01,34.22,15.4,8.0,9.7,0.2,23.4,2018
1075,University of Zanjan,10305,0.26,0.0,34.21,16.2,9.4,15.7,38.3,17.3,2018
