rank,name,number_students,student_staff_ratio,intl_students,overall_score,teaching_score,research_score,citations_score,industry_income_score,international_outlook_score,year
1,University of Oxford,19720,0.11,0.35,95,89.6,99.1,99.2,62.5,94.5,2017
2,California Institute of Technology,2181,0.07,0.27,94.3,95.5,95.7,99.8,90.8,63.4,2017
3,Stanford University,15658,0.08,0.22,93.8,92.6,95.9,99.9,60.9,76.5,2017
4,University of Cambridge,18605,0.11,0.35,93.6,90.6,97.2,96.8,50.4,92.4,2017
5,Massachusetts Institute of Technology,11192,0.09,0.33,93.4,90.3,92.3,99.9,88.4,85.6,2017
6,Harvard University,19890,0.09,0.25,92.7,87.5,98.3,99.7,47.3,77.9,2017
7,Princeton University,7925,0.08,0.23,90.2,89.5,88.4,99.2,49.9,77.2,2017
8,Imperial College London,15235,0.11,0.52,90,86.4,86.6,97.3,67.5,96.5,2017
9,ETH Zurich,18616,0.15,0.37,89.3,81.5,93.7,92.5,63.7,98.1,2017
10,"University of California, Berkeley",34834,0.12,0.16,88.9,82.4,96.1,99.8,37.6,59.6,2017
11,The University of Chicago,13486,0.06,0.24,88.9,88.1,89.1,99.1,37.7,67.8,2017
12,Yale University,11946,0.04,0.21,88.2,88.5,87.8,97.8,44.5,64.3,2017
13,University of Pennsylvania,20367,0.06,0.2,87.1,85.9,88.9,98.6,49.9,50.1,2017
14,"University of California, Los Angeles",38392,0.1,0.16,86.6,82.9,89.0,98.4,47.1,58.0,2017
15,UCL,28600,0.11,0.47,86.5,77.4,90.0,94.0,41.9,94.3,2017
16,Columbia University,25659,0.06,0.3,86.1,86.9,78.9,98.6,44.9,75.3,2017
17,Johns Hopkins University,15303,0.04,0.24,85.9,77.4,84.3,98.4,100.0,71.1,2017
18,Duke University,15204,0.05,0.17,84.7,80.7,80.0,98.8,100.0,58.2,2017
19,Cornell University,21593,0.1,0.19,84.6,79.7,86.5,97.2,36.0,62.2,2017
20,Northwestern University,18570,0.14,0.16,83.7,75.8,85.0,97.0,85.8,56.1,2017
21,University of Michigan-Ann Arbor,41912,0.09,0.16,83.6,79.4,86.1,95.8,43.9,54.6,2017
22,University of Toronto,68093,0.19,0.16,83,74.6,86.3,91.9,48.8,78.3,2017
23,Carnegie Mellon University,12311,0.13,0.38,81.8,70.2,84.0,99.3,51.8,59.6,2017
24,National University of Singapore,31111,0.17,0.32,81.7,76.7,86.9,79.7,61.3,96.0,2017
25,London School of Economics and Political Science,9400,0.12,0.7,80.2,70.8,74.7,96.3,34.8,91.0,2017
26,University of Washington,45162,0.12,0.15,80.2,70.2,80.4,98.8,49.8,55.0,2017
27,University of Edinburgh,25280,0.12,0.37,79.2,67.5,74.7,96.0,35.0,91.5,2017
28,Karolinska Institute,7723,0.11,0.23,77.6,62.1,76.0,95.9,72.1,74.2,2017
29,Peking University,42977,0.09,0.15,77.2,84.6,80.3,71.6,100.0,50.3,2017
30,LMU Munich,36180,0.16,0.14,76.8,70.5,73.4,87.4,100.0,65.4,2017
31,École Polytechnique Fédérale de Lausanne,9750,0.11,0.54,76.8,62.9,66.1,96.5,69.8,98.6,2017
32,New York University,43021,0.07,0.25,76.7,75.1,68.8,95.3,33.6,54.3,2017
33,Georgia Institute of Technology,19847,0.2,0.26,76.3,60.8,79.2,90.8,62.3,72.8,2017
34,University of Melbourne,42273,0.25,0.37,76.3,65.4,73.6,88.1,63.7,88.3,2017
35,Tsinghua University,41537,0.14,0.1,76.2,78.9,89.6,67.4,99.7,39.4,2017
36,University of British Columbia,51889,0.18,0.29,75.9,61.2,72.5,92.9,41.1,92.0,2017
37,University of Illinois at Urbana-Champaign,43202,0.18,0.22,75.9,65.6,81.4,89.3,50.3,49.7,2017
38,King’s College London,21985,0.11,0.38,75.9,61.5,71.0,93.5,42.5,93.8,2017
39,The University of Tokyo,26080,0.07,0.1,74.1,83.4,89.2,62.4,53.4,30.6,2017
40,KU Leuven,46381,0.42,0.16,73.8,57.0,73.7,90.1,99.8,67.4,2017
41,"University of California, San Diego",28416,0.07,0.14,73.2,61.2,66.2,98.9,67.3,47.7,2017
42,McGill University,30911,0.14,0.24,73.1,66.4,70.3,81.8,41.9,86.4,2017
43,Universität Heidelberg,29527,0.25,0.17,73,66.7,65.0,90.8,60.0,62.7,2017
44,University of Hong Kong,20095,0.18,0.39,73,66.5,74.5,73.2,52.9,99.4,2017
45,University of Wisconsin-Madison,40048,0.11,0.12,72.6,68.2,71.4,87.9,47.4,42.0,2017
46,Technical University of Munich,36929,0.52,0.22,71.6,61.0,70.5,82.0,100.0,66.6,2017
47,Australian National University,15402,0.2,0.35,71.3,54.0,73.9,81.7,53.5,93.9,2017
48,"University of California, Santa Barbara",22267,0.27,0.12,71.2,52.2,62.6,99.2,87.6,63.3,2017
49,The Hong Kong University of Science and Technology,11960,0.27,0.38,71.1,53.2,66.7,91.2,62.0,82.8,2017
50,University of Texas at Austin,48689,0.17,0.1,70.8,63.9,65.9,93.0,51.3,35.7,2017
51,Brown University,8694,0.1,0.2,70.4,66.3,54.4,96.7,33.9,58.0,2017
52,"University of California, Davis",36060,0.14,0.15,70.4,61.4,67.3,86.6,50.0,61.2,2017
53,University of Minnesota,46625,0.18,0.13,70.3,60.3,69.8,87.0,94.2,38.2,2017
54,"Nanyang Technological University, Singapore",25278,0.16,0.32,70,50.6,60.2,90.7,93.5,95.7,2017
55,University of Manchester,34015,0.14,0.36,69.7,58.2,66.3,82.3,45.1,87.0,2017
56,University of North Carolina at Chapel Hill,26412,0.08,0.08,69.3,61.9,59.6,96.1,41.0,40.0,2017
57,Humboldt University of Berlin,31043,0.55,0.17,69.2,62.5,69.0,79.9,39.4,64.4,2017
58,Washington University in St Louis,12528,0.06,0.17,69.2,60.7,56.2,99.1,36.9,45.5,2017
59,Delft University of Technology,16174,0.19,0.25,67.9,56.2,72.9,67.3,99.9,85.9,2017
60,The University of Queensland,38892,0.35,0.25,67.2,49.7,60.1,86.1,70.6,88.6,2017
61,University of Southern California,38466,0.14,0.23,67.2,50.5,60.0,94.7,39.4,62.7,2017
62,The University of Sydney,42678,0.19,0.29,67.2,51.3,63.2,83.2,63.9,83.7,2017
63,University of Amsterdam,25344,0.14,0.1,67.1,49.4,62.0,90.3,54.6,69.3,2017
64,Boston University,24714,0.08,0.19,66.9,60.2,48.5,97.7,34.4,54.6,2017
65,Wageningen University & Research,9535,0.16,0.23,66.6,51.8,50.1,92.8,100.0,75.6,2017
66,École Normale Supérieure,1548,0.1,0.18,65.8,59.8,52.3,85.8,40.0,72.2,2017
67,"University of Maryland, College Park",31353,0.17,0.09,65.3,51.0,63.2,91.1,38.5,36.7,2017
68,Penn State (Main campus),45359,0.12,0.13,65,55.6,63.3,82.9,51.9,42.7,2017
69,Erasmus University Rotterdam,21854,0.21,0.19,64.6,38.8,56.8,95.6,57.7,77.1,2017
70,Purdue University West Lafayette,38788,0.18,0.22,64.5,57.2,66.8,69.0,62.5,67.7,2017
71,University of Bristol,18545,0.14,0.25,64.4,45.9,51.7,92.7,40.9,83.2,2017
72,Ohio State University (Main campus),52497,0.13,0.12,64.2,57.0,53.1,86.2,50.6,54.6,2017
73,Seoul National University,26777,0.13,0.11,64.2,70.2,69.8,58.8,85.2,32.4,2017
74,Monash University,44217,0.34,0.25,64,49.5,57.4,78.5,76.0,87.1,2017
75,Free University of Berlin,32909,0.54,0.21,63.7,58.1,67.3,66.9,38.9,67.2,2017
76,Chinese University of Hong Kong,18433,0.1,0.27,63.6,52.2,60.4,74.6,44.7,84.0,2017
77,Leiden University,23597,0.18,0.11,63.3,46.1,57.9,86.1,47.3,68.1,2017
78,UNSW Sydney,39121,0.26,0.32,63,43.2,58.6,81.4,49.7,91.0,2017
79,RWTH Aachen University,42298,0.55,0.17,63,53.3,63.7,71.3,99.4,53.4,2017
80,University of Groningen,25281,0.24,0.13,62.2,41.9,55.1,87.1,79.9,66.4,2017
81,University of Pittsburgh-Pittsburgh campus,26501,0.06,0.1,62.2,49.2,51.9,94.2,39.6,35.4,2017
82,Dartmouth College,6109,0.07,0.15,62,58.6,41.1,94.2,39.9,37.9,2017
83,Emory University,12649,0.04,0.19,62,52.9,39.7,97.4,43.2,52.7,2017
84,Technical University of Berlin,20548,0.6,0.19,62,49.8,59.3,74.3,98.0,60.8,2017
85,University of Warwick,18560,0.15,0.38,62,46.8,52.6,80.9,40.8,91.4,2017
86,Utrecht University,31142,0.16,0.07,61.9,46.1,48.5,90.7,80.7,57.6,2017
87,Rice University,6447,0.09,0.27,61.7,46.9,38.7,99.1,43.4,69.5,2017
88,University of Glasgow,22855,0.15,0.32,61.4,40.6,47.8,90.6,39.4,88.6,2017
89,Korea Advanced Institute of Science and Technology (KAIST),9327,0.1,0.09,61.3,55.7,53.2,78.5,100.0,34.3,2017
90,University of Tübingen,28074,0.37,0.11,61.3,46.0,56.2,82.9,56.3,57.8,2017
91,University of Helsinki,23369,0.17,0.06,61.2,47.0,57.6,83.5,34.9,52.2,2017
92,Kyoto University,22547,0.06,0.07,61.2,70.2,70.1,50.4,75.1,28.0,2017
93,Uppsala University,25275,0.17,0.12,61.1,43.0,57.1,85.2,40.4,59.9,2017
94,Maastricht University,16030,0.18,0.47,61,39.2,48.6,84.4,85.7,96.0,2017
95,University of Freiburg,25890,0.34,0.16,60.9,45.9,49.9,83.6,100.0,61.1,2017
96,Durham University,15705,0.15,0.26,60.6,43.0,49.0,85.0,37.4,87.0,2017
97,Lund University,28852,0.12,0.15,60.6,41.3,53.1,83.2,68.5,74.6,2017
98,Aarhus University,24633,0.14,0.14,60.3,39.0,54.7,83.0,65.4,75.7,2017
99,University of Basel,12560,0.17,0.24,60.3,40.1,36.8,92.4,99.3,94.4,2017
100,"University of California, Irvine",29304,0.17,0.18,60.3,42.5,45.0,94.1,45.5,62.3,2017
101,Michigan State University,45297,0.16,0.16,59.9,51.6,48.9,81.1,38.5,58.8,2017
102,University of Mannheim,10808,0.84,0.14,59.8,39.1,51.3,88.3,76.4,57.7,2017
103,University of Montreal,37651,0.2,0.24,59.7,46.8,47.8,77.4,67.7,85.0,2017
104,Georgetown University,15726,0.09,0.15,59.6,56.7,39.3,84.6,74.4,47.3,2017
105,Pohang University of Science and Technology (POSTECH),3017,0.1,0.04,59.6,53.8,48.7,79.2,99.6,34.2,2017
106,University of Zurich,26042,0.06,0.18,59.5,46.4,38.5,87.5,44.2,89.3,2017
107,University of Alberta,33159,0.21,0.24,59.4,49.5,53.0,69.9,61.3,82.7,2017
108,Vanderbilt University,12161,0.03,0.09,59.3,50.1,37.3,96.7,73.5,29.8,2017
109,University of Sheffield,23960,0.15,0.33,59.1,42.3,47.6,82.7,44.7,83.1,2017
110,University of Bern,14651,0.23,0.14,58.9,43.2,43.0,82.8,75.5,83.8,2017
111,University of St Andrews,8455,0.12,0.46,58.9,45.2,44.3,80.3,33.7,94.3,2017
112,University of Göttingen,26549,0.26,0.12,58.8,49.7,48.0,81.1,34.8,56.6,2017
113,University of Bonn,33939,0.73,0.13,58.7,47.2,40.8,88.3,37.3,64.6,2017
114,McMaster University,23943,0.2,0.16,58.7,43.5,45.4,82.3,66.1,76.2,2017
115,Queen Mary University of London,14500,0.13,0.42,58.7,34.0,39.7,95.1,40.0,94.3,2017
116,University of Colorado Boulder,29741,0.16,0.09,58.6,42.5,43.7,96.1,38.0,39.4,2017
117,École Polytechnique,2669,0.05,0.31,58.6,58.6,40.6,67.2,71.9,92.3,2017
118,Ghent University,35374,0.37,0.09,58.5,43.0,55.5,75.7,84.4,55.1,2017
119,City University of Hong Kong,9871,0.12,0.3,58.4,42.1,44.5,81.6,66.4,83.5,2017
120,University of Copenhagen,29796,0.04,0.17,58.2,46.8,33.1,89.8,44.2,82.3,2017
121,Pierre and Marie Curie University,28473,0.08,0.17,58.1,52.9,33.7,86.2,38.2,71.4,2017
122,Radboud University Nijmegen,19079,0.19,0.11,58.1,35.0,50.6,87.2,45.2,68.3,2017
123,University of Southampton,21050,0.13,0.31,58.1,39.2,46.1,82.8,39.2,90.2,2017
124,University of Virginia (Main campus),23797,0.1,0.12,58.1,53.7,38.6,86.6,41.9,44.6,2017
125,The University of Western Australia,20777,0.23,0.27,58,32.3,44.9,89.0,48.8,92.9,2017
126,Case Western Reserve University,9622,0.07,0.18,57.9,50.2,38.9,90.2,36.8,42.0,2017
127,University of Exeter,18235,0.18,0.27,57.9,34.6,39.2,94.3,34.9,87.6,2017
128,Université Catholique de Louvain,23916,0.38,0.19,57.8,39.6,51.3,78.5,51.5,75.6,2017
129,University of York,14675,0.15,0.26,57.7,42.5,45.9,79.8,34.1,84.5,2017
130,University of Birmingham,26360,0.17,0.25,57.6,38.6,42.4,86.8,38.0,84.2,2017
131,Arizona State University (Tempe),43082,0.2,0.16,57.2,38.5,48.9,87.7,36.6,49.7,2017
132,Trinity College Dublin,15805,0.23,0.25,57.2,44.2,45.3,75.4,38.6,90.4,2017
133,University of Oslo,27215,0.19,0.18,56.9,39.7,43.1,85.5,42.9,71.2,2017
134,University of Leeds,27790,0.15,0.22,56.8,42.3,43.0,81.3,39.0,78.2,2017
135,University of Florida,44911,0.17,0.09,56.6,53.6,48.1,72.9,65.7,35.2,2017
136,Tufts University,10462,0.1,0.15,56.5,48.1,34.3,88.5,58.5,50.5,2017
137,Ulm University,10370,0.27,0.12,56.5,38.2,38.1,91.0,84.0,56.9,2017
138,University of Geneva,15587,0.15,0.4,56.4,37.4,41.1,79.3,66.7,98.3,2017
139,Lancaster University,11675,0.14,0.35,56.4,37.0,40.9,84.7,35.6,89.1,2017
140,Scuola Normale Superiore di Pisa,545,0.15,0.06,56.4,54.0,47.5,70.3,51.6,47.3,2017
141,Sungkyunkwan University (SKKU),24791,0.19,0.1,56.4,53.7,50.6,66.5,88.9,39.6,2017
142,Rutgers University – New Brunswick,42892,0.11,0.08,56.2,47.7,49.8,77.9,36.6,35.6,2017
143,University of Adelaide,20462,0.3,0.27,56.1,37.1,43.9,78.8,67.5,86.3,2017
144,University of Notre Dame,11821,0.14,0.1,55.9,50.2,40.7,80.2,37.4,48.2,2017
145,Karlsruhe Institute of Technology,25948,0.24,0.17,55.8,41.3,45.2,76.4,98.3,59.5,2017
146,Stockholm University,31272,0.24,0.08,55.8,32.2,46.2,86.8,33.8,72.1,2017
147,"University of California, Santa Cruz",17203,0.24,0.02,55.6,34.7,35.3,99.8,40.9,48.7,2017
148,University of Nottingham,29740,0.15,0.28,55.5,41.0,41.3,78.9,39.8,81.6,2017
149,University of Cape Town,20061,0.12,0.17,55.3,32.4,37.2,87.3,88.8,80.1,2017
150,University of Sussex,12295,0.16,0.35,55.1,32.6,37.9,88.1,33.7,88.8,2017
151,Indiana University,66057,0.14,0.14,55,46.4,40.2,82.1,35.2,47.0,2017
152,University of Lausanne,12647,0.14,0.24,54.9,31.8,46.6,75.6,76.1,90.1,2017
153,University of Rochester,9628,0.04,0.28,54.9,43.4,32.4,89.4,38.9,58.9,2017
154,University of Science and Technology of China,14827,0.08,0.03,54.7,51.8,43.4,74.7,77.6,24.2,2017
155,University of Twente,6583,0.12,0.28,54.7,36.8,46.7,70.8,84.6,83.6,2017
156,Fudan University,32449,0.12,0.11,54.6,55.3,47.0,65.7,53.2,37.5,2017
157,University of Arizona,37023,0.13,0.09,54.5,42.9,42.2,83.2,35.6,41.7,2017
158,Vrije Universiteit Amsterdam,24592,0.16,0.07,54.5,33.1,40.2,89.4,50.3,58.9,2017
159,University of Liverpool,19085,0.12,0.34,54.3,35.1,35.2,85.7,37.4,87.7,2017
160,KTH Royal Institute of Technology,12841,0.16,0.17,54.1,42.5,45.3,67.4,51.1,83.3,2017
161,University of Erlangen-Nuremberg,37882,0.55,0.09,54,38.7,43.6,77.3,96.0,49.1,2017
162,University of Münster,41807,0.42,0.06,53.9,40.8,38.3,84.4,62.6,44.3,2017
163,University of Vienna,34711,0.2,0.26,53.9,41.1,46.6,65.9,33.5,93.0,2017
164,Autonomous University of Barcelona,31095,0.12,0.11,53.7,39.4,36.4,86.7,39.9,52.3,2017
165,TU Dresden,35468,0.36,0.12,53.5,42.3,45.6,70.2,95.7,49.4,2017
166,University of Auckland,30287,0.19,0.29,53.4,32.8,40.8,75.8,70.5,90.5,2017
167,"University of California, Riverside",20901,0.23,0.13,53.4,32.0,33.7,93.4,40.5,62.2,2017
168,University of East Anglia,13995,0.14,0.28,53.4,30.7,31.1,92.4,32.4,84.3,2017
169,University of Massachusetts,58624,0.13,0.13,53.4,40.4,34.8,85.6,50.2,51.5,2017
170,Texas A&M University,53694,0.22,0.09,53.2,53.1,57.0,50.7,46.9,50.1,2017
171,University of Cologne,44882,0.41,0.11,53.1,40.2,38.3,79.2,64.3,55.9,2017
172,University of Gothenburg,17761,0.11,0.12,53.1,30.3,40.5,87.9,39.9,59.6,2017
173,University of Leicester,14180,0.12,0.36,53,30.9,32.4,88.4,35.1,87.6,2017
174,"Royal Holloway, University of London",8550,0.15,0.38,52.9,33.3,32.3,84.5,35.7,93.0,2017
175,University of Waterloo,31776,0.25,0.15,52.9,37.8,44.9,70.8,41.0,77.5,2017
176,Pompeu Fabra University,10791,0.2,0.12,52.8,30.3,33.0,93.1,40.5,65.1,2017
177,Technical University of Denmark,8063,0.06,0.18,52.5,38.3,30.0,80.2,60.6,85.8,2017
178,Eindhoven University of Technology,10015,0.19,0.14,52.4,36.6,43.5,71.7,56.9,72.0,2017
179,University of Luxembourg,5219,0.17,0.55,52.2,29.7,30.0,85.8,40.6,99.9,2017
180,Paris-Sud University,26642,0.14,0.17,52.1,40.6,31.1,83.2,32.5,64.0,2017
181,University of Dundee,11265,0.15,0.24,52,26.7,31.0,92.3,43.8,79.1,2017
182,University of Hamburg,37501,0.47,0.11,52,42.0,41.6,70.5,60.6,56.7,2017
183,Cardiff University,23550,0.14,0.25,51.7,31.8,36.9,80.9,37.0,78.9,2017
184,University of Miami,16054,0.06,0.15,51.7,43.1,17.1,92.5,38.1,65.8,2017
185,"Northeastern University, US",18368,0.14,0.28,51.7,38.2,25.7,89.8,35.5,63.0,2017
186,University of the Witwatersrand,24565,0.24,0.08,51.7,26.4,37.3,82.9,100.0,69.4,2017
187,Hebrew University of Jerusalem,17709,0.11,0.05,51.6,44.3,39.6,71.1,35.4,56.1,2017
188,University of Würzburg,22297,0.34,0.08,51.6,34.8,37.0,83.4,48.1,51.2,2017
189,University of Aberdeen,11555,0.14,0.32,51.5,31.0,31.2,82.6,44.5,92.0,2017
190,Newcastle University,20305,0.16,0.28,51.3,33.6,32.1,81.0,38.7,84.9,2017
191,Sant’Anna School of Advanced Studies – Pisa,679,0.13,0.13,51.3,44.7,33.9,74.1,86.6,44.9,2017
192,Hong Kong Polytechnic University,21907,0.26,0.25,51.2,35.0,41.8,69.9,47.9,79.7,2017
193,University of Reading,12085,0.14,0.29,51.2,36.8,37.5,71.6,36.6,86.6,2017
194,University of Konstanz,11335,0.5,0.12,51.1,39.8,44.5,64.4,73.1,62.6,2017
195,University of Calgary,28047,0.16,0.18,51,34.8,35.2,77.9,48.8,71.5,2017
196,National Taiwan University (NTU),31581,0.12,0.08,51,51.4,52.5,54.5,47.8,29.9,2017
197,University of Duisburg-Essen,41002,0.53,0.12,50.9,34.1,28.7,87.5,77.8,50.6,2017
198,Brandeis University,5532,0.13,0.23,50.8,29.8,24.6,99.7,33.8,49.2,2017
199,Tilburg University,7454,0.22,0.13,50.8,38.8,50.2,57.0,58.0,74.3,2017
200,University of Illinois Chicago,24459,0.12,0.18,50.6,46.0,35.3,69.6,41.6,57.1,2017
201,Aalborg University,19286,0.17,0.15,50.4,24.2,35.2,80.1,44.8,71.7,2017
202,Aalto University,12653,0.2,0.2,52.21,34.4,29.0,75.0,52.5,69.6,2017
203,University of Antwerp,16445,0.36,0.15,52.15,34.5,39.8,73.0,54.6,64.9,2017
204,University of Barcelona,47569,0.12,0.1,52.09,33.7,33.0,81.3,35.3,49.3,2017
205,University of Bergen,11949,0.12,0.13,52.03,29.8,29.3,86.2,36.6,74.0,2017
206,"Birkbeck, University of London",9690,0.2,0.38,51.97,27.4,35.1,67.0,32.6,88.4,2017
207,University of Bologna,84486,0.22,0.07,51.92,35.6,27.5,81.7,37.4,42.8,2017
208,Boston College,12932,0.16,0.19,51.86,47.3,19.3,79.9,43.8,60.2,2017
209,CentraleSupélec,4130,0.11,0.32,51.8,35.8,14.7,78.1,56.4,84.0,2017
210,University of Cincinnati – Uptown,27712,0.22,0.08,51.75,37.8,29.6,75.4,41.9,31.8,2017
211,University College Dublin,21438,0.23,0.25,51.69,31.5,37.8,72.5,37.4,88.1,2017
212,University of Delaware,19426,0.16,0.1,51.63,26.9,36.8,78.1,92.5,44.0,2017
213,ESPCI ParisTech,481,0.06,0.14,51.58,45.3,22.3,76.2,77.1,49.7,2017
214,Florida State University,41737,0.3,0.07,51.52,40.8,39.5,67.1,34.2,45.7,2017
215,George Washington University,21409,0.12,0.15,51.47,47.1,27.7,70.7,32.9,48.0,2017
216,Goethe University Frankfurt,45453,0.13,0.15,51.41,32.4,27.5,79.7,38.2,59.4,2017
217,University of Hawai’i at Mānoa,16580,0.11,0.13,51.36,34.2,38.7,73.2,53.2,63.5,2017
218,University of Iceland,13373,0.24,0.08,51.3,16.9,27.6,92.0,52.7,60.3,2017
219,Indian Institute of Science,3398,0.08,0.01,51.25,50.1,49.2,47.3,48.0,18.1,2017
220,University of Iowa,27807,0.12,0.12,51.19,40.9,27.1,74.9,53.8,34.6,2017
221,University of Kiel,24701,0.23,0.08,51.14,31.6,27.2,90.8,33.5,51.2,2017
222,King Abdulaziz University,37178,0.08,0.21,51.09,26.4,12.4,93.3,66.0,92.1,2017
223,Korea University,22739,0.16,0.16,51.03,40.9,45.4,49.2,98.6,44.0,2017
224,Université Libre de Bruxelles,23712,0.35,0.32,50.98,26.3,42.8,74.4,44.5,83.3,2017
225,Nanjing University,34784,0.16,0.09,50.93,41.7,36.9,61.5,73.9,51.4,2017
226,University of Galway,13911,0.26,0.16,50.88,27.7,27.8,76.7,41.4,78.1,2017
227,University of Newcastle,23838,0.23,0.18,50.82,29.3,28.5,73.5,63.7,79.8,2017
228,North Carolina State University,30187,0.13,0.12,50.77,37.5,32.7,68.4,42.0,50.2,2017
229,University of Otago,18567,0.2,0.2,50.72,30.5,30.7,80.1,35.6,88.6,2017
230,University of Oulu,10089,0.24,0.07,50.67,30.3,32.6,75.1,39.9,54.2,2017
231,Paris Descartes University,32978,0.24,0.15,50.62,24.6,32.5,84.6,38.6,51.7,2017
232,Paris Diderot University – Paris 7,27836,0.15,0.17,50.56,28.9,24.0,91.8,32.9,65.7,2017
233,Politecnico di Milano,33486,0.25,0.13,50.51,32.6,30.3,76.4,59.3,52.6,2017
234,Queensland University of Technology,34398,0.36,0.17,50.46,28.4,37.9,67.4,58.9,77.9,2017
235,Queen’s University,21015,0.23,0.11,50.41,38.9,34.8,60.9,41.7,64.7,2017
236,Queen’s University Belfast,17350,0.16,0.32,50.36,31.2,31.9,78.3,37.1,94.3,2017
237,RCSI University of Medicine and Health Sciences,2184,0.18,0.62,50.31,35.5,18.6,81.7,37.1,89.5,2017
238,Shanghai Jiao Tong University,36535,0.12,0.06,50.26,51.9,56.5,41.5,90.5,29.3,2017
239,Simon Fraser University,26607,0.28,0.29,50.21,23.8,31.9,77.0,47.5,89.3,2017
240,University of South Florida (Tampa),32016,0.19,0.11,50.16,27.8,34.9,75.2,95.8,44.4,2017
241,"St George’s, University of London",3075,0.15,0.16,50.11,21.3,20.7,100.0,35.5,67.7,2017
242,Stony Brook University,22867,0.11,0.24,50.06,34.7,24.5,86.8,35.6,55.6,2017
243,University of Stuttgart,15721,0.3,0.14,50.01,42.3,44.5,53.4,100.0,47.2,2017
244,University of Technology Sydney,25069,0.44,0.35,49.97,27.1,40.0,73.8,44.2,92.3,2017
245,Technical University of Darmstadt,20719,0.52,0.18,49.92,38.2,43.0,52.5,95.1,54.7,2017
246,Tel Aviv University,23663,0.24,0.04,49.87,41.0,51.1,55.1,45.3,49.1,2017
247,University of Texas at Dallas,17825,0.25,0.25,49.82,26.9,32.5,90.4,43.3,53.1,2017
248,Tohoku University,17349,0.05,0.09,49.77,48.6,47.3,50.4,69.5,32.4,2017
249,University of Trento,17118,0.28,0.09,49.72,23.6,27.7,89.3,41.3,57.3,2017
250,University of Utah,30193,0.15,0.1,49.68,37.9,30.5,86.7,47.8,32.5,2017
251,Wake Forest University,7451,0.04,0.05,49.63,37.8,20.3,92.6,41.3,26.1,2017
252,Western University,28060,0.22,0.16,49.58,40.1,34.9,69.3,55.1,73.6,2017
253,Zhejiang University,47845,0.15,0.05,49.54,51.7,54.2,44.5,89.2,22.0,2017
254,École Normale Supérieure de Lyon,2238,0.08,0.15,49.49,44.5,30.4,64.5,34.9,68.4,2017
255,University of Bath,11765,0.16,0.3,49.44,31.8,31.0,65.1,37.2,85.5,2017
256,University of Bayreuth,12709,0.38,0.07,49.4,32.6,31.4,66.3,63.5,53.8,2017
257,Bielefeld University,22279,0.7,0.08,49.35,37.6,43.7,55.6,59.3,46.2,2017
258,University at Buffalo,26418,0.19,0.21,49.3,38.0,29.0,66.1,42.8,64.6,2017
259,Chalmers University of Technology,8819,0.12,0.15,49.26,38.8,28.5,61.9,70.8,75.8,2017
260,Charles Darwin University,6096,0.21,0.25,49.21,18.4,19.0,91.7,44.3,77.2,2017
261,Colorado School of Mines,5437,0.18,0.11,49.17,32.6,27.8,73.5,74.9,39.9,2017
262,Copenhagen Business School,19154,0.43,0.21,49.12,19.8,24.4,76.8,39.4,89.9,2017
263,Dalhousie University,15293,0.15,0.19,49.08,29.1,29.6,70.7,47.6,80.1,2017
264,Deakin University,34968,0.31,0.17,49.03,23.0,24.5,75.5,34.1,76.8,2017
265,Free University of Bozen-Bolzano,2813,0.04,0.16,48.99,22.8,8.1,96.1,32.3,79.9,2017
266,University of Fribourg,10701,0.46,0.18,48.94,33.7,32.7,56.8,59.7,86.8,2017
267,Griffith University,31031,0.22,0.2,48.9,22.6,28.5,74.8,41.3,82.3,2017
268,University of Hohenheim,9524,0.42,0.13,48.85,34.1,30.1,66.5,49.6,51.1,2017
269,James Cook University,12004,0.23,0.13,48.81,21.7,22.3,84.2,43.2,74.1,2017
270,Johannes Gutenberg University of Mainz,35215,0.32,0.1,48.76,35.8,22.0,76.3,57.8,54.5,2017
271,Koç University,4793,0.15,0.09,48.72,25.2,29.8,70.3,81.9,54.4,2017
272,Université Laval,28757,0.17,0.12,48.68,37.0,27.3,67.2,54.7,65.5,2017
273,Macquarie University,27532,0.33,0.24,48.63,32.5,36.5,62.3,41.3,75.0,2017
274,University of Marburg,26085,0.39,0.09,48.59,35.1,27.2,73.7,37.4,49.6,2017
275,Mines ParisTech,1289,0.06,0.26,48.55,43.5,20.3,64.5,98.6,63.4,2017
276,National Tsing Hua University,10260,0.14,0.06,48.5,38.7,40.1,55.8,47.3,26.6,2017
277,Norwegian University of Science and Technology,22031,0.18,0.11,48.46,30.1,32.8,65.5,46.5,65.3,2017
278,Oregon Health and Science University,2861,0.01,0.02,48.42,29.7,15.3,97.6,44.9,23.2,2017
279,Osaka University,23087,0.08,0.09,48.37,52.6,49.6,38.2,73.9,28.8,2017
280,University of Ottawa,34946,0.25,0.15,48.33,38.1,21.0,67.5,41.5,71.8,2017
281,Rensselaer Polytechnic Institute,6829,0.16,0.17,48.29,33.6,33.5,67.3,79.1,43.1,2017
282,Ruhr University Bochum,42718,0.61,0.13,48.25,36.7,36.2,56.9,59.2,51.6,2017
283,Rush University,1987,0.02,0.03,48.21,38.4,13.6,89.8,44.0,22.3,2017
284,Sapienza University of Rome,115327,0.32,0.07,48.16,38.3,35.3,67.2,41.0,37.6,2017
285,University of South Australia,19996,0.3,0.33,48.12,29.9,29.9,58.4,82.9,90.1,2017
286,University of Southern Denmark,25313,0.14,0.16,48.08,21.4,23.6,81.6,69.9,76.9,2017
287,University of Surrey,10375,0.13,0.38,48.04,30.0,32.6,60.9,37.6,91.8,2017
288,Swedish University of Agricultural Sciences,3838,0.05,0.12,48.0,31.3,22.3,77.7,98.9,46.8,2017
289,Syracuse University,19930,0.16,0.17,47.96,32.9,25.9,75.4,36.4,41.4,2017
290,University of São Paulo,83201,0.15,0.04,47.92,57.2,60.2,25.7,39.6,28.3,2017
291,University of Tampere,9530,0.22,0.05,47.87,26.2,29.3,75.9,52.2,40.1,2017
292,The University of Tennessee-Knoxville,26988,0.18,0.04,47.83,30.5,21.5,83.0,42.1,39.5,2017
293,Tokyo Institute of Technology,9587,0.07,0.13,47.79,48.4,50.5,41.7,64.1,32.9,2017
294,Umeå University,16698,0.12,0.1,47.75,22.6,28.6,79.7,35.2,59.9,2017
295,TU Wien,17620,0.36,0.27,47.71,38.1,25.5,57.7,70.9,79.1,2017
296,Virginia Polytechnic Institute and State University,30850,0.18,0.1,47.67,34.9,39.9,62.1,44.1,31.4,2017
297,William & Mary,7963,0.12,0.08,47.63,40.8,16.8,82.2,32.7,28.8,2017
298,University of Wollongong,16581,0.26,0.24,47.59,28.3,32.1,64.1,49.2,87.0,2017
299,Yonsei University,22469,0.12,0.2,47.55,44.2,40.1,44.0,79.8,48.3,2017
300,Aberystwyth University,8735,0.17,0.18,47.51,20.5,21.3,77.5,34.9,75.1,2017
301,Aix-Marseille University,74345,0.2,0.13,47.47,34.5,21.2,69.5,35.1,57.2,2017
302,University of Alaska Fairbanks,3875,0.08,0.07,47.43,28.3,24.0,70.5,50.5,55.0,2017
303,Anglia Ruskin University (ARU),16740,0.24,0.25,47.39,14.7,10.5,99.2,32.8,67.0,2017
304,Bangor University,9160,0.18,0.21,47.36,25.2,21.9,65.9,33.6,81.3,2017
305,University of Bordeaux,52169,0.2,0.12,47.32,29.8,19.6,76.6,34.6,54.4,2017
306,University of Bremen,18904,0.35,0.11,47.28,36.2,29.4,61.7,47.0,50.4,2017
307,Brunel University London,11645,0.16,0.39,47.24,24.9,26.0,61.3,37.2,92.3,2017
308,Central European University,1298,0.06,0.77,47.2,39.8,27.0,48.8,32.2,97.0,2017
309,Clark University,3239,0.12,0.25,47.16,24.4,8.0,93.7,32.8,59.0,2017
310,"Colorado State University, Fort Collins",23998,0.16,0.05,47.12,29.6,32.6,63.4,43.6,35.1,2017
311,University of Connecticut,26109,0.13,0.07,47.09,37.0,28.2,62.5,35.1,40.6,2017
312,University of Crete,14518,0.27,0.04,47.05,18.7,19.1,83.0,37.8,46.9,2017
313,University of Denver,9568,0.13,0.1,47.01,37.7,23.6,67.2,34.9,28.7,2017
314,University of Essex,10155,0.18,0.44,46.97,32.3,36.0,47.7,32.8,95.2,2017
315,Federal University of Toulouse Midi-Pyrénées,93250,0.23,0.19,46.93,30.9,26.2,62.4,36.2,62.8,2017
316,George Mason University,27337,0.17,0.08,46.9,28.1,24.6,73.4,33.4,38.7,2017
317,University of Georgia,33241,0.2,0.07,46.86,33.0,35.0,57.2,34.9,41.7,2017
318,"Goldsmiths, University of London",7255,0.16,0.38,46.82,28.4,30.6,63.8,32.2,75.4,2017
319,Grenoble Alpes University,37815,0.16,0.15,46.78,26.7,21.9,71.7,34.3,60.0,2017
320,Gwangju Institute of Science and Technology (GIST),1575,0.11,0.07,46.75,39.5,39.9,51.9,44.9,35.2,2017
321,University of Innsbruck,14360,0.13,0.38,46.71,26.1,18.7,70.8,43.1,96.2,2017
322,Justus Liebig University Giessen,27980,0.47,0.09,46.67,33.2,29.4,60.5,41.5,46.9,2017
323,University of Kent,17080,0.13,0.29,46.64,22.8,22.3,68.7,32.5,89.3,2017
324,Linköping University,18966,0.08,0.11,46.6,23.9,15.3,79.6,41.7,62.1,2017
325,University of Liège,21611,0.28,0.23,46.56,27.1,33.3,55.4,99.4,70.3,2017
326,Loughborough University,13675,0.15,0.22,46.53,32.9,34.4,54.0,37.0,73.2,2017
327,University of Milan,58990,0.28,0.05,46.49,32.8,24.5,69.9,42.9,39.4,2017
328,Nagoya University,15619,0.08,0.1,46.45,44.4,41.8,41.2,83.6,28.3,2017
329,University of Navarra,10584,0.14,0.16,46.42,29.7,23.9,65.3,55.6,55.6,2017
330,University of Nebraska-Lincoln,22068,0.16,0.1,46.38,31.2,29.1,67.2,38.5,48.0,2017
331,University of Oregon,24268,0.2,0.13,46.35,24.8,24.5,77.7,33.3,35.5,2017
332,Oregon State University,23464,0.16,0.1,46.31,29.3,28.2,69.7,36.0,46.0,2017
333,University of Padua,62267,0.19,0.04,46.27,24.5,20.4,80.6,35.5,39.0,2017
334,University of Pavia,22010,0.39,0.07,46.24,25.3,22.1,73.6,59.3,43.3,2017
335,Royal Veterinary College,1800,0.1,0.18,46.2,26.4,18.3,69.1,41.8,83.3,2017
336,Sabancı University,2999,0.18,0.08,46.17,24.3,32.9,61.6,77.7,46.7,2017
337,Saint Louis University,11919,0.06,0.08,46.13,36.0,11.9,80.4,33.9,28.9,2017
338,University of Stirling,8030,0.15,0.2,46.1,22.6,24.7,69.6,33.7,75.1,2017
339,University of Strasbourg,43709,0.17,0.19,46.06,27.2,21.3,67.8,35.7,69.6,2017
340,Swansea University,13050,0.16,0.21,46.03,21.0,26.1,71.8,35.7,75.8,2017
341,University of Tartu,9464,0.12,0.04,45.99,23.6,23.1,80.9,34.5,48.4,2017
342,University of Tasmania,14838,0.2,0.18,45.96,22.3,29.6,66.3,51.7,77.3,2017
343,TU Dortmund University,30998,1.0,0.1,45.92,35.5,29.8,57.1,48.7,41.5,2017
344,Technion Israel Institute of Technology,13926,0.2,0.04,45.89,33.2,36.1,55.9,38.7,62.5,2017
345,Temple University,33672,0.13,0.06,45.85,37.2,21.6,68.4,37.4,31.1,2017
346,University of Turku,12167,0.16,0.05,45.82,27.0,22.7,72.6,34.5,49.6,2017
347,University of Victoria,18028,0.22,0.12,45.79,22.1,22.5,77.9,37.9,73.7,2017
348,Vrije Universiteit Brussel,12484,0.22,0.21,45.75,27.3,23.7,66.7,48.3,70.0,2017
349,York University,46565,0.41,0.22,45.72,29.9,39.7,50.7,37.4,73.5,2017
350,Aston University,8565,0.16,0.32,45.68,20.6,23.9,56.2,34.3,93.5,2017
351,Bilkent University,9761,0.14,0.04,45.65,23.4,19.9,68.3,39.7,51.9,2017
352,SUNY Binghamton University,16628,0.24,0.14,45.62,24.3,20.4,68.5,35.9,40.3,2017
353,University of Calabria,30219,0.36,0.03,45.58,14.7,25.8,84.2,33.4,31.1,2017
354,University of Canterbury,11943,0.16,0.2,45.55,23.8,26.8,56.2,40.5,89.7,2017
355,"City, University of London",12490,0.16,0.49,45.51,24.1,25.9,56.2,33.3,91.0,2017
356,Claude Bernard University Lyon 1,35944,0.17,0.08,45.48,21.1,16.9,73.1,37.6,47.8,2017
357,University College Cork,15877,0.22,0.16,45.45,27.7,25.7,54.1,50.6,76.0,2017
358,University of Cyprus,7025,0.22,0.08,45.41,19.1,25.4,66.6,34.7,75.0,2017
359,Drexel University,21153,0.11,0.18,45.38,32.6,16.0,62.0,37.9,47.8,2017
360,University of Eastern Finland,11098,0.18,0.06,45.35,25.0,20.5,74.5,35.6,48.0,2017
361,Flinders University,16465,0.24,0.16,45.32,22.3,11.3,74.9,36.5,66.1,2017
362,Graz University of Technology,6312,0.1,0.16,45.28,28.5,15.4,60.0,67.8,71.2,2017
363,University of Guelph,21547,0.28,0.04,45.25,26.1,33.0,48.7,46.9,55.4,2017
364,Hanyang University,21629,0.14,0.15,45.22,35.0,35.6,35.6,81.8,51.5,2017
365,Hong Kong Baptist University,11038,0.11,0.29,45.18,23.3,13.6,67.4,32.9,79.1,2017
366,University of Houston,39402,0.42,0.09,45.15,35.4,29.4,54.3,40.6,36.8,2017
367,Indian Institute of Technology Bombay,9207,0.16,0.01,45.12,39.2,31.1,52.8,46.9,19.2,2017
368,Iowa State University,32951,0.19,0.12,45.09,31.2,25.3,60.6,47.5,37.9,2017
369,University of Kaiserslautern,14226,0.54,0.15,45.06,34.7,23.2,50.3,69.2,46.3,2017
370,University of Kansas,24345,0.08,0.09,45.02,36.7,24.5,54.5,38.3,33.7,2017
371,University of Kentucky,31225,0.19,0.06,44.99,36.6,29.3,51.4,39.0,38.2,2017
372,Kyung Hee University,23692,0.17,0.16,44.96,28.5,35.5,48.5,79.3,51.5,2017
373,Kyushu University,18650,0.07,0.11,44.93,41.9,35.1,35.7,70.8,31.2,2017
374,La Trobe University,22422,0.3,0.25,44.9,26.7,29.7,49.0,45.5,78.7,2017
375,Leibniz University Hannover,23126,0.62,0.12,44.86,37.4,37.1,43.2,62.0,44.5,2017
376,University of Macau,8981,0.15,0.33,44.83,21.5,22.0,53.3,46.3,98.8,2017
377,Autonomous University of Madrid,26969,0.12,0.16,44.8,32.3,28.3,57.4,35.8,51.6,2017
378,University of Milan-Bicocca,32892,0.66,0.06,44.77,25.5,22.7,70.8,43.9,42.2,2017
379,Mizzou - University of Missouri,30535,0.11,0.06,44.74,30.9,19.3,67.0,33.8,34.0,2017
380,Montpellier University,39313,0.2,0.14,44.71,32.7,18.1,64.6,35.9,57.7,2017
381,Maynooth University,7850,0.29,0.12,44.68,25.5,24.2,61.0,37.5,77.6,2017
382,Norwegian University of Life Sciences,5655,0.07,0.21,44.64,25.7,13.2,68.3,37.9,78.0,2017
383,University of Oklahoma,27054,0.1,0.06,44.61,33.5,17.9,64.1,37.3,33.6,2017
384,Paris-Sorbonne University – Paris 4,21488,0.28,0.19,44.58,48.6,38.6,27.9,32.2,54.2,2017
385,University of Plymouth,18510,0.19,0.14,44.55,20.0,20.4,71.9,32.5,66.6,2017
386,Polytechnic University of Turin,29422,0.28,0.16,44.52,25.8,19.0,66.8,49.4,48.5,2017
387,University of Salerno,37862,0.56,0.01,44.49,18.2,13.1,86.7,39.2,30.8,2017
388,Swinburne University of Technology,13606,0.26,0.27,44.46,22.9,24.0,60.3,35.5,74.5,2017
389,The University of Texas at San Antonio,25870,0.21,0.07,44.43,17.3,16.2,85.0,32.4,32.6,2017
390,Toyota Technological Institute,505,0.11,0.03,44.4,22.2,17.0,78.6,59.0,24.1,2017
391,University of Trieste,18144,0.26,0.09,44.37,26.1,17.9,74.9,35.7,46.0,2017
392,Tulane University,11495,0.12,0.11,44.34,41.4,15.7,61.0,35.5,37.9,2017
393,University of Turin,67678,0.44,0.06,44.31,21.2,20.4,72.9,45.4,38.9,2017
394,Victoria University,15270,0.32,0.22,44.28,22.5,22.1,66.9,37.2,70.8,2017
395,Victoria University of Wellington,16940,0.2,0.21,44.25,23.3,30.2,48.4,53.6,88.6,2017
396,Washington State University,26439,0.2,0.08,44.22,29.6,29.6,59.8,56.9,43.3,2017
397,Wayne State University,22405,0.11,0.08,44.19,33.0,15.7,71.9,42.2,33.3,2017
398,École des Ponts ParisTech,1810,0.13,0.44,44.16,32.9,13.8,61.2,69.7,65.9,2017
399,Örebro University,8698,0.16,0.02,44.13,17.7,5.9,91.7,33.7,43.6,2017
400,American University,11636,0.12,0.12,44.1,40.5,21.3,51.4,37.8,30.1,2017
401,Aristotle University of Thessaloniki,44433,0.22,0.09,44.07,20.0,15.8,61.8,37.3,39.9,2017
402,Atılım University,6394,0.27,0.08,44.04,19.0,8.1,75.3,47.9,33.2,2017
403,University of Aveiro,10641,0.18,0.09,44.01,30.2,26.2,44.5,41.5,46.5,2017
404,Bar-Ilan University,16974,0.15,0.05,43.98,23.5,23.0,49.0,32.8,51.5,2017
405,University of Bari Aldo Moro,49536,0.67,0.02,43.95,26.0,17.0,61.5,40.4,33.2,2017
406,University of Bergamo,15849,0.49,0.06,43.92,22.2,15.8,64.8,39.0,31.6,2017
407,Boğaziçi University,11555,0.26,0.07,43.89,20.9,23.8,57.7,57.4,45.4,2017
408,University of Brescia,14616,0.26,0.07,43.86,15.1,14.1,74.5,38.2,37.9,2017
409,University of Campinas,26966,0.15,0.03,43.83,44.9,39.6,28.0,46.5,24.1,2017
410,University of Canberra,11287,0.31,0.28,43.8,19.9,24.6,50.8,35.0,60.1,2017
411,Universitat Politècnica de Catalunya,21995,0.1,0.12,43.78,27.1,17.5,51.2,41.5,51.4,2017
412,Central Queensland University,12300,0.27,0.28,43.75,19.0,9.9,73.7,35.1,59.4,2017
413,Charles University,50992,0.13,0.15,43.72,30.5,21.4,54.6,32.4,54.6,2017
414,Chung-Ang University,12221,0.17,0.22,43.69,36.4,31.9,23.3,63.6,49.9,2017
415,University of Coimbra,23329,0.2,0.14,43.66,24.1,27.2,44.6,38.2,51.3,2017
416,Curtin University,31353,0.18,0.36,43.63,21.0,23.5,52.1,39.5,93.8,2017
417,Cyprus University of Technology,3012,0.19,0.06,43.6,17.1,13.1,70.3,34.0,67.0,2017
418,Dublin City University,8856,0.25,0.18,43.58,26.7,26.7,42.7,46.7,78.6,2017
419,Ewha Womans University,14989,0.14,0.1,43.55,28.4,23.9,46.7,68.7,41.4,2017
420,Federico Santa María Technical University,18424,0.28,0.02,43.52,14.2,10.8,69.0,41.0,54.7,2017
421,University of Ferrara,13781,0.23,0.07,43.49,18.8,17.2,68.4,40.3,42.8,2017
422,University of Florence,53378,0.18,0.07,43.46,20.0,14.0,72.6,38.1,40.4,2017
423,Florida International University,33983,0.26,0.07,43.43,25.4,20.1,57.7,35.2,35.3,2017
424,University of Genoa,35777,0.29,0.09,43.41,27.7,16.7,64.3,45.2,40.2,2017
425,Georgia State University,28788,0.19,0.05,43.38,28.1,23.7,60.2,32.3,30.5,2017
426,University of Graz,20770,0.24,0.12,43.35,23.1,17.0,56.2,33.2,69.5,2017
427,University of Greifswald,8628,0.17,0.05,43.32,30.3,19.7,60.6,37.7,43.8,2017
428,Hasselt University,4913,0.17,0.1,43.29,21.7,20.9,61.6,49.7,55.2,2017
429,Heriot-Watt University,9290,0.17,0.42,43.27,22.2,24.0,49.3,42.8,92.1,2017
430,Hokkaido University,18055,0.08,0.09,43.24,42.2,36.2,30.9,55.0,29.8,2017
431,Huazhong University of Science and Technology,56211,0.17,0.04,43.21,31.0,24.7,43.6,68.0,19.9,2017
432,Indian Institute of Technology Delhi,6926,0.14,0.01,43.18,37.5,23.9,47.0,71.7,15.9,2017
433,Indian Institute of Technology Kanpur,6513,0.17,0.01,43.16,34.6,22.9,38.4,98.8,17.9,2017
434,Indian Institute of Technology Madras,8692,0.16,0.01,43.13,38.3,22.3,41.2,81.1,17.5,2017
435,Johannes Kepler University of Linz,6652,0.12,0.09,43.1,25.3,15.5,49.9,41.2,58.0,2017
436,University of Jyväskylä,9591,0.15,0.05,43.07,27.7,13.9,55.4,35.4,48.2,2017
437,Keele University,8300,0.15,0.22,43.05,18.3,20.4,53.6,33.2,73.6,2017
438,Kent State University,23059,0.19,0.08,43.02,22.3,17.1,64.6,32.4,34.3,2017
439,King Fahd University of Petroleum and Minerals,6617,0.07,0.21,42.99,28.7,16.8,36.7,92.8,86.8,2017
440,Lehigh University,6400,0.11,0.16,42.97,24.9,18.5,63.2,38.0,39.1,2017
441,University of Lille,67189,0.28,0.12,42.94,19.3,18.8,56.9,37.4,55.4,2017
442,Lincoln University,2985,0.14,0.23,42.91,25.5,20.8,49.6,41.7,86.0,2017
443,University of Lisbon,47756,0.18,0.1,42.89,26.3,24.0,59.0,37.8,47.6,2017
444,Makerere University,37423,0.29,0.09,42.86,15.1,11.8,78.0,36.7,58.3,2017
445,University of Manitoba,29111,0.28,0.13,42.83,28.7,26.3,53.4,40.6,42.2,2017
446,Marche Polytechnic University,16830,0.24,0.04,42.81,21.2,7.2,85.8,37.5,28.1,2017
447,"University of Maryland, Baltimore County",13979,0.18,0.08,42.78,21.3,18.7,58.8,33.4,29.6,2017
448,Massey University,18681,0.16,0.28,42.75,22.5,19.6,43.3,39.1,92.2,2017
449,University of Modena and Reggio Emilia,20141,0.26,0.06,42.73,16.2,10.2,76.2,36.0,36.0,2017
450,University of Montana,10304,0.18,0.04,42.7,34.4,15.4,64.8,36.0,25.4,2017
451,Murdoch University,16391,0.33,0.45,42.67,17.9,23.5,57.3,42.8,90.7,2017
452,Nantes Université,34714,0.23,0.11,42.65,17.3,15.5,64.9,35.5,45.4,2017
453,University of Naples Federico II,82500,0.61,0.0,42.62,21.6,12.4,76.3,40.1,22.2,2017
454,National Cheng Kung University (NCKU),21157,0.14,0.11,42.59,30.4,38.0,29.2,99.4,29.9,2017
455,National Chiao Tung University,12609,0.17,0.06,42.57,33.0,40.2,35.3,89.3,33.4,2017
456,National Taiwan University of Science and Technology (Taiwan Tech),8070,0.19,0.11,42.54,30.1,40.5,38.5,70.1,32.3,2017
457,University of Neuchâtel,4208,0.09,0.22,42.52,24.9,17.6,46.1,34.0,91.4,2017
458,New Mexico State University (Main campus),14479,0.18,0.07,42.49,19.8,21.0,59.3,36.9,33.0,2017
459,University of Nice Sophia Antipolis,28218,0.21,0.21,42.46,21.9,8.0,58.1,32.5,79.2,2017
460,Northern Arizona University,23167,0.25,0.05,42.44,18.8,11.2,82.7,32.6,26.9,2017
461,The Open University,70860,0.34,0.08,42.41,18.8,15.8,58.8,32.6,51.7,2017
462,Oxford Brookes University,12930,0.18,0.27,42.39,27.7,25.3,37.8,32.3,71.5,2017
463,Panthéon-Sorbonne University – Paris 1,40121,0.33,0.2,42.36,48.0,40.6,7.3,32.4,50.3,2017
464,University of Pisa,50937,0.2,0.05,42.34,20.4,18.5,73.3,36.5,34.3,2017
465,Pontificia Universidad Católica de Chile,26188,0.16,0.07,42.31,27.5,23.0,41.8,35.7,53.2,2017
466,University of Porto,31753,0.19,0.09,42.28,28.6,26.2,42.3,39.9,45.3,2017
467,University of Portsmouth,18950,0.16,0.25,42.26,16.7,13.2,61.8,32.6,82.4,2017
468,Université du Québec à Montréal,28830,0.26,0.19,42.23,23.9,20.7,54.3,32.4,58.5,2017
469,RMIT University,30795,0.17,0.26,42.21,23.0,20.7,53.6,40.0,85.6,2017
470,Renmin University of China,24859,0.12,0.06,42.18,42.5,19.4,35.4,43.2,46.0,2017
471,University of Rome II – Tor Vergata,31393,0.18,0.06,42.16,25.5,15.3,64.2,38.9,37.9,2017
472,University of Rome III,35290,0.59,0.04,42.13,23.4,20.6,67.5,37.6,37.2,2017
473,Rovira i Virgili University,12637,0.13,0.1,42.11,21.5,15.8,72.1,35.2,45.5,2017
474,University of Salento,19983,0.59,0.01,42.08,25.0,11.8,65.6,37.6,25.2,2017
475,San Diego State University,28358,0.32,0.06,42.06,20.9,28.8,64.4,33.2,27.3,2017
476,University of Saskatchewan,19154,0.18,0.15,42.03,34.2,25.0,43.5,69.0,64.4,2017
477,University of Siegen,19139,0.54,0.11,42.01,22.2,24.0,60.8,40.7,50.1,2017
478,SOAS University of London,4755,0.12,0.54,41.98,32.9,29.4,29.7,32.2,76.0,2017
479,University of St Gallen,7175,0.11,0.34,41.96,27.2,14.8,50.9,42.8,96.5,2017
480,Stellenbosch University,22478,0.24,0.08,41.93,28.6,24.8,53.0,32.1,50.3,2017
481,Stevens Institute of Technology,5999,0.18,0.34,41.91,21.8,18.3,52.2,33.7,77.3,2017
482,University of Strathclyde,15770,0.2,0.22,41.88,24.2,31.2,36.2,46.6,75.1,2017
483,Sun Yat-sen University,51866,0.17,0.08,41.86,35.3,26.3,50.0,54.1,29.6,2017
484,Tokyo Medical and Dental University (TMDU),2906,0.03,0.07,41.83,39.4,19.5,50.1,58.2,23.2,2017
485,Tokyo Metropolitan University,9294,0.1,0.04,41.81,22.6,13.4,68.5,34.0,21.4,2017
486,University of Tsukuba,16271,0.13,0.17,41.79,40.1,32.7,35.1,42.4,37.1,2017
487,UiT The Arctic University of Norway,12180,0.12,0.12,41.76,22.7,17.0,64.3,36.9,67.3,2017
488,Verona University,24390,0.19,0.06,41.74,23.1,13.4,73.4,42.1,40.9,2017
489,University of Waikato,9904,0.17,0.26,41.71,20.9,23.2,49.5,34.7,87.8,2017
490,Western Sydney University,30734,0.29,0.13,41.69,17.9,24.4,57.9,35.6,77.5,2017
491,Wuhan University,49152,0.14,0.07,41.66,40.9,30.2,29.2,91.1,37.5,2017
492,Xiamen University,42210,0.16,0.04,41.64,26.7,21.6,54.2,7.7,25.5,2017
493,École normale supérieure Paris-Saclay,1505,0.1,0.07,41.62,32.1,9.6,54.0,44.0,50.7,2017
494,American University of Beirut,7836,0.09,0.23,41.59,28.5,12.8,38.4,38.5,88.1,2017
495,"University of the Andes, Colombia",16880,0.18,0.02,41.57,19.9,14.9,50.0,49.4,55.5,2017
496,University of Arkansas,23545,0.2,0.05,41.54,24.4,19.2,39.2,39.1,27.9,2017
497,Athens University of Economics and Business,11659,0.48,0.06,41.52,16.9,20.5,41.2,37.9,43.1,2017
498,Auckland University of Technology,17627,0.17,0.39,41.5,17.8,12.5,45.9,33.9,94.8,2017
499,University of the Basque Country,44806,0.15,0.06,41.47,20.9,14.3,50.2,34.7,37.9,2017
500,Ben-Gurion University of the Negev,16477,0.2,0.03,41.45,23.8,27.5,35.5,42.9,34.5,2017
501,Bond University,3201,0.14,0.35,41.43,18.7,21.2,37.1,36.3,89.5,2017
502,Université Bourgogne Franche-Comté (UBFC),54487,0.26,0.11,41.4,21.5,11.7,56.6,34.5,51.6,2017
503,University of Cagliari,29743,0.3,0.02,41.38,19.0,12.2,56.6,35.2,34.5,2017
504,Carleton University,25795,0.3,0.19,41.35,19.5,25.6,33.9,33.9,63.6,2017
505,University of Catania,53120,0.34,0.01,41.33,15.3,12.9,68.3,34.6,26.8,2017
506,Catholic University of the Sacred Heart,30263,0.19,0.08,41.31,18.0,7.6,56.4,40.3,39.1,2017
507,Ca’ Foscari University of Venice,20478,0.42,0.07,41.28,21.1,25.9,46.1,35.3,41.2,2017
508,University of Chile,38079,0.17,0.04,41.26,25.4,18.4,36.9,32.1,46.7,2017
509,China Agricultural University,18945,0.12,0.02,41.24,33.9,21.8,29.4,47.8,18.6,2017
510,"China Medical University, Taiwan",7810,0.16,0.09,41.21,24.0,24.4,45.2,69.6,27.0,2017
511,Complutense University of Madrid,63925,0.2,0.12,41.19,30.7,27.1,36.7,36.0,40.1,2017
512,Concordia University,31440,0.31,0.27,41.17,19.2,24.7,40.9,34.4,79.2,2017
513,Creighton University,7127,0.1,0.09,41.14,42.3,9.7,45.1,35.7,27.8,2017
514,East China Normal University,28674,0.13,0.11,41.12,27.4,18.7,46.7,45.1,41.6,2017
515,East China University of Science and Technology,23869,0.13,0.05,41.1,22.5,15.2,51.9,60.7,25.6,2017
516,Edith Cowan University,16540,0.36,0.17,41.08,17.9,19.1,45.7,36.5,68.5,2017
517,University of Granada,59530,0.18,0.09,41.05,21.9,16.8,46.3,33.2,43.1,2017
518,Harbin Institute of Technology,31580,0.11,0.08,41.03,31.1,27.7,24.4,97.7,27.9,2017
519,University of Hertfordshire,17550,0.17,0.27,41.01,15.9,11.5,56.2,33.0,77.5,2017
520,Hiroshima University,14639,0.08,0.06,40.98,30.0,14.0,41.2,45.4,24.0,2017
521,University of Hull,14520,0.18,0.2,40.96,19.9,20.8,46.4,34.2,73.3,2017
522,Indian Institute of Technology Kharagpur,10586,0.18,0.0,40.94,31.0,19.4,44.5,49.5,16.0,2017
523,Indian Institute of Technology Roorkee,8134,0.14,0.01,40.92,26.9,15.8,55.1,64.3,15.2,2017
524,University of Ioannina,21266,0.39,0.04,40.89,14.3,14.8,64.8,35.5,40.3,2017
525,Iran University of Science and Technology,12236,0.28,0.0,40.87,23.2,23.7,41.8,50.7,13.9,2017
526,Istanbul Technical University,34649,0.17,0.05,40.85,24.0,24.6,32.4,100.0,24.8,2017
527,Jadavpur University,11017,0.17,0.0,40.82,32.1,15.4,37.6,39.1,14.1,2017
528,Kansas State University,21472,0.14,0.1,40.8,25.0,17.9,40.7,44.4,43.9,2017
529,"Khalifa University of Science, Technology and Research",1047,0.09,0.22,40.78,24.9,12.1,43.2,45.8,93.3,2017
530,King Saud University,40404,0.13,0.07,40.76,24.0,27.9,28.7,96.4,76.0,2017
531,University of KwaZulu-Natal,32074,0.26,0.05,40.73,21.5,25.3,42.9,39.5,59.4,2017
532,Lappeenranta-Lahti University of Technology LUT,3576,0.23,0.2,40.71,28.4,26.3,28.7,61.5,55.9,2017
533,University of Limerick,13250,0.21,0.17,40.69,18.5,19.0,44.3,36.0,82.6,2017
534,Liverpool John Moores University,18200,0.18,0.14,40.67,16.1,13.3,56.7,32.7,65.0,2017
535,Louisiana State University,28541,0.2,0.05,40.65,31.1,20.2,42.1,32.1,29.7,2017
536,Mahidol University,28665,0.08,0.03,40.62,29.4,13.4,36.8,50.8,42.9,2017
537,University of Maribor,13956,0.16,0.03,40.6,16.0,13.1,51.2,39.6,35.5,2017
538,Memorial University of Newfoundland,15403,0.16,0.13,40.58,18.8,16.8,50.9,52.1,37.9,2017
539,Middlesex University,16035,0.2,0.44,40.56,18.5,13.2,39.5,32.2,84.9,2017
540,University of Minho,18475,0.18,0.1,40.54,22.2,22.1,39.2,50.3,46.3,2017
541,Missouri University of Science and Technology,7884,0.23,0.17,40.51,20.0,24.7,34.0,45.4,65.3,2017
542,Montana State University,13360,0.19,0.05,40.49,18.7,20.7,56.7,43.3,26.2,2017
543,Monterrey Institute of Technology,14168,0.2,0.15,40.47,25.0,16.6,36.5,93.5,67.6,2017
544,National Autonomous University of Mexico,139544,0.12,0.05,40.45,36.8,33.0,17.8,60.2,37.2,2017
545,National Institute of Applied Sciences of Lyon (INSA Lyon),6215,0.09,0.3,40.43,27.3,11.9,43.0,66.7,76.4,2017
546,National Taiwan Normal University,10752,0.13,0.23,40.4,28.2,31.1,17.6,78.3,44.4,2017
547,National Yang-Ming University,4363,0.05,0.02,40.38,31.5,15.8,37.7,35.5,17.1,2017
548,National and Kapodistrian University of Athens,61985,0.32,0.09,40.36,27.0,16.4,46.8,38.0,43.0,2017
549,University of Nebraska Medical Center,2847,0.02,0.08,40.34,36.4,12.9,35.8,37.1,36.8,2017
550,New Jersey Institute of Technology,9743,0.18,0.21,40.32,21.3,17.8,47.9,47.6,55.1,2017
551,NOVA University of Lisbon,19425,0.18,0.12,40.3,23.7,21.7,45.2,42.3,52.0,2017
552,Oklahoma State University,21252,0.21,0.07,40.27,26.4,24.7,41.7,36.3,27.2,2017
553,Old Dominion University,20131,0.2,0.03,40.25,23.1,17.7,53.2,1.7,27.5,2017
554,Otto von Guericke University of Magdeburg,14104,0.12,0.13,40.23,23.0,14.2,40.3,41.1,49.2,2017
555,Paderborn University,19621,0.48,0.09,40.21,23.6,22.3,35.9,41.4,40.6,2017
556,University of Palermo,46200,0.25,0.01,40.19,17.8,11.1,70.5,34.2,24.1,2017
557,University of Parma,26159,0.3,0.06,40.17,15.1,19.8,58.2,37.2,36.4,2017
558,Pontifical Javeriana University,22794,0.17,0.01,40.15,15.8,8.0,63.7,32.8,44.0,2017
559,Pusan National University,24882,0.2,0.12,40.12,27.8,27.1,25.6,63.8,33.9,2017
560,Qatar University,11844,0.19,0.43,40.1,16.2,16.3,45.2,41.8,99.9,2017
561,University of Regina,11821,0.23,0.14,40.08,16.5,11.9,48.8,34.8,50.9,2017
562,University of Rennes 1,26171,0.3,0.14,40.06,22.3,17.0,50.7,41.6,54.9,2017
563,Roskilde University,6023,0.15,0.08,40.04,17.9,28.3,39.9,35.6,47.1,2017
564,Sejong University,11622,0.16,0.04,40.02,21.5,15.7,47.4,35.6,29.8,2017
565,Semmelweis University,12592,0.11,0.25,40.0,24.0,12.8,50.2,34.5,71.3,2017
566,Sharif University of Technology,11177,0.18,0.0,39.98,25.1,27.4,37.6,85.3,17.9,2017
567,Université de Sherbrooke,14367,0.12,0.08,39.96,22.2,13.3,45.8,34.7,56.2,2017
568,University of Siena,18244,0.14,0.08,39.94,20.7,13.8,52.2,34.7,42.4,2017
569,Sogang University,10494,0.24,0.05,39.91,24.9,27.5,32.7,48.4,26.0,2017
570,"Soochow University, China",43366,0.15,0.02,39.89,19.7,15.8,58.8,68.1,18.3,2017
571,Southeast University,31983,0.12,0.04,39.87,27.2,30.4,28.9,92.7,22.0,2017
572,Southern Cross University,9143,0.35,0.15,39.85,16.9,23.1,47.1,38.6,52.6,2017
573,SUNY University at Albany,15363,0.16,0.08,39.83,23.5,22.8,45.8,32.7,34.4,2017
574,University of the Sunshine Coast,7512,0.28,0.16,39.81,15.2,17.9,47.1,33.5,60.0,2017
575,Tampere University of Technology,5696,0.15,0.13,39.79,23.0,14.9,44.3,64.6,56.1,2017
576,University of Texas at Arlington,26833,0.24,0.11,39.77,20.0,17.4,48.3,40.7,36.3,2017
577,Tianjin University,30103,0.12,0.01,39.75,32.6,29.2,21.9,99.3,16.5,2017
578,University of Toledo,18916,0.16,0.1,39.73,32.8,14.1,33.6,44.3,38.8,2017
579,Tongji University,36432,0.14,0.12,39.71,32.4,35.2,22.3,98.7,39.2,2017
580,The University of Tulsa,4682,0.12,0.26,39.69,33.6,15.3,41.9,66.6,44.6,2017
581,University of Ulsan,14841,0.14,0.02,39.67,19.4,18.8,60.8,54.7,18.7,2017
582,Ulster University,17660,0.14,0.07,39.65,18.7,15.3,49.5,33.1,70.7,2017
583,United Arab Emirates University,7101,0.09,0.27,39.63,24.0,16.0,38.7,33.2,95.4,2017
584,University of Urbino Carlo Bo,13381,0.34,0.07,39.61,14.1,7.9,59.5,35.0,37.7,2017
585,University of Valencia,52339,0.16,0.09,39.59,20.9,18.4,50.5,34.4,41.7,2017
586,Polytechnic University of Valencia,25288,0.11,0.11,39.56,22.1,24.8,43.9,44.3,41.9,2017
587,University of Warsaw,47940,0.14,0.07,39.54,25.0,16.5,45.2,32.7,44.2,2017
588,Warsaw University of Technology,34708,0.15,0.03,39.52,18.4,9.9,59.0,36.7,21.5,2017
589,University of Wisconsin-Milwaukee,22442,0.18,0.06,39.5,21.1,17.8,53.6,34.0,28.2,2017
590,Xi’an Jiaotong University,31851,0.11,0.04,39.48,35.3,26.3,32.9,54.9,26.2,2017
591,University of Zaragoza,30733,0.12,0.05,39.46,20.3,12.5,49.7,38.6,35.1,2017
592,University of A Coruña,16598,0.13,0.02,39.44,17.6,10.9,23.7,35.5,27.3,2017
593,AGH University of Science and Technology,33244,0.15,0.02,39.42,16.1,11.0,40.3,36.6,19.4,2017
594,Ajou University,11724,0.1,0.04,39.4,20.8,12.4,28.1,48.4,22.2,2017
595,University of Alcalá,16820,0.12,0.2,39.38,19.6,11.5,31.8,42.2,55.8,2017
596,Alfaisal University,1473,0.12,0.33,39.36,16.9,7.3,32.2,37.4,96.0,2017
597,Aligarh Muslim University,15627,0.12,0.02,39.34,25.7,9.5,30.5,36.2,21.9,2017
598,American University of Sharjah,5545,0.15,0.84,39.32,16.3,12.3,13.6,33.2,95.3,2017
599,American University in Cairo,5875,0.14,0.06,39.3,24.8,8.7,16.4,33.2,69.4,2017
600,Amirkabir University of Technology,12468,0.23,0.01,39.28,22.7,18.9,35.5,59.9,15.4,2017
601,University of Antioquia,39516,0.24,0.0,39.26,16.5,18.5,13.9,43.3,38.8,2017
602,"Asia University, Taiwan",12330,0.26,0.02,39.25,13.5,18.4,24.1,45.1,19.6,2017
603,Auburn University,22282,0.18,0.05,39.23,31.7,18.3,24.2,40.0,30.9,2017
604,Austral University of Chile,14061,0.17,0.02,39.21,16.6,9.8,20.0,43.8,47.4,2017
605,Australian Catholic University,21123,0.31,0.1,39.19,14.9,17.7,44.2,35.4,40.3,2017
606,Babeş-Bolyai University,37128,0.23,0.02,39.17,25.2,11.5,29.9,32.7,38.1,2017
607,University of Bedfordshire,12960,0.19,0.33,39.15,14.9,10.0,22.6,32.8,73.1,2017
608,Beijing Institute of Technology,27603,0.13,0.06,39.13,30.0,24.7,13.0,78.4,19.2,2017
609,University of Beira Interior,6930,0.15,0.07,39.11,18.5,12.7,42.4,32.6,37.7,2017
610,"Birla Institute of Technology and Science, Pilani",12292,0.18,0.0,39.09,16.9,7.5,38.9,33.1,15.5,2017
611,Bournemouth University,11690,0.17,0.18,39.07,17.0,14.9,32.4,32.4,72.7,2017
612,University of Bradford,10295,0.19,0.29,39.05,17.9,14.4,25.9,36.0,78.2,2017
613,University of Brighton,15575,0.17,0.21,39.03,15.8,12.3,37.4,33.5,64.7,2017
614,Brno University of Technology,22985,0.2,0.17,39.01,17.6,12.0,30.1,38.8,40.4,2017
615,Budapest University of Technology and Economics,20584,0.22,0.03,38.99,15.8,13.6,32.2,45.8,28.5,2017
616,COMSATS University Islamabad,28626,0.11,0.0,38.97,16.7,7.1,45.2,32.1,43.5,2017
617,University of Calcutta,18883,0.34,0.0,38.95,32.6,11.1,16.6,33.5,14.0,2017
618,Capital Medical University,12080,0.07,0.03,38.93,27.1,18.2,17.1,34.2,19.1,2017
619,University of Castilla-La Mancha,25646,0.16,0.04,38.91,16.8,10.8,35.3,34.3,30.5,2017
620,University of Central Lancashire,17705,0.17,0.16,38.9,15.4,11.1,33.0,32.7,55.7,2017
621,Chang Gung University,7504,0.13,0.01,38.88,21.3,25.1,30.3,36.4,17.1,2017
622,Carlos III University of Madrid,15787,0.11,0.14,38.86,24.7,15.9,29.6,37.2,53.1,2017
623,"University of Chemistry and Technology, Prague",4525,0.11,0.19,38.84,24.1,7.2,23.4,39.0,48.6,2017
624,Chiang Mai University,37084,0.17,0.01,38.82,18.6,11.5,29.7,35.9,33.7,2017
625,Chiba University,14085,0.1,0.05,38.8,27.6,16.3,32.7,51.7,23.1,2017
626,"China University of Geosciences, Wuhan",29098,0.2,0.03,38.78,20.0,20.3,35.3,50.2,18.3,2017
627,"China University of Petroleum, Beijing",14997,0.2,0.06,38.76,24.3,25.5,8.8,100.0,18.3,2017
628,Jeonbuk National University,23596,0.15,0.03,38.74,19.2,14.9,25.6,36.1,27.7,2017
629,Chonnam National University,35577,0.19,0.03,38.72,17.5,13.4,31.1,35.6,22.5,2017
630,Chulalongkorn University,38368,0.15,0.03,38.71,26.6,16.8,19.0,50.2,33.0,2017
631,Chung Yuan Christian University,15187,0.3,0.05,38.69,14.9,23.2,17.7,43.2,21.5,2017
632,Clemson University,19743,0.17,0.07,38.67,23.5,22.0,33.0,38.8,35.6,2017
633,Comenius University in Bratislava,22683,0.11,0.1,38.65,21.9,11.7,24.0,32.4,47.9,2017
634,University of Concepción,26253,0.18,0.01,38.63,15.5,13.0,20.8,56.4,46.2,2017
635,Coventry University,21285,0.14,0.41,38.61,17.0,9.2,27.7,32.6,76.1,2017
636,Czech Technical University in Prague,22015,0.14,0.15,38.59,18.9,20.8,36.4,38.5,42.4,2017
637,Dalian University of Technology,36595,0.16,0.02,38.57,21.8,20.1,29.3,81.5,21.0,2017
638,De Montfort University,16080,0.19,0.23,38.56,16.3,12.4,37.7,32.8,62.1,2017
639,University of Delhi,22494,0.2,0.01,38.54,39.0,17.3,21.9,32.1,15.9,2017
640,Diego Portales University,15868,0.14,0.02,38.52,11.8,8.5,52.2,32.8,48.6,2017
641,Dublin Institute of Technology,14215,0.2,0.24,38.5,15.0,10.4,27.7,32.1,72.6,2017
642,University of East London,13185,0.23,0.33,38.48,18.8,12.8,11.7,32.2,76.7,2017
643,Eastern Mediterranean University,16053,0.32,0.34,38.46,13.3,7.7,24.1,32.8,71.5,2017
644,Edinburgh Napier University,10645,0.2,0.31,38.44,14.2,10.6,23.6,35.1,73.6,2017
645,Ehime University,9597,0.11,0.03,38.43,24.3,29.5,18.2,37.5,24.5,2017
646,Eötvös Loránd University,24868,0.16,0.07,38.41,20.7,11.8,34.8,32.9,46.5,2017
647,Universidade Federal do ABC (UFABC),11423,0.21,0.01,38.39,14.9,12.8,33.4,36.4,31.9,2017
648,Federal University of Minas Gerais,42240,0.14,0.01,38.37,30.6,14.3,25.5,33.6,22.7,2017
649,Universidade Federal do Paraná (UFPR),23673,0.11,0.01,38.35,24.3,23.9,8.0,32.1,17.2,2017
650,Universidade Federal do Rio Grande do Sul,38897,0.14,0.01,38.33,31.0,10.8,23.9,32.1,21.5,2017
651,Federal University of Rio de Janeiro,53377,0.13,0.02,38.32,31.1,15.7,20.1,41.7,27.9,2017
652,Universidade Federal de Santa Catarina,33360,0.14,0.03,38.3,25.3,12.4,20.1,54.0,24.4,2017
653,Universidade Federal de São Paulo (UNIFESP),12525,0.08,0.01,38.28,37.5,19.1,26.8,32.1,22.3,2017
654,Feng Chia University,20848,0.25,0.09,38.26,14.8,15.6,36.0,38.0,26.0,2017
655,Florida Institute of Technology,4715,0.14,0.3,38.24,25.5,13.4,28.8,36.6,60.6,2017
656,University of La Frontera,9731,0.25,0.01,38.23,14.3,10.2,22.8,53.0,40.9,2017
657,University of Ghana,37804,0.32,0.02,38.21,16.1,24.7,19.5,34.8,49.5,2017
658,Glasgow Caledonian University,13730,0.22,0.18,38.19,18.0,10.7,38.8,33.2,59.3,2017
659,University of Greenwich,15210,0.2,0.34,38.17,15.4,11.2,35.9,33.4,82.9,2017
660,Hacettepe University,38109,0.18,0.05,38.15,20.3,10.5,36.5,32.6,21.9,2017
661,University of Haifa,17871,0.3,0.01,38.14,22.2,24.7,27.7,33.7,35.3,2017
662,Hofstra University,9920,0.14,0.1,38.12,35.8,4.8,18.9,32.1,26.6,2017
663,University of Huddersfield,15035,0.18,0.26,38.1,18.3,12.6,24.5,32.9,63.6,2017
664,Hunan University,43684,0.24,0.02,38.08,17.0,17.0,34.8,45.2,16.2,2017
665,ISCTE-University Institute of Lisbon,8926,0.27,0.11,38.06,24.8,23.2,15.2,36.9,45.2,2017
666,Indian Institute of Technology Guwahati,4959,0.13,0.01,38.05,26.6,16.6,42.1,35.4,14.6,2017
667,Inha University,20190,0.24,0.03,38.03,21.3,19.8,23.3,59.9,25.2,2017
668,Isfahan University of Technology,9182,0.2,0.01,38.01,19.5,20.0,38.4,89.8,18.9,2017
669,Istanbul University,90614,0.44,0.06,37.99,22.5,23.6,11.8,52.4,22.2,2017
670,Jagiellonian University,41788,0.12,0.06,37.97,23.8,14.7,38.1,33.6,34.6,2017
671,University of Jaén,16665,0.2,0.03,37.96,13.7,10.9,50.1,34.2,25.9,2017
672,The Jikei University School of Medicine,1053,0.02,0.0,37.94,32.4,10.9,15.2,35.3,13.9,2017
673,Jilin University,66668,0.14,0.03,37.92,28.1,15.9,20.5,42.2,25.2,2017
674,University of Johannesburg,38156,0.32,0.04,37.9,16.7,18.4,23.5,37.4,43.2,2017
675,Jordan University of Science and Technology,24889,0.22,0.2,37.89,10.4,7.6,50.2,33.2,62.4,2017
676,Juntendo University,4054,0.04,0.01,37.87,34.5,11.3,23.5,49.1,18.3,2017
677,K.N. Toosi University of Technology,7050,0.17,0.0,37.85,18.9,13.2,28.0,43.0,14.3,2017
678,Kanazawa University,10500,0.1,0.05,37.83,27.5,16.0,36.6,34.2,20.3,2017
679,Kaohsiung Medical University,6981,0.12,0.05,37.82,20.5,18.5,25.4,35.2,22.1,2017
680,Universiti Kebangsaan Malaysia,20427,0.12,0.1,37.8,30.6,18.6,11.1,34.0,33.8,2017
681,Keio University,34594,0.11,0.06,37.78,30.3,20.7,30.5,40.9,25.9,2017
682,University Rey Juan Carlos,33335,0.27,0.1,37.76,14.8,9.5,35.3,35.0,39.2,2017
683,King Mongkut’s University of Technology Thonburi,16801,0.23,0.01,37.75,16.6,11.4,42.1,80.3,28.8,2017
684,Kingston University,18255,0.22,0.35,37.73,16.6,14.2,27.5,32.7,79.7,2017
685,Kindai University,32010,0.12,0.02,37.71,18.8,8.3,33.0,35.6,17.9,2017
686,Kobe University,15779,0.08,0.06,37.69,29.3,19.2,25.3,41.5,22.7,2017
687,Kochi University,5608,0.09,0.01,37.68,20.0,9.4,42.7,39.6,25.9,2017
688,Konkuk University,26890,0.32,0.06,37.66,23.8,24.5,20.2,36.7,24.0,2017
689,Kumamoto University,10221,0.08,0.05,37.64,25.8,12.3,31.3,43.4,24.3,2017
690,Kuwait University,37365,0.24,0.13,37.63,18.1,8.9,28.3,37.1,69.4,2017
691,Kyungpook National University,27191,0.18,0.04,37.61,19.2,17.9,21.4,39.6,23.4,2017
692,University of La Laguna,21497,0.15,0.06,37.59,16.9,9.6,48.5,32.7,47.1,2017
693,Leeds Beckett University,19910,0.21,0.12,37.57,15.7,10.8,28.4,32.6,41.5,2017
694,University of Lincoln,11000,0.18,0.15,37.56,15.8,12.1,22.6,33.3,61.2,2017
695,University of Ljubljana,45607,0.17,0.04,37.54,24.0,14.7,27.3,35.4,35.8,2017
696,London Metropolitan University,12475,0.22,0.36,37.52,16.1,11.5,19.4,32.6,82.0,2017
697,Manchester Metropolitan University,27325,0.18,0.14,37.51,18.2,11.4,32.8,32.3,57.2,2017
698,Masaryk University,38249,0.25,0.19,37.49,20.8,18.1,34.3,33.5,54.3,2017
699,Miami University,16659,0.22,0.08,37.47,21.3,18.5,40.1,34.2,28.0,2017
700,Middle East Technical University,26355,0.23,0.07,37.45,27.3,19.5,31.4,58.8,27.8,2017
701,University of Murcia,30192,0.15,0.05,37.44,18.4,12.7,31.0,33.5,32.0,2017
702,Nagasaki University,9172,0.07,0.04,37.42,25.1,10.8,17.9,35.0,23.7,2017
703,Nagoya City University,4313,0.08,0.02,37.4,26.1,12.2,31.2,41.5,18.4,2017
704,Nagoya Institute of Technology,5763,0.17,0.04,37.39,19.1,18.7,18.5,48.0,19.7,2017
705,Nanjing Agricultural University,25828,0.16,0.01,37.37,22.8,15.2,38.6,42.9,16.4,2017
706,Nanjing Medical University,12013,0.09,0.04,37.35,27.2,22.9,33.0,33.2,18.2,2017
707,Nanjing Normal University,26588,0.15,0.03,37.34,17.9,9.0,33.8,46.9,15.7,2017
708,National Central University,10826,0.1,0.07,37.32,26.6,23.6,21.3,65.8,28.4,2017
709,National Chung Cheng University,10129,0.19,0.04,37.3,19.6,21.6,17.5,39.7,18.5,2017
710,National Chung Hsing University,15729,0.19,0.04,37.29,18.8,15.4,25.5,42.1,18.5,2017
711,National University of Sciences and Technology,10227,0.08,0.03,37.27,19.9,8.1,36.2,32.6,35.2,2017
712,National Sun Yat-Sen University,9344,0.17,0.05,37.25,23.8,27.2,28.9,44.5,26.4,2017
713,National Taiwan Ocean University,8371,0.21,0.05,37.24,16.3,18.7,23.0,51.3,21.1,2017
714,National Institute of Technology Rourkela,5675,0.19,0.03,37.22,21.5,8.6,31.7,32.7,14.0,2017
715,Niigata University,12479,0.08,0.04,37.2,23.7,10.6,19.1,36.1,22.2,2017
716,University of North Carolina at Greensboro,18497,0.22,0.03,37.19,19.3,15.5,41.6,33.2,19.4,2017
717,Northeast Normal University,23287,0.15,0.02,37.17,19.0,5.1,54.2,34.0,15.0,2017
718,"Northeastern University, China",31278,0.15,0.04,37.15,21.0,22.0,7.8,98.6,24.8,2017
719,Northumbria University,22445,0.18,0.16,37.14,17.6,13.2,38.4,33.0,61.2,2017
720,Northwestern Polytechnical University,26345,0.16,0.03,37.12,26.3,27.2,8.4,78.3,16.4,2017
721,Nottingham Trent University,21930,0.17,0.18,37.1,16.1,10.6,32.2,32.3,55.3,2017
722,Oakland University,15083,0.2,0.02,37.09,17.4,11.8,24.5,33.5,24.5,2017
723,Ohio University (Main campus),30341,0.21,0.06,37.07,24.9,14.2,28.5,34.2,29.5,2017
724,Okayama University,13186,0.08,0.04,37.05,26.1,14.6,26.4,44.0,21.9,2017
725,Osaka City University,8493,0.1,0.04,37.04,28.5,13.4,33.6,40.2,21.8,2017
726,University of Oviedo,24845,0.14,0.02,37.02,18.3,12.4,44.2,33.4,30.5,2017
727,Palacký University Olomouc,18482,0.11,0.09,37.01,19.0,12.6,40.8,32.9,52.2,2017
728,Panjab University,15778,0.22,0.01,36.99,23.8,9.2,46.2,32.3,15.2,2017
729,University of Patras,24477,0.33,0.06,36.97,15.3,11.4,35.9,43.6,34.6,2017
730,Pontifical Catholic University of Rio Grande do Sul (PUCRS),21471,0.21,0.01,36.96,20.3,11.8,28.7,46.2,23.1,2017
731,Pontifical Catholic University of Rio de Janeiro (PUC-Rio),15047,0.22,0.03,36.94,27.3,23.9,20.6,100.0,35.2,2017
732,University of Pretoria,34447,0.23,0.08,36.92,22.7,24.1,25.6,63.2,47.1,2017
733,Universiti Putra Malaysia,24161,0.12,0.17,36.91,26.9,24.3,14.4,36.3,59.6,2017
734,University of Pécs,18109,0.15,0.13,36.89,20.0,9.1,33.1,38.2,55.9,2017
735,Quaid-i-Azam University,13126,0.26,0.0,36.88,18.2,0.8,56.9,32.1,39.9,2017
736,Rochester Institute of Technology,13518,0.14,0.16,36.86,19.8,16.2,30.9,33.7,33.8,2017
737,University of Roehampton,7455,0.18,0.23,36.84,16.6,17.4,18.3,32.2,66.5,2017
738,Universiti Sains Malaysia,28592,0.15,0.08,36.83,33.1,16.0,13.1,37.9,44.2,2017
739,University of Salamanca,32517,0.19,0.12,36.81,23.3,14.4,32.2,35.2,44.5,2017
740,University of Salford,15610,0.17,0.22,36.8,19.6,14.4,23.7,32.7,64.9,2017
741,University of Santiago de Compostela,28259,0.16,0.09,36.78,19.8,14.9,40.9,35.7,42.4,2017
742,Savitribai Phule Pune University,5493,0.15,0.04,36.76,38.7,11.4,14.8,33.0,18.6,2017
743,University of Science and Technology Beijing,24136,0.16,0.04,36.75,26.8,22.4,10.8,63.3,16.3,2017
744,University of Seville,62090,0.17,0.06,36.73,19.5,13.9,33.1,37.9,34.4,2017
745,Shantou University,9805,0.14,0.0,36.72,17.5,10.2,33.3,35.1,32.4,2017
746,Shinshu University,11026,0.1,0.02,36.7,22.3,11.4,26.2,37.3,21.1,2017
747,Shiraz University,13686,0.22,0.01,36.68,19.1,19.4,17.7,54.7,15.2,2017
748,Sichuan University,61533,0.14,0.04,36.67,26.1,21.2,20.1,76.3,18.3,2017
749,Sohag University,36460,0.24,0.0,36.65,21.6,1.8,30.9,32.1,43.4,2017
750,South China University of Technology,41868,0.17,0.03,36.64,20.3,19.4,39.5,67.9,18.6,2017
751,University of Southern Queensland,14388,0.28,0.2,36.62,21.8,14.6,20.7,32.7,67.7,2017
752,Sri Venkateswara University,6880,0.16,0.0,36.6,34.3,11.5,11.2,32.8,15.5,2017
753,Suez Canal University,34490,0.12,0.02,36.59,16.6,22.5,18.7,32.1,44.9,2017
754,Sultan Qaboos University,7634,0.08,0.03,36.57,23.2,9.6,17.0,40.9,70.3,2017
755,Suranaree University of Technology,10548,0.27,0.01,36.56,20.6,10.9,22.4,33.6,31.5,2017
756,University of Szeged,21420,0.13,0.11,36.54,20.6,11.0,30.0,36.1,50.8,2017
757,Universidade Estadual Paulista (Unesp),53884,0.14,0.02,36.53,29.5,18.8,9.2,34.5,18.8,2017
758,TOBB University of Economics and Technology,4506,0.18,0.01,36.51,13.6,10.6,28.3,32.4,30.1,2017
759,Taipei Medical University,6102,0.1,0.06,36.49,26.4,21.1,27.3,97.9,28.4,2017
760,Tallinn University of Technology,13050,0.24,0.06,36.48,14.7,11.4,44.7,44.7,42.5,2017
761,Tata Institute of Fundamental Research,579,0.02,0.01,36.46,24.4,10.0,45.1,32.1,37.2,2017
762,Technical University of Madrid,40523,0.13,0.12,36.45,21.9,13.7,30.8,39.1,41.9,2017
763,Teesside University,11375,0.18,0.11,36.43,15.8,8.8,34.4,32.4,44.4,2017
764,University of Tehran,54000,0.27,0.01,36.42,27.8,12.6,22.1,32.1,19.1,2017
765,Tehran University of Medical Sciences,13388,0.08,0.02,36.4,50.2,14.2,14.1,33.6,15.5,2017
766,Universiti Teknologi Malaysia,21992,0.12,0.19,36.39,26.8,15.7,27.1,33.1,54.8,2017
767,Texas Tech University,30145,0.2,0.07,36.37,27.7,16.6,25.4,33.6,41.1,2017
768,University of Texas at El Paso,16389,0.24,0.07,36.35,20.7,20.9,20.9,32.1,33.0,2017
769,Tezpur University,3300,0.14,0.0,36.34,22.4,14.2,39.8,32.2,12.3,2017
770,Tokushima University,7550,0.09,0.03,36.32,27.4,17.9,14.2,54.3,18.5,2017
771,Tokyo University of Agriculture and Technology,5802,0.15,0.05,36.31,26.4,22.9,20.8,44.6,20.9,2017
772,Tokyo University of Science,19911,0.25,0.01,36.29,21.1,23.7,22.5,37.8,16.8,2017
773,Toyohashi University of Technology (TUT),2331,0.1,0.08,36.28,22.3,17.2,16.8,47.7,24.7,2017
774,Universiti Teknologi Petronas,5466,0.14,0.27,36.26,25.1,17.0,10.3,65.5,64.4,2017
775,University of Vigo,20834,0.17,0.04,36.25,15.5,11.7,33.2,37.0,36.5,2017
776,Vilnius University,18442,0.12,0.04,36.23,19.2,12.7,35.0,40.2,40.4,2017
777,Waseda University,51809,0.17,0.08,36.22,25.9,20.0,30.1,35.6,32.4,2017
778,University of the West of England,20755,0.19,0.17,36.2,15.6,13.4,38.3,32.9,53.3,2017
779,University of the West of Scotland,11595,0.21,0.11,36.19,14.0,10.3,40.0,32.3,56.7,2017
780,West University of Timişoara,13555,0.18,0.04,36.17,18.1,7.9,29.2,32.1,29.8,2017
781,University of the Western Cape,20182,0.33,0.08,36.16,17.9,14.3,40.1,32.7,58.4,2017
782,University of Westminster,16570,0.2,0.45,36.14,15.6,14.0,22.2,32.4,81.0,2017
783,University of Windsor,15453,0.19,0.16,36.12,18.0,13.7,24.7,35.3,48.3,2017
784,Yamagata University,8866,0.08,0.02,36.11,22.3,10.0,22.8,50.4,19.4,2017
785,University of Yamanashi,4842,0.07,0.04,36.09,25.3,10.2,19.5,35.9,19.8,2017
786,Yeungnam University,22658,0.16,0.03,36.08,33.1,11.4,35.0,38.9,28.0,2017
787,Yokohama City University,4851,0.05,0.02,36.06,23.8,6.4,38.0,39.4,16.9,2017
788,Yuan Ze University,8814,0.21,0.05,36.05,17.1,14.1,25.3,45.7,20.9,2017
789,École Centrale de Lyon,1872,0.18,0.23,36.03,28.8,15.0,23.7,82.7,64.9,2017
790,Izmir Institute of Technology,4201,0.19,0.04,36.02,17.7,9.0,25.2,42.5,29.2,2017
791,Acharya Nagarjuna University,5605,0.17,0.03,36.0,36.2,7.8,1.7,39.9,17.1,2017
792,"Adam Mickiewicz University, Poznań",39291,0.15,0.02,35.99,17.6,10.4,20.4,32.7,28.1,2017
793,"University of Agriculture, Faisalabad",15122,0.29,0.0,35.97,14.8,12.2,20.6,32.2,26.2,2017
794,Ain Shams University,133048,0.12,0.02,35.96,19.2,7.9,9.6,33.3,31.2,2017
795,Alexandria University,154366,0.27,0.03,35.94,16.2,8.7,20.6,34.8,42.2,2017
796,Alexandru Ioan Cuza University,23707,0.3,0.03,35.93,20.1,11.7,11.2,32.2,48.7,2017
797,Amity University,25391,0.15,0.03,35.91,15.0,7.5,10.0,32.9,16.6,2017
798,Amrita Vishwa Vidyapeetham,18938,0.12,0.09,35.9,18.7,6.0,10.8,44.4,37.1,2017
799,Anadolu University,1414640,5.94,0.0,35.88,10.9,8.9,15.3,39.3,15.1,2017
800,"University of the Andes, Venezuela",54595,0.23,0.0,35.87,13.1,6.9,13.2,32.1,41.5,2017
801,Andhra University,10882,0.21,0.04,35.85,33.0,8.1,1.6,35.5,15.0,2017
802,Ankara University,59554,0.16,0.04,35.84,18.0,5.3,10.4,32.6,18.8,2017
803,Universidad Autónoma de Nuevo León (UANL),104912,0.29,0.0,35.83,11.6,6.7,8.1,32.1,28.2,2017
804,Benemérita Universidad Autónoma de Puebla,64029,0.14,0.0,35.81,14.6,8.2,9.7,32.1,22.2,2017
805,Universidad Autónoma del Estado de Mexico (UAEMex),52482,0.23,0.0,35.8,15.6,8.6,5.4,32.4,23.1,2017
806,Bahauddin Zakariya University,21433,0.3,0.0,35.78,13.2,10.1,24.0,0.0,25.8,2017
807,Bandung Institute of Technology (ITB),19757,0.14,0.01,35.77,19.0,11.1,1.9,84.4,28.0,2017
808,University of Belgrade,99335,0.25,0.04,35.75,17.4,12.5,20.7,36.7,32.2,2017
809,University of Bucharest,31305,0.24,0.02,35.74,22.3,7.4,9.4,32.2,25.5,2017
810,Cairo University,256470,0.46,0.02,35.72,18.2,11.8,15.8,33.4,30.6,2017
811,Central South University,55100,0.17,0.01,35.71,23.7,11.3,18.5,48.7,14.6,2017
812,University of Cergy-Pontoise,17165,0.09,0.14,35.69,18.9,7.5,16.8,34.8,55.8,2017
813,Chiba Institute of Technology,9644,0.34,0.01,35.68,13.5,9.6,8.9,34.5,15.0,2017
814,China University of Mining and Technology,43024,0.19,0.01,35.66,19.2,14.4,11.3,65.4,13.4,2017
815,Chongqing University,46461,0.16,0.03,35.65,18.0,17.5,14.4,65.4,18.4,2017
816,Chungnam National University,22433,0.22,0.03,35.63,23.6,9.2,13.0,48.5,20.5,2017
817,Chuo University,26908,0.39,0.03,35.62,23.3,8.5,18.6,34.4,20.0,2017
818,Cochin University of Science and Technology,7615,0.32,0.0,35.61,25.9,12.8,4.4,32.1,14.8,2017
819,University of Colombo,16296,0.22,0.01,35.59,12.2,6.8,11.0,32.1,37.0,2017
820,University of Costa Rica,30067,0.1,0.12,35.58,19.3,7.7,16.6,2.5,42.4,2017
821,Czech University of Life Sciences Prague (CZU),18149,0.22,0.16,35.56,15.8,11.4,9.1,48.5,65.7,2017
822,University of Debrecen,28812,0.2,0.13,35.55,17.5,4.3,23.4,37.1,48.7,2017
823,Doshisha University,28899,0.23,0.03,35.53,14.7,6.2,7.2,33.5,22.1,2017
824,University of Electronic Science and Technology of China,34483,0.16,0.01,35.52,16.0,6.6,15.0,32.1,17.2,2017
825,Embry-Riddle Aeronautical University,15259,0.1,0.1,35.5,18.0,6.6,12.2,33.2,25.6,2017
826,Erciyes University,31185,0.24,0.03,35.49,15.4,10.1,26.6,37.1,19.8,2017
827,Universidade Federal da Bahia,35173,0.14,0.01,35.48,18.5,5.2,14.4,1.1,22.2,2017
828,Universidade Federal do Ceará (UFC),34836,0.18,0.01,35.46,22.9,4.7,16.6,1.5,19.8,2017
829,Federal University of Goiás,29785,0.05,0.0,35.45,17.4,7.1,14.0,32.1,18.9,2017
830,Federal University of Pernambuco,31512,0.12,0.01,35.43,23.5,5.0,11.5,32.1,18.5,2017
831,Federal University of Rio Grande do Norte (UFRN),40110,0.19,0.01,35.42,20.9,8.2,10.6,44.0,18.5,2017
832,Federal University of Santa Maria,24695,0.13,0.0,35.4,20.3,5.0,7.2,32.8,14.5,2017
833,Federal University of São Carlos,16556,0.14,0.02,35.39,23.0,6.8,12.9,32.1,21.4,2017
834,Federal University of Viçosa,16819,0.14,0.02,35.38,21.8,8.8,6.4,53.1,16.2,2017
835,Federal University of Lavras,11894,0.21,0.01,35.36,31.9,14.2,5.1,43.7,14.9,2017
836,Ferdowsi University of Mashhad,23187,0.29,0.04,35.35,21.6,8.6,16.1,0.6,19.3,2017
837,Fluminense Federal University,43821,0.13,0.0,35.33,18.4,7.9,8.5,32.3,22.7,2017
838,Fu Jen Catholic University,27427,0.25,0.05,35.32,13.8,9.9,19.3,45.9,20.9,2017
839,Gazi University,76768,0.25,0.03,35.3,17.5,9.1,9.6,36.8,14.5,2017
840,Gdańsk University of Technology,25491,0.21,0.01,35.29,14.8,9.2,28.3,37.6,17.6,2017
841,Gifu University,7280,0.1,0.04,35.28,21.8,12.0,16.2,36.0,19.7,2017
842,University of Guadalajara,109375,0.51,0.01,35.26,14.9,3.1,6.1,32.1,27.7,2017
843,Gunma University,6393,0.1,0.03,35.25,22.3,11.5,13.1,44.1,17.1,2017
844,Hallym University,9497,0.11,0.02,35.23,18.6,7.2,11.3,33.3,17.7,2017
845,The Hashemite University,29803,0.33,0.01,35.22,8.2,7.6,20.3,32.1,40.8,2017
846,Hosei University,29171,0.39,0.01,35.21,14.1,4.9,14.0,33.1,20.8,2017
847,I-Shou University,16583,0.3,0.11,35.19,12.7,14.8,15.7,47.9,27.0,2017
848,University of Ibadan,26753,0.17,0.01,35.18,27.5,11.3,5.7,40.4,28.8,2017
849,University of Indonesia,46775,0.21,0.0,35.16,17.5,9.7,12.6,44.0,33.0,2017
850,Islamic Azad University Karaj,30000,0.52,0.01,35.15,14.0,7.8,15.2,32.1,15.8,2017
851,Ivane Javakhishvili Tbilisi State University,21675,0.29,0.02,35.14,12.1,9.0,2.1,32.9,37.8,2017
852,Iwate University,5719,0.14,0.03,35.12,19.8,6.6,12.8,42.0,20.2,2017
853,Jiangsu University,32664,0.07,0.03,35.11,20.5,8.5,11.6,52.8,25.2,2017
854,Jinan University,45094,0.2,0.26,35.09,19.1,13.2,14.8,36.7,41.9,2017
855,The University of Jordan,26532,0.12,0.17,35.08,19.2,6.0,9.6,33.8,66.4,2017
856,Kansai University,30178,0.11,0.03,35.07,24.3,6.7,9.9,32.7,21.4,2017
857,University of Karachi,22990,0.2,0.0,35.05,17.1,8.3,4.3,32.1,29.4,2017
858,Kasetsart University,67148,0.23,0.01,35.04,14.5,9.7,8.7,40.2,34.7,2017
859,Kaunas University of Technology,9873,0.13,0.04,35.02,17.5,10.9,4.2,36.1,21.5,2017
860,Khon Kaen University,37320,0.16,0.01,35.01,18.5,8.5,21.3,45.6,29.9,2017
861,King Mongkut’s Institute of Technology Ladkrabang,24642,0.25,0.0,35.0,14.0,21.8,11.3,83.1,17.9,2017
862,Kwansei Gakuin University,24107,0.16,0.04,34.98,15.1,7.1,5.7,32.8,25.6,2017
863,Kyushu Institute of Technology (Kyutech),5872,0.16,0.04,34.97,18.0,10.5,14.3,50.5,22.6,2017
864,University of Lahore,23831,0.19,0.02,34.96,12.2,7.5,10.9,32.1,32.1,2017
865,University of Latvia,12480,0.31,0.06,34.94,21.7,12.0,14.9,32.9,31.8,2017
866,London South Bank University,12480,0.17,0.34,34.93,14.4,8.3,15.2,32.5,68.5,2017
867,Londrina State University,20546,0.12,0.01,34.91,19.9,6.7,7.9,32.1,15.5,2017
868,Lviv Polytechnic National University,28037,0.14,0.01,34.9,16.6,7.6,1.0,32.4,25.0,2017
869,Maharaja Sayajirao University of Baroda,37783,0.55,0.0,34.89,15.9,8.5,16.4,32.3,12.3,2017
870,Manipal Academy of Higher Education,24022,0.1,0.1,34.87,20.7,9.2,2.3,32.2,25.0,2017
871,Mansoura University,113021,0.18,0.03,34.86,15.7,2.6,19.0,32.1,37.1,2017
872,Marmara University,66212,0.33,0.04,34.85,14.8,3.2,10.4,32.1,19.8,2017
873,University of Marrakech Cadi Ayyad,64260,0.44,0.01,34.83,14.1,6.8,23.4,34.2,41.9,2017
874,Meiji University,32433,0.3,0.04,34.82,14.7,10.5,16.9,43.2,20.9,2017
875,Ming Chuan University,18809,0.24,0.1,34.81,12.2,8.0,8.8,32.5,24.8,2017
876,Mohammed V University of Rabat,75403,0.36,0.03,34.79,21.8,7.7,9.8,37.6,31.3,2017
877,University of Monastir,24724,0.14,0.01,34.78,15.9,7.0,9.6,32.1,39.4,2017
878,Tokyo City University,8150,0.16,0.01,34.77,16.4,8.8,10.1,36.9,17.4,2017
879,Nagaoka University of Technology,2297,0.1,0.11,34.75,24.2,12.4,14.0,38.9,31.4,2017
880,University of Nairobi,74654,0.42,0.01,34.74,13.6,10.0,20.2,32.9,46.3,2017
881,Nanjing Tech University,28861,0.18,0.01,34.72,15.4,11.5,16.1,67.7,15.7,2017
882,National Chengchi University,15922,0.17,0.12,34.71,18.9,13.7,10.9,34.6,41.4,2017
883,National University of the South,19086,0.07,0.01,34.7,21.3,6.9,8.8,1.1,17.5,2017
884,National Taipei University of Technology,10409,0.17,0.05,34.68,15.8,13.7,17.9,74.0,19.1,2017
885,National Technical University of Ukraine – Igor Sikorsky Kyiv Polytechnic Institute,22328,0.09,0.02,34.67,21.8,9.5,1.5,33.3,17.8,2017
886,Nicolaus Copernicus University in Toruń,22551,0.11,0.01,34.66,18.6,8.0,16.3,33.7,22.6,2017
887,Ocean University of China,35373,0.2,0.01,34.64,18.9,11.4,21.0,46.6,17.2,2017
888,Oita University,5834,0.07,0.02,34.63,22.7,7.3,10.3,33.3,16.4,2017
889,Osaka Prefecture University,7931,0.07,0.03,34.62,23.2,11.5,16.9,39.8,19.1,2017
890,Osmania University,11921,0.12,0.04,34.6,29.6,12.2,7.3,32.4,9.1,2017
891,Universidade Federal de Ouro Preto (UFOP),15948,0.18,0.0,34.59,14.5,4.6,13.2,33.9,17.2,2017
892,University of Pardubice,10508,0.19,0.04,34.58,15.6,12.1,16.5,32.8,23.5,2017
893,University of the Philippines,48501,0.11,0.01,34.56,20.1,9.3,13.5,40.8,42.1,2017
894,Pontifícia Universidade Católica do Paraná,24682,0.22,0.01,34.55,14.4,8.0,24.6,33.9,19.3,2017
895,Pontifical Catholic University of Valparaíso,15241,0.25,0.01,34.54,14.0,10.7,13.5,51.7,45.2,2017
896,Prince of Songkla University,41043,0.17,0.01,34.52,14.6,7.6,25.7,33.2,31.2,2017
897,Riga Technical University,11790,0.27,0.07,34.51,15.8,10.3,16.2,38.9,24.5,2017
898,Universidade do Estado do Rio de Janeiro (UERJ),24276,0.12,0.0,34.5,20.9,10.8,17.8,49.2,17.8,2017
899,Ritsumeikan University,34867,0.24,0.04,34.48,15.6,8.5,12.8,33.5,24.3,2017
900,Robert Gordon University,9630,0.19,0.23,34.47,15.0,9.6,15.1,33.0,63.4,2017
901,SASTRA University,13649,0.18,0.0,34.46,12.9,7.4,14.7,32.3,11.6,2017
902,SRM Institute of Science and Technology,42345,0.16,0.02,34.45,14.9,7.2,7.1,32.6,14.8,2017
903,Saitama University,7459,0.12,0.02,34.43,19.1,11.0,22.8,33.3,22.6,2017
904,Saitama Medical University,1888,0.02,0.01,34.42,22.8,7.3,21.3,37.2,13.5,2017
905,"University of Santiago, Chile (USACH)",22720,0.21,0.01,34.41,15.9,10.8,9.6,32.3,40.4,2017
906,Sathyabama Institute of Science and Technology,15918,0.2,0.01,34.39,14.8,7.9,3.7,32.4,12.4,2017
907,University of Seoul,10498,0.19,0.03,34.38,22.0,8.7,20.1,33.0,21.2,2017
908,Shaanxi Normal University,25799,0.16,0.01,34.37,16.4,9.0,21.7,32.1,14.5,2017
909,Shahid Beheshti University,18607,0.25,0.01,34.35,18.9,14.8,14.8,53.8,15.1,2017
910,Shanghai University,48397,0.19,0.01,34.34,18.1,14.7,19.8,44.5,16.0,2017
911,Sheffield Hallam University,25505,0.17,0.16,34.33,16.6,10.3,19.7,32.5,48.6,2017
912,Shibaura Institute of Technology,9357,0.17,0.02,34.31,15.8,8.4,6.9,34.6,17.1,2017
913,Shimane University,5974,0.09,0.02,34.3,22.5,9.1,10.1,35.4,17.3,2017
914,Shizuoka University,10083,0.14,0.03,34.29,17.4,12.2,15.0,36.2,22.7,2017
915,Showa University,3728,0.02,0.0,34.28,28.2,8.3,10.5,35.8,14.4,2017
916,Sidi Mohamed Ben Abdellah University,82019,0.59,0.01,34.26,21.9,6.2,2.4,32.1,21.1,2017
917,University of Silesia in Katowice,26470,0.14,0.02,34.25,17.1,7.7,22.7,32.1,21.8,2017
918,Simón Bolívar University,12545,0.15,0.0,34.24,15.8,11.3,16.8,0.7,39.2,2017
919,Slovak University of Technology in Bratislava,16402,0.15,0.02,34.22,20.3,9.5,13.8,34.9,27.9,2017
920,Sofia University,23158,0.14,0.04,34.21,18.8,10.8,9.5,33.7,38.0,2017
921,Sophia University,13468,0.25,0.09,34.2,19.9,10.4,7.7,33.4,36.9,2017
922,University of South Africa,187043,0.97,0.09,34.18,16.9,9.9,12.6,32.4,34.3,2017
923,South Valley University,42020,0.54,0.01,34.17,12.5,4.4,22.2,32.1,43.5,2017
924,University of Southern Mississippi,14143,0.18,0.03,34.16,20.1,8.5,23.0,38.3,22.6,2017
925,Southwest Jiaotong University,40075,0.15,0.02,34.15,18.1,12.1,5.8,76.5,18.5,2017
926,Universidade Estadual de Maringá,23532,0.15,0.01,34.13,16.9,9.9,5.1,32.5,13.8,2017
927,University of Talca,10436,0.25,0.01,34.12,14.1,11.2,12.3,32.1,46.2,2017
928,Tamkang University,27612,0.26,0.06,34.11,13.4,11.2,12.2,34.6,23.0,2017
929,Taras Shevchenko National University of Kyiv,20759,0.08,0.03,34.1,29.5,10.7,5.7,32.8,30.5,2017
930,Technical University of Liberec,6599,0.14,0.07,34.08,17.8,9.6,3.7,35.7,28.8,2017
931,Universiti Teknologi MARA,59795,0.15,0.0,34.07,14.8,8.6,11.5,32.4,15.9,2017
932,University of Abou Bekr Belkaïd Tlemcen,43008,0.25,0.01,34.06,21.7,10.1,4.5,32.1,39.1,2017
933,Tokai University,29959,0.13,0.01,34.04,19.5,8.6,20.7,36.4,20.2,2017
934,Tokyo Denki University,9652,0.27,0.02,34.03,13.4,7.7,2.3,0.4,15.9,2017
935,Tokyo University of Marine Science and Technology,2678,0.11,0.06,34.02,22.2,12.7,11.0,53.0,26.4,2017
936,Tomas Bata University in Zlín,10223,0.23,0.08,34.01,15.9,13.7,12.6,34.5,46.0,2017
937,Tottori University,6185,0.08,0.02,33.99,25.0,8.4,11.4,36.7,17.9,2017
938,University of Toyama,9308,0.11,0.03,33.98,21.4,12.0,17.7,41.9,24.5,2017
939,University of Tunis El Manar,37781,0.21,0.01,33.97,17.9,7.4,7.3,32.5,39.6,2017
940,Universiti Utara Malaysia,12538,0.12,0.18,33.96,20.5,11.0,2.2,35.4,45.1,2017
941,Utsunomiya University,5024,0.15,0.05,33.94,16.2,8.3,8.2,34.0,23.1,2017
942,V.N. Karazin Kharkiv National University,15778,0.1,0.25,33.93,21.2,8.3,2.4,32.4,50.8,2017
943,VIT University,29572,0.2,0.02,33.92,15.0,7.7,7.3,33.4,20.3,2017
944,VSB - Technical University of Ostrava,20191,0.25,0.07,33.9,15.6,11.7,20.8,37.9,27.1,2017
945,University of West Bohemia,14067,0.2,0.03,33.89,15.8,11.1,19.8,35.9,24.5,2017
946,Wuhan University of Technology,50753,0.15,0.03,33.88,18.3,11.1,15.8,59.2,16.5,2017
947,Xiangtan University,28407,0.2,0.01,33.87,13.3,8.9,31.5,36.4,14.6,2017
948,Xidian University,32064,0.17,0.02,33.85,17.5,13.4,12.4,78.2,14.5,2017
949,Yamaguchi University,10573,0.11,0.03,33.84,21.5,11.5,11.9,41.0,20.3,2017
950,Yazd University,12500,0.32,0.0,33.83,28.0,10.8,14.4,34.2,15.5,2017
951,Yokohama National University,10124,0.13,0.07,33.82,20.9,17.2,11.9,45.4,23.1,2017
952,Universidad Autónoma de Yucatán,15271,0.11,0.0,33.8,19.0,6.9,12.0,32.9,27.5,2017
953,Yıldız Technical University,34417,0.28,0.04,33.79,13.6,8.1,22.5,44.7,18.5,2017
954,University of Zagreb,67332,0.18,0.01,33.78,20.4,11.6,17.1,44.6,25.4,2017
955,University of Zanjan,9444,0.24,0.0,33.77,12.5,8.5,7.7,34.3,15.3,2017
956,University of Łódź,36400,0.16,0.02,33.75,15.9,8.3,14.1,32.3,21.5,2017
